order_id,user_id,order_date,total_amount,category,status,payment_method,shipping_country
ORD-00000001,USR-000117,2025-07-22,102.72,home,delivered,paypal,FR
ORD-00000002,USR-000660,2025-02-06,34.17,home,shipped,card,FR
ORD-00000003,USR-000758,2025-10-10,48.21,sports,returned,card,CA
ORD-00000004,USR-000789,2025-07-28,21.77,toys,delivered,card,CA
ORD-00000005,USR-000141,2026-02-03,35.4,apparel,cancelled,apple_pay,DE
ORD-00000006,USR-000916,2025-01-06,33.74,sports,delivered,apple_pay,CA
ORD-00000007,USR-000076,2024-12-20,55.17,apparel,returned,cod,CA
ORD-00000008,USR-000620,2025-03-28,21.62,electronics,delivered,card,UK
ORD-00000009,USR-000144,2026-01-25,40.87,sports,returned,apple_pay,US
ORD-00000010,USR-000776,2024-10-11,38.92,sports,returned,cod,US
ORD-00000011,USR-000522,2024-12-31,24.3,electronics,shipped,cod,CA
ORD-00000012,USR-000443,2025-11-07,43.47,toys,cancelled,card,US
ORD-00000013,USR-000747,2024-11-25,114.09,toys,shipped,cod,DE
ORD-00000014,USR-000177,2025-07-21,28.09,sports,returned,cod,FR
ORD-00000015,USR-000851,2026-05-09,33.02,toys,returned,card,DE
ORD-00000016,USR-000837,2025-11-25,18.94,toys,delivered,cod,UK
ORD-00000017,USR-000595,2026-05-08,41.47,books,delivered,paypal,UK
ORD-00000018,USR-000350,2025-02-17,32.56,electronics,returned,apple_pay,FR
ORD-00000019,USR-000857,2025-12-28,24.37,books,shipped,apple_pay,FR
ORD-00000020,USR-000026,2026-01-21,8.11,apparel,returned,apple_pay,DE
ORD-00000021,USR-000565,2025-03-03,30.93,electronics,cancelled,cod,UK
ORD-00000022,USR-000821,2025-03-03,8.61,apparel,delivered,apple_pay,FR
ORD-00000023,USR-000439,2025-07-26,20.61,toys,shipped,apple_pay,UK
ORD-00000024,USR-000609,2024-12-03,33.09,sports,returned,apple_pay,DE
ORD-00000025,USR-000051,2025-08-22,37.52,electronics,shipped,card,US
ORD-00000026,USR-000105,2025-08-04,34.0,toys,delivered,card,FR
ORD-00000027,USR-000401,2025-10-20,13.06,apparel,returned,apple_pay,CA
ORD-00000028,USR-000186,2024-12-13,21.33,apparel,delivered,cod,CA
ORD-00000029,USR-000908,2025-03-02,24.48,electronics,cancelled,paypal,DE
ORD-00000030,USR-000667,2025-06-24,32.91,toys,returned,apple_pay,CA
ORD-00000031,USR-000481,2025-12-15,51.13,toys,delivered,apple_pay,UK
ORD-00000032,USR-000401,2025-12-22,18.75,sports,cancelled,card,DE
ORD-00000033,USR-000556,2026-06-13,19.33,home,shipped,apple_pay,UK
ORD-00000034,USR-000742,2024-10-02,10.56,sports,returned,apple_pay,FR
ORD-00000035,USR-000204,2025-03-23,117.55,books,shipped,apple_pay,FR
ORD-00000036,USR-000760,2025-06-02,86.74,home,returned,paypal,DE
ORD-00000037,USR-000853,2025-05-21,24.25,sports,cancelled,apple_pay,CA
ORD-00000038,USR-000158,2025-05-18,22.78,sports,delivered,apple_pay,CA
ORD-00000039,USR-000163,2025-09-27,62.7,books,shipped,apple_pay,UK
ORD-00000040,USR-000250,2025-10-04,7.65,home,delivered,paypal,FR
ORD-00000041,USR-000276,2025-02-14,21.27,apparel,delivered,cod,CA
ORD-00000042,USR-000288,2026-05-03,28.64,apparel,returned,cod,CA
ORD-00000043,USR-000937,2025-12-18,67.35,home,cancelled,card,CA
ORD-00000044,USR-000576,2025-05-09,9.15,home,delivered,apple_pay,US
ORD-00000045,USR-000693,2025-01-14,5.72,apparel,cancelled,apple_pay,US
ORD-00000046,USR-000674,2025-06-17,10.34,home,shipped,apple_pay,CA
ORD-00000047,USR-000906,2026-07-20,40.79,toys,shipped,paypal,DE
ORD-00000048,USR-000636,2026-05-04,33.12,electronics,shipped,apple_pay,FR
ORD-00000049,USR-000030,2024-12-25,21.21,sports,cancelled,paypal,FR
ORD-00000050,USR-000445,2025-05-09,47.46,electronics,cancelled,card,US
ORD-00000051,USR-000537,2026-04-01,19.86,electronics,cancelled,apple_pay,UK
ORD-00000052,USR-000351,2024-11-11,51.28,sports,delivered,card,FR
ORD-00000053,USR-000238,2026-07-22,19.51,toys,cancelled,apple_pay,UK
ORD-00000054,USR-000321,2025-10-24,36.37,sports,delivered,cod,CA
ORD-00000055,USR-000486,2026-05-26,21.62,sports,cancelled,cod,US
ORD-00000056,USR-000864,2026-07-04,16.15,sports,shipped,cod,UK
ORD-00000057,USR-000905,2026-06-05,11.45,apparel,returned,cod,CA
ORD-00000058,USR-000015,2025-09-10,121.0,sports,shipped,card,FR
ORD-00000059,USR-000853,2025-08-21,22.56,electronics,cancelled,card,DE
ORD-00000060,USR-000763,2026-02-22,24.35,home,delivered,apple_pay,FR
ORD-00000061,USR-000842,2025-09-24,27.84,electronics,returned,cod,CA
ORD-00000062,USR-000693,2025-10-20,26.68,apparel,cancelled,apple_pay,US
ORD-00000063,USR-000674,2024-12-15,18.27,electronics,cancelled,paypal,DE
ORD-00000064,USR-000305,2026-07-27,7.85,electronics,shipped,paypal,US
ORD-00000065,USR-000253,2024-12-14,14.07,home,returned,cod,DE
ORD-00000066,USR-000190,2024-10-07,28.12,toys,cancelled,apple_pay,FR
ORD-00000067,USR-000025,2024-12-03,54.8,electronics,delivered,paypal,UK
ORD-00000068,USR-000255,2025-05-31,20.09,electronics,delivered,card,CA
ORD-00000069,USR-000681,2025-03-27,75.17,apparel,delivered,apple_pay,US
ORD-00000070,USR-000418,2026-06-07,8.85,toys,returned,paypal,DE
ORD-00000071,USR-000925,2026-01-12,40.99,apparel,returned,paypal,CA
ORD-00000072,USR-000522,2025-09-17,10.86,toys,delivered,card,FR
ORD-00000073,USR-000501,2025-05-02,10.44,electronics,delivered,paypal,DE
ORD-00000074,USR-000581,2025-07-23,19.79,sports,returned,card,US
ORD-00000075,USR-000368,2024-09-01,10.01,sports,returned,card,DE
ORD-00000076,USR-000659,2026-07-10,4.62,toys,delivered,apple_pay,CA
ORD-00000077,USR-000058,2025-05-19,15.92,apparel,shipped,card,CA
ORD-00000078,USR-000795,2024-12-10,48.5,books,shipped,cod,FR
ORD-00000079,USR-000628,2025-04-02,42.55,home,returned,cod,DE
ORD-00000080,USR-000049,2026-04-12,5.9,home,delivered,paypal,UK
ORD-00000081,USR-000418,2024-10-21,36.98,home,cancelled,card,FR
ORD-00000082,USR-000729,2025-01-01,34.93,sports,delivered,card,US
ORD-00000083,USR-000910,2025-03-27,12.39,electronics,returned,paypal,US
ORD-00000084,USR-000050,2024-11-11,46.98,electronics,shipped,apple_pay,DE
ORD-00000085,USR-000062,2026-07-16,12.23,electronics,delivered,card,CA
ORD-00000086,USR-000549,2025-08-13,30.8,electronics,shipped,card,FR
ORD-00000087,USR-000758,2025-03-06,6.34,toys,returned,card,DE
ORD-00000088,USR-000228,2025-01-22,22.14,books,delivered,cod,CA
ORD-00000089,USR-000756,2025-12-12,21.21,toys,cancelled,cod,DE
ORD-00000090,USR-000494,2026-03-14,20.26,toys,delivered,card,DE
ORD-00000091,USR-000936,2024-12-20,12.1,apparel,cancelled,card,CA
ORD-00000092,USR-000222,2026-06-06,22.08,apparel,delivered,card,FR
ORD-00000093,USR-000272,2025-02-09,41.06,home,cancelled,cod,FR
ORD-00000094,USR-000484,2026-01-19,12.04,home,returned,card,FR
ORD-00000095,USR-000191,2024-10-19,21.95,electronics,returned,cod,US
ORD-00000096,USR-000705,2024-12-08,45.35,sports,shipped,cod,CA
ORD-00000097,USR-000599,2026-05-17,20.17,toys,returned,cod,DE
ORD-00000098,USR-000557,2024-11-12,19.95,apparel,shipped,cod,UK
ORD-00000099,USR-000843,2024-09-08,6.15,toys,cancelled,cod,US
ORD-00000100,USR-000310,2025-02-03,16.44,sports,shipped,cod,DE
ORD-00000101,USR-000210,2024-09-11,45.99,apparel,cancelled,paypal,US
ORD-00000102,USR-000384,2026-07-25,11.33,apparel,returned,cod,CA
ORD-00000103,USR-000909,2025-09-07,48.83,apparel,cancelled,cod,UK
ORD-00000104,USR-000387,2025-08-08,27.3,books,returned,card,CA
ORD-00000105,USR-000387,2025-11-25,32.42,electronics,delivered,card,UK
ORD-00000106,USR-000555,2024-11-28,8.49,toys,shipped,cod,CA
ORD-00000107,USR-000707,2025-07-25,27.45,electronics,delivered,paypal,DE
ORD-00000108,USR-000958,2025-11-02,11.1,electronics,cancelled,card,US
ORD-00000109,USR-000930,2025-12-02,15.57,toys,shipped,card,US
ORD-00000110,USR-000557,2025-06-19,22.95,electronics,cancelled,cod,US
ORD-00000111,USR-000532,2026-03-14,16.37,apparel,returned,cod,US
ORD-00000112,USR-000869,2025-07-15,44.3,sports,cancelled,cod,UK
ORD-00000113,USR-000596,2025-01-05,35.35,apparel,cancelled,paypal,CA
ORD-00000114,USR-000110,2024-12-26,24.21,books,returned,apple_pay,DE
ORD-00000115,USR-000365,2024-10-18,25.08,books,delivered,card,DE
ORD-00000116,USR-000079,2024-12-09,23.94,toys,cancelled,cod,CA
ORD-00000117,USR-000097,2026-02-04,7.33,home,cancelled,cod,CA
ORD-00000118,USR-000763,2024-09-13,52.04,sports,cancelled,cod,CA
ORD-00000119,USR-000500,2025-10-27,67.24,apparel,shipped,card,DE
ORD-00000120,USR-000544,2026-05-10,10.06,toys,shipped,card,DE
ORD-00000121,USR-000228,2025-07-21,79.5,sports,delivered,paypal,US
ORD-00000122,USR-000482,2024-10-05,32.76,home,delivered,card,UK
ORD-00000123,USR-000706,2025-07-29,27.93,sports,shipped,apple_pay,UK
ORD-00000124,USR-000381,2026-05-18,25.24,electronics,cancelled,cod,CA
ORD-00000125,USR-000697,2025-12-19,32.57,apparel,shipped,cod,UK
ORD-00000126,USR-000751,2026-06-30,9.77,electronics,cancelled,apple_pay,US
ORD-00000127,USR-000449,2025-02-12,38.95,home,delivered,apple_pay,DE
ORD-00000128,USR-000889,2024-10-29,21.85,apparel,shipped,paypal,DE
ORD-00000129,USR-000831,2026-01-28,18.29,home,cancelled,apple_pay,US
ORD-00000130,USR-000845,2024-10-21,5.25,home,cancelled,paypal,US
ORD-00000131,USR-000322,2025-10-17,13.58,books,shipped,card,DE
ORD-00000132,USR-000613,2025-05-13,17.2,home,delivered,cod,UK
ORD-00000133,USR-000372,2025-09-23,72.98,sports,shipped,apple_pay,US
ORD-00000134,USR-000576,2026-04-27,107.66,sports,returned,paypal,UK
ORD-00000135,USR-000667,2026-07-18,20.11,apparel,shipped,paypal,FR
ORD-00000136,USR-000482,2025-09-18,12.84,apparel,returned,paypal,US
ORD-00000137,USR-000491,2026-03-25,46.62,apparel,shipped,apple_pay,CA
ORD-00000138,USR-000667,2024-09-26,15.25,home,delivered,paypal,US
ORD-00000139,USR-000422,2024-11-28,32.35,toys,shipped,cod,UK
ORD-00000140,USR-000316,2025-08-14,28.54,home,cancelled,apple_pay,CA
ORD-00000141,USR-000304,2026-07-26,49.41,home,shipped,card,CA
ORD-00000142,USR-000710,2026-08-03,6.16,home,delivered,apple_pay,DE
ORD-00000143,USR-000422,2026-02-06,4.51,apparel,delivered,cod,US
ORD-00000144,USR-000345,2025-04-21,21.37,books,cancelled,card,UK
ORD-00000145,USR-000507,2026-03-08,15.33,books,delivered,paypal,DE
ORD-00000146,USR-000040,2025-04-10,6.83,electronics,cancelled,apple_pay,US
ORD-00000147,USR-000701,2026-06-01,29.07,electronics,returned,card,US
ORD-00000148,USR-000028,2025-02-15,31.56,home,cancelled,paypal,FR
ORD-00000149,USR-000608,2025-05-07,50.58,sports,returned,cod,FR
ORD-00000150,USR-000680,2025-05-29,60.9,electronics,shipped,apple_pay,CA
ORD-00000151,USR-000238,2025-03-08,25.77,home,delivered,card,FR
ORD-00000152,USR-000802,2025-12-20,53.59,apparel,shipped,apple_pay,CA
ORD-00000153,USR-000288,2025-11-14,90.55,home,delivered,cod,DE
ORD-00000154,USR-000690,2026-06-06,5.39,home,returned,paypal,CA
ORD-00000155,USR-000826,2026-04-19,14.91,books,shipped,paypal,UK
ORD-00000156,USR-000214,2025-12-28,23.65,toys,returned,cod,FR
ORD-00000157,USR-000261,2024-09-16,43.17,home,cancelled,paypal,UK
ORD-00000158,USR-000256,2026-05-12,34.18,books,shipped,apple_pay,UK
ORD-00000159,USR-000022,2024-09-11,22.74,apparel,cancelled,paypal,FR
ORD-00000160,USR-000649,2025-07-11,67.75,books,cancelled,apple_pay,DE
ORD-00000161,USR-000864,2026-05-01,37.73,books,returned,apple_pay,UK
ORD-00000162,USR-000215,2025-09-13,19.38,sports,returned,apple_pay,US
ORD-00000163,USR-000265,2026-01-07,18.99,books,shipped,card,US
ORD-00000164,USR-000781,2026-07-21,32.08,home,shipped,cod,CA
ORD-00000165,USR-000957,2025-11-02,16.81,toys,returned,cod,FR
ORD-00000166,USR-000986,2024-12-06,21.22,books,cancelled,cod,US
ORD-00000167,USR-000419,2026-05-01,38.27,toys,delivered,cod,FR
ORD-00000168,USR-000053,2026-05-19,12.5,sports,delivered,card,US
ORD-00000169,USR-000987,2025-07-19,114.58,home,returned,card,UK
ORD-00000170,USR-000402,2026-01-22,23.65,sports,cancelled,card,UK
ORD-00000171,USR-000079,2026-01-06,27.22,apparel,delivered,cod,DE
ORD-00000172,USR-000679,2024-09-11,13.87,toys,shipped,paypal,UK
ORD-00000173,USR-000711,2026-06-03,35.48,sports,cancelled,card,UK
ORD-00000174,USR-000332,2025-04-10,17.55,toys,shipped,cod,UK
ORD-00000175,USR-000319,2025-02-05,36.86,electronics,returned,card,DE
ORD-00000176,USR-000852,2026-01-14,44.32,home,returned,card,UK
ORD-00000177,USR-000982,2024-11-02,62.53,toys,returned,cod,CA
ORD-00000178,USR-000774,2024-11-30,10.2,books,delivered,cod,CA
ORD-00000179,USR-000530,2026-02-18,37.07,toys,returned,card,DE
ORD-00000180,USR-000201,2026-07-09,17.69,apparel,delivered,card,US
ORD-00000181,USR-000871,2024-12-09,43.19,books,returned,apple_pay,US
ORD-00000182,USR-000991,2025-02-20,69.91,apparel,cancelled,apple_pay,CA
ORD-00000183,USR-000929,2025-03-04,111.6,sports,cancelled,cod,DE
ORD-00000184,USR-000050,2026-02-28,52.85,sports,shipped,card,CA
ORD-00000185,USR-000766,2026-03-22,21.65,toys,cancelled,paypal,FR
ORD-00000186,USR-000265,2026-06-18,14.41,sports,shipped,paypal,US
ORD-00000187,USR-000551,2025-11-08,13.74,toys,returned,card,DE
ORD-00000188,USR-000732,2025-02-04,22.66,apparel,returned,apple_pay,UK
ORD-00000189,USR-000888,2024-08-17,17.85,sports,shipped,cod,CA
ORD-00000190,USR-000398,2025-10-03,14.82,books,cancelled,card,FR
ORD-00000191,USR-000629,2025-09-11,72.41,books,returned,cod,UK
ORD-00000192,USR-000803,2025-04-06,23.99,home,cancelled,apple_pay,CA
ORD-00000193,USR-000964,2026-03-02,14.61,home,shipped,apple_pay,CA
ORD-00000194,USR-000457,2025-07-17,100.52,apparel,shipped,cod,DE
ORD-00000195,USR-000477,2025-06-25,20.42,apparel,cancelled,paypal,US
ORD-00000196,USR-000982,2025-01-28,52.49,home,delivered,apple_pay,FR
ORD-00000197,USR-000456,2025-05-09,19.0,apparel,cancelled,cod,CA
ORD-00000198,USR-000668,2025-12-08,40.54,toys,delivered,apple_pay,US
ORD-00000199,USR-000816,2025-08-23,20.46,toys,shipped,paypal,UK
ORD-00000200,USR-000740,2025-09-23,16.85,home,returned,apple_pay,CA
ORD-00000201,USR-000351,2026-07-10,40.6,sports,returned,card,US
ORD-00000202,USR-000883,2025-03-29,51.6,apparel,delivered,card,US
ORD-00000203,USR-000754,2024-10-05,15.78,toys,cancelled,cod,US
ORD-00000204,USR-000081,2025-01-02,40.93,books,returned,apple_pay,US
ORD-00000205,USR-000089,2024-08-11,29.38,home,shipped,cod,UK
ORD-00000206,USR-000412,2025-06-15,21.57,home,returned,cod,DE
ORD-00000207,USR-000946,2025-05-30,6.24,toys,returned,cod,US
ORD-00000208,USR-000288,2025-07-26,66.17,sports,returned,cod,FR
ORD-00000209,USR-000907,2026-06-13,8.18,toys,cancelled,paypal,UK
ORD-00000210,USR-000414,2024-08-17,15.31,home,delivered,card,UK
ORD-00000211,USR-000736,2025-12-28,14.5,electronics,delivered,paypal,FR
ORD-00000212,USR-000722,2026-04-11,12.76,home,delivered,apple_pay,UK
ORD-00000213,USR-000859,2026-07-10,23.81,books,returned,paypal,CA
ORD-00000214,USR-000069,2025-07-09,15.5,electronics,delivered,cod,DE
ORD-00000215,USR-000034,2025-07-15,17.59,electronics,shipped,card,UK
ORD-00000216,USR-000465,2024-11-15,42.97,electronics,cancelled,cod,UK
ORD-00000217,USR-000886,2025-11-02,18.69,electronics,cancelled,apple_pay,UK
ORD-00000218,USR-000106,2026-01-19,42.03,toys,shipped,cod,CA
ORD-00000219,USR-000859,2025-08-08,20.36,toys,returned,cod,UK
ORD-00000220,USR-000948,2025-02-24,58.92,home,delivered,paypal,US
ORD-00000221,USR-000993,2024-08-18,13.99,books,shipped,card,CA
ORD-00000222,USR-000364,2025-05-27,25.06,sports,cancelled,card,UK
ORD-00000223,USR-000216,2025-03-04,41.32,electronics,delivered,cod,FR
ORD-00000224,USR-000617,2025-12-09,4.58,books,delivered,apple_pay,US
ORD-00000225,USR-000939,2025-04-25,57.93,books,delivered,cod,DE
ORD-00000226,USR-000354,2025-02-07,35.75,books,shipped,card,FR
ORD-00000227,USR-000226,2025-12-17,9.45,books,delivered,card,US
ORD-00000228,USR-000201,2024-12-19,15.3,home,shipped,paypal,UK
ORD-00000229,USR-000937,2024-10-05,6.52,home,returned,paypal,US
ORD-00000230,USR-000861,2026-06-29,97.51,electronics,delivered,apple_pay,CA
ORD-00000231,USR-000484,2025-04-29,48.88,apparel,cancelled,cod,US
ORD-00000232,USR-000202,2025-04-08,15.63,toys,cancelled,apple_pay,CA
ORD-00000233,USR-000870,2025-12-07,16.28,home,cancelled,card,DE
ORD-00000234,USR-000452,2025-04-02,27.66,apparel,delivered,cod,UK
ORD-00000235,USR-000629,2025-08-25,29.23,home,cancelled,cod,DE
ORD-00000236,USR-000760,2025-09-21,50.29,toys,cancelled,apple_pay,UK
ORD-00000237,USR-000123,2024-09-28,91.61,electronics,delivered,paypal,DE
ORD-00000238,USR-000962,2025-11-18,103.24,home,cancelled,paypal,US
ORD-00000239,USR-000427,2025-09-29,19.05,books,delivered,card,DE
ORD-00000240,USR-000996,2026-03-21,16.56,toys,delivered,card,US
ORD-00000241,USR-000917,2025-09-05,40.98,electronics,shipped,apple_pay,CA
ORD-00000242,USR-000820,2026-04-11,39.81,electronics,returned,paypal,CA
ORD-00000243,USR-000704,2026-01-11,15.21,electronics,returned,cod,CA
ORD-00000244,USR-000032,2024-09-01,26.97,sports,delivered,card,US
ORD-00000245,USR-000354,2024-11-13,27.0,toys,cancelled,cod,CA
ORD-00000246,USR-000779,2026-04-12,7.51,apparel,shipped,paypal,CA
ORD-00000247,USR-000032,2025-01-26,18.45,books,cancelled,cod,CA
ORD-00000248,USR-000261,2025-04-25,56.04,apparel,shipped,apple_pay,US
ORD-00000249,USR-000303,2024-09-23,3.3,apparel,cancelled,card,CA
ORD-00000250,USR-000936,2025-12-05,34.02,apparel,returned,card,UK
ORD-00000251,USR-000566,2026-02-24,42.1,sports,cancelled,apple_pay,DE
ORD-00000252,USR-000270,2026-05-11,18.17,toys,cancelled,card,FR
ORD-00000253,USR-000024,2026-08-03,17.85,books,cancelled,cod,DE
ORD-00000254,USR-000987,2025-11-14,32.57,apparel,returned,apple_pay,UK
ORD-00000255,USR-000442,2024-12-24,39.26,books,returned,cod,DE
ORD-00000256,USR-000356,2025-11-05,16.5,toys,delivered,cod,CA
ORD-00000257,USR-000907,2026-06-15,13.52,home,returned,apple_pay,DE
ORD-00000258,USR-000925,2026-01-27,29.26,apparel,shipped,apple_pay,US
ORD-00000259,USR-000779,2025-04-20,35.06,books,cancelled,paypal,FR
ORD-00000260,USR-000173,2025-02-09,86.27,home,delivered,card,UK
ORD-00000261,USR-000471,2026-07-13,97.45,home,shipped,apple_pay,DE
ORD-00000262,USR-000132,2025-07-20,29.3,apparel,returned,cod,CA
ORD-00000263,USR-000655,2025-12-04,7.22,toys,shipped,paypal,DE
ORD-00000264,USR-000506,2026-03-11,18.01,toys,returned,apple_pay,DE
ORD-00000265,USR-000706,2025-02-16,39.43,electronics,cancelled,paypal,CA
ORD-00000266,USR-000539,2025-04-11,13.49,electronics,cancelled,paypal,US
ORD-00000267,USR-000448,2025-12-31,65.67,sports,cancelled,cod,DE
ORD-00000268,USR-000929,2025-07-29,19.78,apparel,returned,apple_pay,UK
ORD-00000269,USR-000821,2025-10-25,27.64,home,cancelled,apple_pay,FR
ORD-00000270,USR-000487,2024-10-05,19.77,home,shipped,card,DE
ORD-00000271,USR-000331,2024-12-03,45.94,electronics,returned,apple_pay,FR
ORD-00000272,USR-000726,2026-06-18,22.86,toys,delivered,apple_pay,FR
ORD-00000273,USR-000396,2024-09-24,11.69,apparel,delivered,cod,DE
ORD-00000274,USR-000264,2026-07-16,18.7,sports,cancelled,apple_pay,US
ORD-00000275,USR-000786,2025-09-07,15.26,home,delivered,cod,DE
ORD-00000276,USR-000543,2026-04-02,28.67,toys,delivered,card,FR
ORD-00000277,USR-000979,2025-04-03,6.44,electronics,delivered,card,DE
ORD-00000278,USR-000804,2025-01-01,38.92,sports,shipped,paypal,UK
ORD-00000279,USR-000149,2025-11-22,13.14,books,shipped,apple_pay,FR
ORD-00000280,USR-000172,2026-02-11,23.53,apparel,cancelled,cod,US
ORD-00000281,USR-000978,2025-02-07,6.25,books,delivered,apple_pay,US
ORD-00000282,USR-000813,2025-12-19,26.29,home,shipped,cod,CA
ORD-00000283,USR-000384,2026-07-20,51.82,sports,returned,card,UK
ORD-00000284,USR-000335,2024-10-23,15.0,apparel,cancelled,paypal,FR
ORD-00000285,USR-000158,2024-12-17,60.94,home,returned,paypal,DE
ORD-00000286,USR-000140,2025-04-10,10.88,electronics,returned,apple_pay,FR
ORD-00000287,USR-000588,2025-08-28,6.62,electronics,cancelled,cod,DE
ORD-00000288,USR-000757,2026-01-10,39.61,books,cancelled,card,CA
ORD-00000289,USR-000088,2025-10-24,81.19,toys,shipped,paypal,US
ORD-00000290,USR-000690,2025-04-28,24.4,home,shipped,card,CA
ORD-00000291,USR-000396,2025-04-09,14.65,books,cancelled,cod,DE
ORD-00000292,USR-000657,2026-03-26,25.03,sports,delivered,cod,FR
ORD-00000293,USR-000625,2024-12-28,23.67,toys,delivered,card,DE
ORD-00000294,USR-000495,2025-07-19,20.87,books,cancelled,apple_pay,US
ORD-00000295,USR-000813,2025-10-21,8.52,home,shipped,card,DE
ORD-00000296,USR-000940,2025-07-22,13.63,books,shipped,apple_pay,FR
ORD-00000297,USR-000488,2025-09-05,14.98,home,returned,apple_pay,FR
ORD-00000298,USR-000920,2025-08-16,11.47,home,shipped,apple_pay,CA
ORD-00000299,USR-000785,2024-10-06,21.02,sports,delivered,apple_pay,DE
ORD-00000300,USR-000820,2026-01-09,115.89,toys,delivered,apple_pay,FR
ORD-00000301,USR-000880,2025-08-19,62.21,toys,shipped,apple_pay,US
ORD-00000302,USR-000355,2024-09-08,10.43,sports,delivered,card,US
ORD-00000303,USR-000113,2025-05-30,12.45,home,returned,cod,CA
ORD-00000304,USR-000785,2024-10-04,17.53,toys,cancelled,cod,CA
ORD-00000305,USR-000178,2025-10-01,18.56,books,cancelled,cod,UK
ORD-00000306,USR-000107,2026-07-09,15.56,toys,returned,apple_pay,US
ORD-00000307,USR-000403,2026-05-25,34.05,home,returned,paypal,FR
ORD-00000308,USR-000682,2025-09-16,18.3,electronics,cancelled,apple_pay,UK
ORD-00000309,USR-000566,2025-03-04,99.54,home,returned,apple_pay,DE
ORD-00000310,USR-000371,2025-03-17,21.88,books,cancelled,card,CA
ORD-00000311,USR-000421,2025-07-21,14.77,toys,cancelled,cod,US
ORD-00000312,USR-000308,2026-03-09,18.29,sports,delivered,apple_pay,DE
ORD-00000313,USR-000686,2024-10-08,36.09,toys,shipped,apple_pay,US
ORD-00000314,USR-000570,2025-11-19,18.8,home,delivered,paypal,DE
ORD-00000315,USR-000962,2026-08-04,9.88,sports,delivered,card,DE
ORD-00000316,USR-000027,2026-02-18,13.92,toys,delivered,card,DE
ORD-00000317,USR-000768,2025-03-10,9.93,books,cancelled,card,DE
ORD-00000318,USR-000557,2025-07-11,20.06,books,cancelled,apple_pay,US
ORD-00000319,USR-000408,2026-05-24,43.58,toys,cancelled,paypal,FR
ORD-00000320,USR-000790,2026-06-14,57.06,sports,returned,paypal,UK
ORD-00000321,USR-000203,2025-07-11,48.42,electronics,cancelled,apple_pay,FR
ORD-00000322,USR-000609,2025-05-25,19.74,sports,shipped,paypal,FR
ORD-00000323,USR-000552,2025-08-23,5.19,electronics,shipped,apple_pay,US
ORD-00000324,USR-000772,2025-11-17,18.41,sports,cancelled,paypal,DE
ORD-00000325,USR-000651,2025-04-14,13.56,sports,returned,paypal,UK
ORD-00000326,USR-000492,2025-04-13,62.45,sports,returned,card,UK
ORD-00000327,USR-000533,2026-01-17,44.67,sports,shipped,apple_pay,DE
ORD-00000328,USR-000864,2025-12-10,10.26,sports,delivered,paypal,UK
ORD-00000329,USR-000186,2025-03-24,7.64,books,cancelled,card,CA
ORD-00000330,USR-000908,2026-03-09,25.37,sports,returned,card,US
ORD-00000331,USR-000830,2026-04-29,14.66,electronics,shipped,card,UK
ORD-00000332,USR-000642,2025-03-03,32.44,electronics,returned,card,US
ORD-00000333,USR-000600,2026-06-29,23.66,books,shipped,apple_pay,FR
ORD-00000334,USR-000886,2025-01-24,43.23,home,cancelled,cod,UK
ORD-00000335,USR-000717,2024-12-07,14.18,home,cancelled,apple_pay,US
ORD-00000336,USR-000113,2025-07-14,27.75,toys,cancelled,card,CA
ORD-00000337,USR-000392,2025-05-01,45.73,apparel,cancelled,paypal,US
ORD-00000338,USR-000212,2024-10-07,29.36,books,delivered,paypal,DE
ORD-00000339,USR-000858,2026-07-10,63.35,home,delivered,apple_pay,DE
ORD-00000340,USR-000962,2026-01-20,10.85,electronics,shipped,card,US
ORD-00000341,USR-000268,2025-03-31,31.72,electronics,cancelled,apple_pay,US
ORD-00000342,USR-000921,2025-04-30,13.56,electronics,shipped,cod,US
ORD-00000343,USR-000201,2025-07-19,22.81,toys,delivered,cod,DE
ORD-00000344,USR-000446,2024-09-14,8.76,sports,returned,paypal,FR
ORD-00000345,USR-000383,2024-10-08,8.74,sports,delivered,cod,CA
ORD-00000346,USR-000982,2025-11-20,14.16,books,returned,card,UK
ORD-00000347,USR-000106,2026-03-27,24.69,electronics,delivered,paypal,CA
ORD-00000348,USR-000397,2026-07-29,81.32,sports,cancelled,cod,DE
ORD-00000349,USR-000306,2024-12-04,7.3,sports,delivered,apple_pay,CA
ORD-00000350,USR-000624,2025-05-28,35.02,home,delivered,cod,US
ORD-00000351,USR-000235,2026-02-11,17.03,toys,delivered,cod,US
ORD-00000352,USR-000127,2025-09-24,31.16,home,delivered,paypal,DE
ORD-00000353,USR-000558,2024-10-06,12.11,apparel,returned,apple_pay,CA
ORD-00000354,USR-000121,2024-09-18,12.28,sports,shipped,apple_pay,CA
ORD-00000355,USR-000412,2025-05-03,37.09,apparel,returned,card,FR
ORD-00000356,USR-000725,2025-07-03,25.0,home,delivered,paypal,FR
ORD-00000357,USR-000238,2026-03-21,30.65,home,shipped,card,US
ORD-00000358,USR-000419,2024-11-25,19.73,home,delivered,cod,UK
ORD-00000359,USR-000347,2024-09-09,54.97,electronics,cancelled,card,US
ORD-00000360,USR-000898,2025-04-03,17.53,home,cancelled,cod,FR
ORD-00000361,USR-000593,2025-05-25,21.99,sports,delivered,cod,US
ORD-00000362,USR-000197,2026-03-27,9.46,sports,delivered,apple_pay,US
ORD-00000363,USR-000133,2025-06-12,19.86,sports,cancelled,paypal,FR
ORD-00000364,USR-000605,2026-02-15,18.49,sports,cancelled,card,FR
ORD-00000365,USR-000465,2025-02-26,41.75,sports,returned,card,US
ORD-00000366,USR-000398,2026-01-11,16.72,toys,returned,paypal,US
ORD-00000367,USR-000655,2025-06-03,91.42,apparel,shipped,paypal,CA
ORD-00000368,USR-000271,2025-05-27,28.96,toys,returned,apple_pay,DE
ORD-00000369,USR-000918,2025-12-22,10.28,home,cancelled,card,FR
ORD-00000370,USR-000311,2025-11-14,34.66,apparel,delivered,apple_pay,DE
ORD-00000371,USR-000021,2025-09-24,51.88,home,cancelled,cod,DE
ORD-00000372,USR-000852,2025-01-01,1.47,sports,returned,apple_pay,DE
ORD-00000373,USR-000371,2024-12-03,9.19,sports,cancelled,cod,CA
ORD-00000374,USR-000525,2025-07-28,28.33,electronics,returned,paypal,UK
ORD-00000375,USR-000520,2025-04-05,60.07,books,delivered,apple_pay,DE
ORD-00000376,USR-000542,2026-03-30,8.7,toys,shipped,cod,US
ORD-00000377,USR-000224,2025-01-08,34.47,books,returned,card,FR
ORD-00000378,USR-000786,2025-08-23,56.58,home,returned,card,CA
ORD-00000379,USR-000584,2026-01-20,38.36,electronics,returned,paypal,DE
ORD-00000380,USR-000480,2025-01-19,59.64,sports,delivered,card,US
ORD-00000381,USR-000970,2025-11-29,22.24,home,delivered,paypal,FR
ORD-00000382,USR-000612,2025-02-16,21.78,apparel,returned,paypal,UK
ORD-00000383,USR-000207,2025-02-06,14.88,electronics,delivered,paypal,CA
ORD-00000384,USR-000632,2024-11-29,28.2,home,returned,card,DE
ORD-00000385,USR-000834,2026-04-22,53.5,apparel,returned,apple_pay,CA
ORD-00000386,USR-000196,2025-08-16,16.23,sports,cancelled,paypal,FR
ORD-00000387,USR-000313,2026-06-19,9.07,electronics,returned,card,US
ORD-00000388,USR-000805,2025-12-22,26.95,sports,cancelled,paypal,US
ORD-00000389,USR-000120,2025-08-09,47.59,apparel,cancelled,paypal,UK
ORD-00000390,USR-000359,2026-06-23,25.42,electronics,returned,cod,UK
ORD-00000391,USR-000994,2025-11-11,12.65,apparel,returned,cod,FR
ORD-00000392,USR-000543,2026-02-03,33.07,sports,delivered,paypal,US
ORD-00000393,USR-000235,2026-06-26,14.44,apparel,returned,card,US
ORD-00000394,USR-000637,2026-03-20,187.43,electronics,shipped,cod,FR
ORD-00000395,USR-000538,2025-06-18,36.43,books,returned,paypal,US
ORD-00000396,USR-000258,2025-03-31,36.56,electronics,delivered,cod,FR
ORD-00000397,USR-000402,2025-02-13,18.95,apparel,shipped,paypal,CA
ORD-00000398,USR-000555,2025-10-28,26.27,apparel,delivered,apple_pay,US
ORD-00000399,USR-000719,2026-06-08,7.65,home,cancelled,card,CA
ORD-00000400,USR-000962,2026-02-21,54.89,apparel,delivered,cod,UK
ORD-00000401,USR-000305,2024-09-02,19.69,sports,cancelled,cod,FR
ORD-00000402,USR-000141,2024-08-23,45.91,apparel,cancelled,cod,DE
ORD-00000403,USR-000135,2024-11-26,47.5,toys,delivered,card,UK
ORD-00000404,USR-000176,2025-09-04,17.21,sports,cancelled,apple_pay,CA
ORD-00000405,USR-000846,2024-10-07,19.38,home,cancelled,paypal,CA
ORD-00000406,USR-000014,2024-09-05,28.2,sports,shipped,paypal,FR
ORD-00000407,USR-000222,2025-01-05,16.14,apparel,returned,card,US
ORD-00000408,USR-000886,2024-12-08,14.58,books,shipped,paypal,CA
ORD-00000409,USR-000411,2025-06-09,23.95,toys,cancelled,card,FR
ORD-00000410,USR-000650,2025-06-03,23.27,apparel,delivered,cod,DE
ORD-00000411,USR-000624,2024-10-12,30.24,electronics,cancelled,card,FR
ORD-00000412,USR-000134,2025-09-21,5.47,home,shipped,paypal,CA
ORD-00000413,USR-000722,2025-08-14,9.32,apparel,cancelled,paypal,DE
ORD-00000414,USR-000600,2025-08-16,19.52,apparel,cancelled,apple_pay,UK
ORD-00000415,USR-000831,2025-05-31,11.14,electronics,returned,card,UK
ORD-00000416,USR-000616,2025-02-11,41.21,sports,cancelled,card,UK
ORD-00000417,USR-000937,2025-12-28,10.32,sports,shipped,cod,CA
ORD-00000418,USR-000395,2026-06-10,8.06,books,shipped,card,CA
ORD-00000419,USR-000308,2025-10-06,35.08,toys,returned,cod,DE
ORD-00000420,USR-000176,2024-09-27,45.51,electronics,cancelled,paypal,UK
ORD-00000421,USR-000881,2026-07-20,25.21,sports,cancelled,cod,US
ORD-00000422,USR-000346,2024-11-21,42.22,books,delivered,paypal,FR
ORD-00000423,USR-000938,2025-08-04,35.21,electronics,cancelled,card,UK
ORD-00000424,USR-000129,2025-07-29,13.55,sports,delivered,card,US
ORD-00000425,USR-000582,2025-06-06,12.92,sports,cancelled,cod,CA
ORD-00000426,USR-000490,2024-08-10,21.26,electronics,returned,cod,CA
ORD-00000427,USR-000129,2026-05-01,16.5,apparel,shipped,cod,FR
ORD-00000428,USR-000237,2025-10-27,35.08,toys,delivered,card,UK
ORD-00000429,USR-000152,2025-03-11,23.46,toys,delivered,cod,CA
ORD-00000430,USR-000840,2026-02-17,14.1,apparel,cancelled,cod,UK
ORD-00000431,USR-000432,2025-04-24,36.8,apparel,delivered,apple_pay,CA
ORD-00000432,USR-000941,2026-02-13,29.09,home,cancelled,cod,UK
ORD-00000433,USR-000168,2024-11-28,10.07,electronics,cancelled,cod,DE
ORD-00000434,USR-000934,2026-03-25,73.24,apparel,cancelled,paypal,FR
ORD-00000435,USR-000021,2025-10-01,37.23,electronics,cancelled,cod,CA
ORD-00000436,USR-000413,2025-04-29,19.68,electronics,shipped,card,FR
ORD-00000437,USR-000039,2025-01-02,47.97,sports,cancelled,cod,DE
ORD-00000438,USR-000070,2025-01-03,84.21,home,shipped,cod,FR
ORD-00000439,USR-000501,2025-04-04,7.79,home,cancelled,apple_pay,US
ORD-00000440,USR-000732,2025-10-09,45.32,electronics,delivered,cod,FR
ORD-00000441,USR-000505,2026-05-21,37.7,toys,delivered,cod,DE
ORD-00000442,USR-000974,2026-07-22,7.42,books,shipped,paypal,UK
ORD-00000443,USR-000979,2024-09-30,11.49,books,delivered,apple_pay,UK
ORD-00000444,USR-000875,2025-10-15,5.17,books,shipped,apple_pay,CA
ORD-00000445,USR-000526,2026-05-01,21.71,home,returned,paypal,CA
ORD-00000446,USR-000848,2026-02-03,51.01,electronics,shipped,card,DE
ORD-00000447,USR-000239,2026-06-02,17.18,toys,shipped,card,CA
ORD-00000448,USR-000236,2025-05-09,22.14,electronics,shipped,apple_pay,DE
ORD-00000449,USR-000956,2025-03-06,10.94,books,cancelled,paypal,DE
ORD-00000450,USR-000162,2025-10-25,12.25,apparel,cancelled,card,DE
ORD-00000451,USR-000050,2026-03-05,7.77,sports,delivered,apple_pay,UK
ORD-00000452,USR-000333,2025-01-10,26.63,books,cancelled,card,UK
ORD-00000453,USR-000156,2024-08-26,7.5,toys,cancelled,apple_pay,DE
ORD-00000454,USR-000313,2026-03-30,6.91,electronics,cancelled,apple_pay,US
ORD-00000455,USR-000135,2024-09-12,15.8,apparel,returned,card,FR
ORD-00000456,USR-000094,2026-02-08,51.65,toys,shipped,apple_pay,FR
ORD-00000457,USR-000985,2026-05-15,7.08,apparel,returned,card,UK
ORD-00000458,USR-000709,2024-09-09,24.2,home,returned,card,DE
ORD-00000459,USR-000443,2025-06-24,37.8,books,shipped,apple_pay,DE
ORD-00000460,USR-000252,2026-02-10,11.32,apparel,cancelled,cod,CA
ORD-00000461,USR-000324,2026-06-01,13.38,books,returned,apple_pay,DE
ORD-00000462,USR-000610,2025-03-21,14.38,home,shipped,paypal,DE
ORD-00000463,USR-000025,2024-08-22,66.83,toys,delivered,card,US
ORD-00000464,USR-000081,2025-01-16,21.99,apparel,shipped,paypal,DE
ORD-00000465,USR-000852,2026-08-02,25.34,apparel,shipped,card,UK
ORD-00000466,USR-000819,2026-06-04,62.42,apparel,returned,paypal,FR
ORD-00000467,USR-000536,2025-02-17,22.89,home,delivered,apple_pay,DE
ORD-00000468,USR-000954,2024-11-01,38.56,sports,cancelled,cod,FR
ORD-00000469,USR-000550,2026-02-02,40.49,electronics,delivered,card,DE
ORD-00000470,USR-000973,2024-08-14,10.95,apparel,delivered,apple_pay,DE
ORD-00000471,USR-000159,2025-09-12,32.89,home,returned,apple_pay,US
ORD-00000472,USR-000478,2026-04-26,26.3,toys,delivered,paypal,US
ORD-00000473,USR-000788,2025-01-02,19.79,books,cancelled,card,UK
ORD-00000474,USR-000355,2026-06-17,12.69,apparel,cancelled,cod,DE
ORD-00000475,USR-000270,2026-07-11,96.97,sports,returned,cod,UK
ORD-00000476,USR-000071,2025-01-17,47.84,sports,delivered,card,DE
ORD-00000477,USR-000312,2026-04-26,20.42,toys,cancelled,cod,CA
ORD-00000478,USR-000311,2026-04-24,7.33,books,delivered,cod,CA
ORD-00000479,USR-000603,2025-01-20,10.35,home,returned,apple_pay,CA
ORD-00000480,USR-000246,2025-10-19,73.38,sports,shipped,card,CA
ORD-00000481,USR-000102,2025-05-10,15.38,sports,delivered,paypal,DE
ORD-00000482,USR-000111,2024-10-22,17.43,toys,shipped,card,US
ORD-00000483,USR-000148,2025-08-01,18.13,home,cancelled,apple_pay,UK
ORD-00000484,USR-000025,2024-09-29,25.39,apparel,shipped,cod,DE
ORD-00000485,USR-000647,2024-08-29,22.1,sports,shipped,apple_pay,DE
ORD-00000486,USR-000100,2026-02-09,21.5,home,shipped,paypal,US
ORD-00000487,USR-000029,2025-11-16,16.54,home,shipped,card,DE
ORD-00000488,USR-000709,2025-07-04,53.94,sports,returned,apple_pay,UK
ORD-00000489,USR-000424,2024-10-23,35.19,books,returned,paypal,UK
ORD-00000490,USR-000103,2024-10-24,27.95,electronics,shipped,apple_pay,CA
ORD-00000491,USR-000464,2025-02-28,60.75,apparel,delivered,paypal,CA
ORD-00000492,USR-000256,2026-01-25,18.81,apparel,shipped,apple_pay,US
ORD-00000493,USR-000676,2025-06-02,17.1,apparel,cancelled,card,FR
ORD-00000494,USR-000872,2025-05-16,48.43,books,delivered,apple_pay,US
ORD-00000495,USR-000423,2025-12-21,21.71,books,delivered,paypal,CA
ORD-00000496,USR-000594,2025-09-21,9.51,home,cancelled,cod,FR
ORD-00000497,USR-000035,2026-06-10,28.86,electronics,returned,card,UK
ORD-00000498,USR-000144,2024-12-24,22.61,books,cancelled,apple_pay,UK
ORD-00000499,USR-000160,2026-01-14,9.88,sports,shipped,card,CA
ORD-00000500,USR-000890,2025-12-13,22.51,home,cancelled,card,CA
ORD-00000501,USR-000966,2026-05-11,9.0,toys,shipped,cod,DE
ORD-00000502,USR-000647,2026-07-05,27.64,home,delivered,paypal,FR
ORD-00000503,USR-000419,2024-11-11,33.74,apparel,shipped,apple_pay,DE
ORD-00000504,USR-000980,2025-08-29,39.36,home,returned,cod,FR
ORD-00000505,USR-000566,2024-08-31,31.74,apparel,delivered,paypal,UK
ORD-00000506,USR-000081,2026-03-24,17.67,apparel,delivered,card,FR
ORD-00000507,USR-000649,2025-03-07,33.4,home,delivered,cod,FR
ORD-00000508,USR-000685,2025-11-07,10.3,apparel,cancelled,card,DE
ORD-00000509,USR-000465,2026-04-16,5.96,books,returned,paypal,US
ORD-00000510,USR-000023,2026-07-29,15.0,home,returned,apple_pay,UK
ORD-00000511,USR-000486,2025-01-12,21.12,sports,cancelled,card,DE
ORD-00000512,USR-000744,2025-04-28,17.14,sports,cancelled,apple_pay,FR
ORD-00000513,USR-000643,2026-06-12,83.7,books,returned,card,FR
ORD-00000514,USR-000966,2025-11-30,10.71,toys,shipped,cod,FR
ORD-00000515,USR-000296,2026-07-27,20.82,apparel,returned,card,CA
ORD-00000516,USR-000172,2024-09-26,15.46,home,shipped,card,FR
ORD-00000517,USR-000047,2024-09-25,21.41,apparel,delivered,card,FR
ORD-00000518,USR-000618,2025-10-20,20.72,sports,delivered,paypal,UK
ORD-00000519,USR-000232,2026-03-17,20.01,home,delivered,card,UK
ORD-00000520,USR-000452,2026-03-22,14.51,sports,cancelled,cod,FR
ORD-00000521,USR-000836,2025-02-15,25.31,home,delivered,cod,US
ORD-00000522,USR-000920,2025-12-15,33.19,apparel,delivered,card,DE
ORD-00000523,USR-000818,2026-01-12,21.05,sports,returned,paypal,DE
ORD-00000524,USR-000321,2025-04-19,27.91,electronics,shipped,card,DE
ORD-00000525,USR-000541,2025-03-31,37.47,apparel,delivered,apple_pay,FR
ORD-00000526,USR-000025,2026-05-16,15.85,home,cancelled,card,UK
ORD-00000527,USR-000343,2025-04-11,50.74,home,shipped,paypal,CA
ORD-00000528,USR-000682,2025-05-02,32.43,books,returned,apple_pay,UK
ORD-00000529,USR-000963,2026-06-28,9.59,apparel,returned,card,CA
ORD-00000530,USR-000745,2024-10-08,16.08,apparel,delivered,apple_pay,FR
ORD-00000531,USR-000712,2025-09-30,57.77,sports,returned,apple_pay,CA
ORD-00000532,USR-000737,2025-05-01,21.03,toys,returned,cod,CA
ORD-00000533,USR-000107,2025-09-28,27.58,sports,shipped,apple_pay,FR
ORD-00000534,USR-000508,2025-07-30,33.39,electronics,cancelled,cod,UK
ORD-00000535,USR-000994,2025-04-11,79.67,electronics,returned,cod,FR
ORD-00000536,USR-000465,2026-07-13,32.01,apparel,shipped,apple_pay,FR
ORD-00000537,USR-000206,2026-04-28,23.19,sports,delivered,cod,US
ORD-00000538,USR-000375,2026-07-18,15.56,sports,shipped,apple_pay,DE
ORD-00000539,USR-000623,2025-04-28,14.49,apparel,returned,paypal,UK
ORD-00000540,USR-000769,2025-12-05,16.31,electronics,returned,card,US
ORD-00000541,USR-000962,2025-09-26,32.27,apparel,shipped,paypal,UK
ORD-00000542,USR-000678,2025-02-13,5.75,apparel,returned,cod,FR
ORD-00000543,USR-000989,2024-11-24,13.22,books,delivered,apple_pay,US
ORD-00000544,USR-000637,2026-06-18,56.47,apparel,delivered,card,US
ORD-00000545,USR-000803,2024-08-11,54.75,apparel,cancelled,cod,US
ORD-00000546,USR-000426,2024-09-04,7.07,electronics,cancelled,apple_pay,FR
ORD-00000547,USR-000642,2026-02-15,25.03,apparel,shipped,card,US
ORD-00000548,USR-000689,2025-08-11,44.27,toys,shipped,apple_pay,DE
ORD-00000549,USR-000853,2025-12-08,26.91,toys,returned,cod,CA
ORD-00000550,USR-000202,2024-08-09,32.04,apparel,cancelled,apple_pay,FR
ORD-00000551,USR-000128,2025-07-04,22.94,sports,shipped,cod,UK
ORD-00000552,USR-000993,2025-02-04,16.81,books,shipped,paypal,US
ORD-00000553,USR-000791,2026-02-04,16.86,toys,returned,apple_pay,US
ORD-00000554,USR-000493,2025-06-17,16.72,toys,shipped,card,CA
ORD-00000555,USR-000195,2026-04-19,15.78,toys,returned,paypal,DE
ORD-00000556,USR-000519,2026-06-27,28.24,sports,returned,apple_pay,US
ORD-00000557,USR-000857,2024-09-25,16.49,books,delivered,paypal,CA
ORD-00000558,USR-000352,2026-07-07,44.65,books,shipped,cod,FR
ORD-00000559,USR-000267,2024-10-19,34.33,home,shipped,paypal,UK
ORD-00000560,USR-000190,2026-05-11,56.53,home,cancelled,apple_pay,FR
ORD-00000561,USR-000286,2024-09-01,37.17,toys,returned,cod,FR
ORD-00000562,USR-000116,2025-06-01,11.74,books,delivered,apple_pay,FR
ORD-00000563,USR-000512,2025-07-28,20.92,home,cancelled,card,DE
ORD-00000564,USR-000716,2025-07-18,41.22,apparel,shipped,apple_pay,FR
ORD-00000565,USR-000101,2024-11-21,68.31,apparel,returned,paypal,DE
ORD-00000566,USR-000405,2024-09-06,34.62,electronics,cancelled,apple_pay,US
ORD-00000567,USR-000549,2024-09-21,37.77,home,cancelled,cod,DE
ORD-00000568,USR-000789,2025-03-03,13.45,books,shipped,apple_pay,DE
ORD-00000569,USR-000874,2025-06-19,36.62,apparel,shipped,apple_pay,DE
ORD-00000570,USR-000276,2025-03-14,31.07,sports,shipped,cod,DE
ORD-00000571,USR-000013,2025-04-18,11.99,electronics,cancelled,cod,DE
ORD-00000572,USR-000884,2026-06-27,22.37,home,cancelled,paypal,CA
ORD-00000573,USR-000213,2026-01-07,9.86,electronics,delivered,paypal,FR
ORD-00000574,USR-000988,2026-06-26,14.35,toys,shipped,cod,CA
ORD-00000575,USR-000985,2025-08-21,21.76,books,shipped,card,CA
ORD-00000576,USR-000652,2026-03-25,19.14,home,cancelled,apple_pay,CA
ORD-00000577,USR-000189,2024-12-19,9.48,apparel,cancelled,paypal,FR
ORD-00000578,USR-000482,2025-11-02,9.91,sports,shipped,cod,FR
ORD-00000579,USR-000715,2026-07-05,11.57,toys,returned,apple_pay,US
ORD-00000580,USR-000161,2025-11-21,42.78,home,cancelled,card,US
ORD-00000581,USR-000019,2026-03-20,14.73,home,shipped,paypal,DE
ORD-00000582,USR-000899,2025-03-03,6.91,apparel,shipped,cod,US
ORD-00000583,USR-000463,2024-10-16,13.77,apparel,shipped,paypal,US
ORD-00000584,USR-000723,2024-10-11,106.72,toys,shipped,apple_pay,CA
ORD-00000585,USR-000468,2025-04-18,19.0,apparel,returned,paypal,FR
ORD-00000586,USR-000031,2026-04-30,20.74,apparel,returned,cod,FR
ORD-00000587,USR-000395,2025-08-06,52.64,toys,cancelled,card,CA
ORD-00000588,USR-000212,2025-10-21,43.67,home,cancelled,card,US
ORD-00000589,USR-000399,2024-11-20,11.14,books,returned,card,US
ORD-00000590,USR-000703,2025-01-13,26.54,toys,cancelled,card,US
ORD-00000591,USR-000338,2026-05-04,33.24,sports,cancelled,paypal,FR
ORD-00000592,USR-000969,2025-11-22,17.44,books,delivered,paypal,UK
ORD-00000593,USR-000099,2026-02-10,74.05,sports,returned,card,CA
ORD-00000594,USR-000126,2026-04-10,19.22,home,cancelled,paypal,CA
ORD-00000595,USR-000714,2025-07-14,7.43,books,delivered,apple_pay,FR
ORD-00000596,USR-000858,2024-08-14,39.96,electronics,cancelled,apple_pay,US
ORD-00000597,USR-000978,2025-05-12,56.53,sports,returned,paypal,UK
ORD-00000598,USR-000765,2025-12-17,42.73,home,delivered,card,US
ORD-00000599,USR-000119,2025-11-23,42.92,toys,returned,paypal,DE
ORD-00000600,USR-000457,2024-11-19,42.41,electronics,returned,card,CA
ORD-00000601,USR-000085,2025-01-30,4.31,books,delivered,cod,US
ORD-00000602,USR-000857,2026-02-13,25.95,home,shipped,paypal,FR
ORD-00000603,USR-000915,2026-07-13,12.57,home,cancelled,paypal,US
ORD-00000604,USR-000334,2026-08-02,38.04,sports,returned,apple_pay,DE
ORD-00000605,USR-000508,2026-02-13,38.86,toys,cancelled,apple_pay,DE
ORD-00000606,USR-000422,2024-12-23,67.7,home,cancelled,card,US
ORD-00000607,USR-000399,2025-09-22,51.01,books,returned,card,US
ORD-00000608,USR-000900,2026-05-31,15.62,electronics,shipped,cod,FR
ORD-00000609,USR-000610,2025-12-08,45.62,sports,returned,card,CA
ORD-00000610,USR-000688,2025-12-03,25.07,books,shipped,card,DE
ORD-00000611,USR-000288,2025-04-08,21.18,apparel,shipped,cod,FR
ORD-00000612,USR-000906,2025-07-11,71.29,sports,delivered,apple_pay,DE
ORD-00000613,USR-000958,2025-05-01,41.73,toys,returned,apple_pay,CA
ORD-00000614,USR-000526,2024-11-17,15.61,books,returned,card,FR
ORD-00000615,USR-000792,2025-03-18,102.61,books,returned,cod,CA
ORD-00000616,USR-000053,2025-07-27,11.42,books,cancelled,apple_pay,UK
ORD-00000617,USR-000474,2024-09-06,45.52,home,cancelled,apple_pay,US
ORD-00000618,USR-000871,2025-08-23,67.66,books,shipped,cod,CA
ORD-00000619,USR-000395,2025-12-31,17.52,sports,cancelled,card,DE
ORD-00000620,USR-000032,2025-12-23,11.99,books,shipped,apple_pay,FR
ORD-00000621,USR-000759,2025-06-30,43.51,sports,cancelled,apple_pay,DE
ORD-00000622,USR-000520,2024-11-10,24.38,books,delivered,cod,DE
ORD-00000623,USR-000539,2026-05-09,6.69,home,delivered,cod,CA
ORD-00000624,USR-000059,2026-05-11,9.42,apparel,shipped,apple_pay,US
ORD-00000625,USR-000658,2025-04-29,33.08,books,shipped,cod,FR
ORD-00000626,USR-000161,2025-01-10,14.5,toys,cancelled,apple_pay,US
ORD-00000627,USR-000242,2024-12-01,55.76,books,cancelled,paypal,FR
ORD-00000628,USR-000342,2026-04-15,30.83,electronics,shipped,card,CA
ORD-00000629,USR-000953,2025-03-20,18.84,electronics,cancelled,apple_pay,US
ORD-00000630,USR-000292,2025-09-20,29.23,books,delivered,paypal,CA
ORD-00000631,USR-000992,2024-11-30,13.33,sports,delivered,apple_pay,DE
ORD-00000632,USR-000812,2026-03-29,80.33,books,shipped,apple_pay,UK
ORD-00000633,USR-000377,2026-02-16,17.46,apparel,shipped,card,US
ORD-00000634,USR-000421,2024-12-03,13.2,electronics,returned,apple_pay,UK
ORD-00000635,USR-000960,2024-11-09,55.35,home,returned,cod,US
ORD-00000636,USR-000785,2024-09-19,9.88,electronics,delivered,paypal,DE
ORD-00000637,USR-000694,2026-05-07,90.23,sports,cancelled,card,DE
ORD-00000638,USR-000753,2025-01-07,7.3,electronics,shipped,paypal,US
ORD-00000639,USR-000374,2025-08-30,20.27,books,cancelled,paypal,US
ORD-00000640,USR-000960,2025-07-06,15.43,home,cancelled,card,CA
ORD-00000641,USR-000993,2026-05-28,16.85,sports,delivered,cod,DE
ORD-00000642,USR-000499,2025-12-18,55.52,toys,cancelled,paypal,CA
ORD-00000643,USR-000662,2024-11-16,11.72,electronics,delivered,apple_pay,DE
ORD-00000644,USR-000037,2026-07-04,36.03,books,returned,paypal,DE
ORD-00000645,USR-000912,2026-04-26,9.53,home,delivered,cod,US
ORD-00000646,USR-000469,2024-09-29,190.38,apparel,delivered,apple_pay,US
ORD-00000647,USR-000177,2026-05-24,42.94,books,delivered,cod,DE
ORD-00000648,USR-000614,2025-06-04,23.69,apparel,returned,paypal,US
ORD-00000649,USR-000565,2025-06-13,43.37,toys,shipped,card,FR
ORD-00000650,USR-000162,2025-04-30,28.52,toys,shipped,card,US
ORD-00000651,USR-000871,2026-02-28,20.08,apparel,shipped,paypal,DE
ORD-00000652,USR-000044,2024-08-29,14.5,electronics,returned,cod,UK
ORD-00000653,USR-000187,2025-08-30,23.14,home,cancelled,cod,FR
ORD-00000654,USR-000549,2026-03-11,7.34,toys,delivered,card,CA
ORD-00000655,USR-000432,2026-07-23,47.01,toys,returned,apple_pay,FR
ORD-00000656,USR-000594,2026-01-30,10.86,home,returned,cod,US
ORD-00000657,USR-000865,2026-05-27,38.44,apparel,returned,apple_pay,DE
ORD-00000658,USR-000160,2024-10-09,33.61,home,shipped,apple_pay,DE
ORD-00000659,USR-000223,2025-03-26,22.08,home,returned,cod,FR
ORD-00000660,USR-000928,2024-12-06,25.64,apparel,cancelled,cod,UK
ORD-00000661,USR-000491,2025-01-10,20.69,apparel,returned,card,CA
ORD-00000662,USR-000927,2025-08-04,32.32,sports,shipped,apple_pay,CA
ORD-00000663,USR-000409,2026-04-17,27.99,electronics,shipped,cod,US
ORD-00000664,USR-000725,2026-03-26,32.38,apparel,returned,card,US
ORD-00000665,USR-000350,2024-11-04,11.94,toys,returned,card,UK
ORD-00000666,USR-000397,2026-06-19,38.7,books,delivered,paypal,US
ORD-00000667,USR-000707,2025-02-25,76.39,sports,cancelled,cod,FR
ORD-00000668,USR-000859,2025-02-21,20.7,sports,shipped,card,CA
ORD-00000669,USR-000780,2025-01-14,37.57,books,cancelled,paypal,UK
ORD-00000670,USR-000689,2025-04-30,31.29,sports,delivered,card,FR
ORD-00000671,USR-000619,2024-09-08,6.69,toys,cancelled,card,FR
ORD-00000672,USR-000451,2025-09-06,21.93,toys,returned,cod,US
ORD-00000673,USR-000376,2026-03-28,11.47,toys,delivered,card,DE
ORD-00000674,USR-000847,2025-10-11,17.1,electronics,returned,apple_pay,DE
ORD-00000675,USR-000612,2026-03-17,15.15,toys,cancelled,cod,US
ORD-00000676,USR-000686,2026-03-30,30.66,apparel,returned,apple_pay,US
ORD-00000677,USR-000744,2024-09-06,13.22,electronics,cancelled,apple_pay,FR
ORD-00000678,USR-000485,2025-10-05,40.97,books,shipped,card,US
ORD-00000679,USR-000013,2025-06-02,60.96,books,returned,apple_pay,DE
ORD-00000680,USR-000691,2024-08-22,48.83,home,shipped,cod,UK
ORD-00000681,USR-000610,2026-01-22,36.59,electronics,cancelled,paypal,DE
ORD-00000682,USR-000680,2026-06-13,42.8,toys,cancelled,paypal,US
ORD-00000683,USR-000289,2026-05-11,12.2,home,shipped,cod,UK
ORD-00000684,USR-000041,2025-05-30,44.19,sports,shipped,cod,DE
ORD-00000685,USR-000816,2025-03-09,78.97,toys,returned,cod,FR
ORD-00000686,USR-000118,2025-08-28,25.93,apparel,returned,apple_pay,FR
ORD-00000687,USR-000674,2025-05-08,10.43,home,returned,card,UK
ORD-00000688,USR-000280,2025-08-24,27.38,apparel,shipped,apple_pay,FR
ORD-00000689,USR-000411,2025-03-17,5.54,toys,cancelled,cod,UK
ORD-00000690,USR-000272,2024-12-04,15.37,books,returned,paypal,CA
ORD-00000691,USR-000265,2024-12-21,20.08,electronics,returned,card,US
ORD-00000692,USR-000923,2025-07-13,5.52,apparel,cancelled,card,FR
ORD-00000693,USR-000257,2025-05-20,20.35,books,cancelled,paypal,CA
ORD-00000694,USR-000079,2025-04-22,4.12,sports,delivered,paypal,US
ORD-00000695,USR-000839,2025-04-10,48.92,electronics,cancelled,card,US
ORD-00000696,USR-000906,2025-12-27,7.37,sports,cancelled,paypal,UK
ORD-00000697,USR-000631,2026-04-15,74.68,electronics,delivered,apple_pay,UK
ORD-00000698,USR-000304,2026-05-17,26.23,books,returned,card,FR
ORD-00000699,USR-000145,2025-03-23,48.92,toys,cancelled,apple_pay,DE
ORD-00000700,USR-000313,2024-11-19,20.22,books,shipped,cod,US
ORD-00000701,USR-000494,2024-12-14,21.0,sports,cancelled,card,UK
ORD-00000702,USR-000353,2025-08-03,63.67,electronics,returned,cod,DE
ORD-00000703,USR-000635,2024-08-24,69.83,books,returned,cod,DE
ORD-00000704,USR-000339,2025-10-22,16.94,home,returned,apple_pay,US
ORD-00000705,USR-000242,2024-11-23,18.14,books,shipped,paypal,DE
ORD-00000706,USR-000912,2025-04-27,65.57,toys,returned,apple_pay,US
ORD-00000707,USR-000716,2026-01-07,27.95,electronics,delivered,card,CA
ORD-00000708,USR-000861,2026-04-02,17.05,books,shipped,cod,UK
ORD-00000709,USR-000417,2025-03-24,65.28,sports,shipped,paypal,CA
ORD-00000710,USR-000889,2025-02-28,19.07,books,delivered,apple_pay,CA
ORD-00000711,USR-000105,2026-04-27,20.75,electronics,returned,apple_pay,CA
ORD-00000712,USR-000255,2026-02-16,92.11,sports,delivered,cod,CA
ORD-00000713,USR-000292,2024-12-12,3.68,home,returned,paypal,US
ORD-00000714,USR-000819,2025-06-14,37.45,apparel,shipped,card,DE
ORD-00000715,USR-000558,2024-09-19,63.0,sports,delivered,cod,DE
ORD-00000716,USR-000080,2026-07-11,3.89,home,cancelled,cod,DE
ORD-00000717,USR-000238,2025-04-24,18.9,home,delivered,card,CA
ORD-00000718,USR-000644,2024-12-25,93.05,electronics,cancelled,paypal,US
ORD-00000719,USR-000961,2026-03-09,7.61,toys,returned,cod,FR
ORD-00000720,USR-000043,2026-07-22,50.51,books,cancelled,cod,FR
ORD-00000721,USR-000945,2025-10-27,42.27,home,shipped,paypal,FR
ORD-00000722,USR-000294,2025-07-03,23.02,electronics,delivered,paypal,US
ORD-00000723,USR-000686,2025-12-24,8.74,books,returned,card,CA
ORD-00000724,USR-000215,2024-12-18,13.22,sports,returned,apple_pay,CA
ORD-00000725,USR-000807,2024-08-23,14.26,sports,returned,paypal,DE
ORD-00000726,USR-000968,2026-06-08,28.46,home,shipped,cod,CA
ORD-00000727,USR-000542,2025-01-17,22.83,apparel,shipped,paypal,US
ORD-00000728,USR-000518,2025-03-28,37.87,sports,delivered,card,DE
ORD-00000729,USR-000187,2026-05-14,31.75,electronics,cancelled,apple_pay,UK
ORD-00000730,USR-000492,2025-07-02,55.38,toys,delivered,card,UK
ORD-00000731,USR-000339,2025-01-16,11.77,toys,returned,paypal,US
ORD-00000732,USR-000965,2024-12-15,10.64,toys,shipped,paypal,FR
ORD-00000733,USR-000353,2024-09-14,80.53,apparel,shipped,apple_pay,UK
ORD-00000734,USR-000346,2025-10-12,16.0,books,shipped,cod,DE
ORD-00000735,USR-000665,2025-08-21,65.67,home,returned,apple_pay,DE
ORD-00000736,USR-000891,2026-01-09,30.78,sports,cancelled,cod,FR
ORD-00000737,USR-000011,2025-01-10,31.39,home,returned,cod,CA
ORD-00000738,USR-000213,2024-11-23,15.54,apparel,shipped,apple_pay,FR
ORD-00000739,USR-000617,2025-01-22,15.83,toys,returned,card,US
ORD-00000740,USR-000676,2024-09-26,10.87,home,cancelled,paypal,DE
ORD-00000741,USR-000282,2025-08-01,9.42,toys,cancelled,paypal,US
ORD-00000742,USR-000088,2025-11-18,26.95,apparel,shipped,cod,US
ORD-00000743,USR-000888,2025-01-04,35.29,electronics,shipped,apple_pay,DE
ORD-00000744,USR-000563,2026-01-24,30.57,books,delivered,card,FR
ORD-00000745,USR-000690,2025-01-01,39.74,home,shipped,apple_pay,DE
ORD-00000746,USR-000470,2025-03-13,22.82,sports,delivered,apple_pay,DE
ORD-00000747,USR-000375,2025-07-27,35.95,home,returned,apple_pay,UK
ORD-00000748,USR-000984,2025-07-16,24.17,books,cancelled,apple_pay,US
ORD-00000749,USR-000913,2025-06-19,3.95,electronics,returned,paypal,FR
ORD-00000750,USR-000728,2024-09-22,32.58,home,cancelled,apple_pay,US
ORD-00000751,USR-000573,2026-02-24,14.8,electronics,cancelled,paypal,UK
ORD-00000752,USR-000147,2026-07-06,20.7,books,shipped,card,DE
ORD-00000753,USR-000666,2025-03-30,4.16,books,shipped,card,UK
ORD-00000754,USR-000853,2025-09-04,64.24,toys,cancelled,apple_pay,CA
ORD-00000755,USR-000062,2025-08-15,37.57,toys,returned,apple_pay,DE
ORD-00000756,USR-000208,2025-07-05,26.59,apparel,shipped,apple_pay,CA
ORD-00000757,USR-000177,2026-03-18,32.96,electronics,cancelled,apple_pay,US
ORD-00000758,USR-000755,2026-08-02,43.91,sports,shipped,apple_pay,US
ORD-00000759,USR-000590,2025-03-15,17.05,toys,delivered,card,UK
ORD-00000760,USR-000736,2026-03-23,39.45,sports,cancelled,card,US
ORD-00000761,USR-000290,2026-03-12,65.28,home,delivered,paypal,CA
ORD-00000762,USR-000926,2026-04-26,13.52,apparel,delivered,card,US
ORD-00000763,USR-000209,2026-06-03,98.56,toys,shipped,apple_pay,FR
ORD-00000764,USR-000728,2025-10-10,20.66,electronics,returned,paypal,DE
ORD-00000765,USR-000438,2024-09-26,26.09,sports,shipped,apple_pay,CA
ORD-00000766,USR-000119,2025-12-15,35.84,electronics,delivered,paypal,FR
ORD-00000767,USR-000086,2026-05-13,4.09,books,delivered,paypal,FR
ORD-00000768,USR-000539,2025-09-28,27.51,apparel,returned,cod,UK
ORD-00000769,USR-000829,2025-01-15,19.96,books,delivered,card,FR
ORD-00000770,USR-000158,2024-08-28,12.69,home,returned,paypal,US
ORD-00000771,USR-000453,2025-02-02,50.36,sports,returned,cod,US
ORD-00000772,USR-000308,2025-08-02,31.58,sports,delivered,card,CA
ORD-00000773,USR-000708,2025-08-15,27.98,books,delivered,cod,UK
ORD-00000774,USR-000037,2025-03-30,4.89,apparel,shipped,paypal,CA
ORD-00000775,USR-000024,2025-08-28,6.3,books,cancelled,cod,US
ORD-00000776,USR-000982,2024-10-22,24.26,books,returned,cod,UK
ORD-00000777,USR-000060,2025-02-20,53.39,home,shipped,apple_pay,DE
ORD-00000778,USR-000156,2026-02-24,36.18,sports,delivered,paypal,DE
ORD-00000779,USR-000983,2025-12-28,46.03,apparel,delivered,apple_pay,DE
ORD-00000780,USR-001000,2025-11-20,64.02,electronics,delivered,cod,DE
ORD-00000781,USR-000891,2025-11-17,23.41,books,cancelled,cod,FR
ORD-00000782,USR-000884,2024-11-08,48.02,toys,shipped,paypal,CA
ORD-00000783,USR-000224,2025-09-26,31.27,sports,delivered,apple_pay,FR
ORD-00000784,USR-000839,2026-04-24,23.05,home,delivered,cod,CA
ORD-00000785,USR-000256,2024-12-31,14.25,apparel,returned,apple_pay,FR
ORD-00000786,USR-000797,2025-08-31,24.16,toys,shipped,paypal,CA
ORD-00000787,USR-000480,2025-06-03,11.71,books,returned,paypal,CA
ORD-00000788,USR-000538,2025-11-07,45.8,books,shipped,apple_pay,FR
ORD-00000789,USR-000969,2025-07-10,18.75,home,delivered,paypal,FR
ORD-00000790,USR-000788,2024-08-25,8.23,sports,delivered,paypal,UK
ORD-00000791,USR-000532,2025-05-24,13.06,books,shipped,cod,CA
ORD-00000792,USR-000406,2024-10-19,25.52,toys,shipped,cod,UK
ORD-00000793,USR-000450,2026-01-13,19.36,sports,cancelled,cod,DE
ORD-00000794,USR-000967,2026-07-01,32.52,electronics,returned,card,CA
ORD-00000795,USR-000040,2025-04-23,21.46,home,cancelled,paypal,FR
ORD-00000796,USR-000453,2026-03-18,23.95,home,cancelled,apple_pay,US
ORD-00000797,USR-000526,2024-09-08,6.17,home,returned,paypal,FR
ORD-00000798,USR-000116,2026-06-19,57.98,toys,returned,card,US
ORD-00000799,USR-000425,2026-03-20,25.87,home,returned,card,CA
ORD-00000800,USR-000899,2025-11-08,20.81,books,shipped,cod,US
ORD-00000801,USR-000802,2024-11-05,18.1,toys,cancelled,cod,UK
ORD-00000802,USR-000932,2025-08-23,7.98,books,shipped,cod,FR
ORD-00000803,USR-000772,2026-03-12,13.62,home,delivered,paypal,UK
ORD-00000804,USR-000899,2025-10-24,40.21,toys,cancelled,apple_pay,UK
ORD-00000805,USR-000868,2025-05-13,31.37,sports,delivered,card,CA
ORD-00000806,USR-000008,2024-10-23,10.34,electronics,shipped,cod,FR
ORD-00000807,USR-000483,2025-05-07,47.3,toys,returned,paypal,DE
ORD-00000808,USR-000817,2025-08-28,26.53,toys,delivered,apple_pay,DE
ORD-00000809,USR-000022,2024-08-28,6.53,books,delivered,cod,UK
ORD-00000810,USR-000034,2025-07-30,25.95,sports,cancelled,card,CA
ORD-00000811,USR-000282,2026-01-26,68.16,books,cancelled,paypal,DE
ORD-00000812,USR-000833,2025-06-24,23.46,sports,shipped,cod,FR
ORD-00000813,USR-000339,2024-11-08,44.81,toys,delivered,apple_pay,CA
ORD-00000814,USR-000609,2025-07-07,51.06,books,returned,cod,FR
ORD-00000815,USR-000338,2024-08-13,5.45,toys,returned,apple_pay,DE
ORD-00000816,USR-000134,2024-10-04,23.65,apparel,delivered,card,DE
ORD-00000817,USR-000991,2024-12-22,14.72,books,cancelled,apple_pay,FR
ORD-00000818,USR-000189,2025-06-07,9.21,sports,shipped,paypal,CA
ORD-00000819,USR-000433,2025-01-11,9.08,books,returned,card,US
ORD-00000820,USR-000055,2024-11-01,85.47,electronics,cancelled,apple_pay,DE
ORD-00000821,USR-000415,2026-02-13,52.28,home,delivered,apple_pay,CA
ORD-00000822,USR-000641,2024-12-09,48.44,electronics,cancelled,apple_pay,CA
ORD-00000823,USR-000807,2026-05-08,28.2,sports,shipped,cod,UK
ORD-00000824,USR-000881,2024-12-22,19.62,books,delivered,paypal,US
ORD-00000825,USR-000941,2025-05-20,16.4,toys,returned,card,US
ORD-00000826,USR-000350,2025-05-08,25.14,toys,delivered,cod,US
ORD-00000827,USR-000692,2026-05-10,68.16,books,delivered,card,DE
ORD-00000828,USR-000123,2024-09-27,15.33,toys,delivered,card,FR
ORD-00000829,USR-000877,2024-10-17,24.68,books,returned,apple_pay,UK
ORD-00000830,USR-000177,2025-11-07,36.53,sports,shipped,apple_pay,CA
ORD-00000831,USR-000247,2026-07-29,24.22,sports,cancelled,cod,DE
ORD-00000832,USR-000005,2025-06-09,7.31,apparel,shipped,apple_pay,CA
ORD-00000833,USR-000177,2024-08-15,19.69,apparel,delivered,paypal,CA
ORD-00000834,USR-000416,2025-02-18,11.99,apparel,returned,cod,DE
ORD-00000835,USR-000746,2025-04-08,13.52,electronics,shipped,apple_pay,DE
ORD-00000836,USR-000065,2024-11-27,20.47,toys,shipped,card,US
ORD-00000837,USR-000850,2025-05-31,52.44,apparel,returned,card,CA
ORD-00000838,USR-000500,2025-09-15,25.17,toys,returned,cod,FR
ORD-00000839,USR-000231,2024-11-07,10.98,toys,delivered,paypal,UK
ORD-00000840,USR-000517,2026-06-24,17.73,toys,returned,cod,UK
ORD-00000841,USR-000554,2024-09-26,21.73,toys,shipped,cod,UK
ORD-00000842,USR-000061,2026-03-30,32.61,home,returned,apple_pay,DE
ORD-00000843,USR-000137,2025-03-13,21.23,toys,cancelled,card,FR
ORD-00000844,USR-000523,2025-07-01,15.57,books,cancelled,cod,DE
ORD-00000845,USR-000592,2025-10-07,6.83,apparel,shipped,apple_pay,UK
ORD-00000846,USR-000784,2024-08-08,14.6,electronics,returned,paypal,DE
ORD-00000847,USR-000627,2024-11-11,17.21,home,returned,paypal,CA
ORD-00000848,USR-000011,2025-02-04,39.34,apparel,returned,apple_pay,US
ORD-00000849,USR-000751,2025-08-06,19.79,sports,cancelled,paypal,CA
ORD-00000850,USR-000279,2024-10-24,20.81,home,delivered,paypal,UK
ORD-00000851,USR-000726,2026-06-26,28.06,toys,delivered,card,UK
ORD-00000852,USR-000861,2025-12-30,41.03,toys,returned,paypal,CA
ORD-00000853,USR-000140,2026-03-02,24.25,home,shipped,paypal,FR
ORD-00000854,USR-000967,2024-11-08,18.35,books,shipped,cod,CA
ORD-00000855,USR-000917,2026-07-03,8.71,electronics,cancelled,paypal,US
ORD-00000856,USR-000037,2025-05-02,16.18,sports,delivered,card,FR
ORD-00000857,USR-000710,2026-04-08,27.6,electronics,cancelled,card,CA
ORD-00000858,USR-000761,2024-11-04,22.45,electronics,shipped,paypal,US
ORD-00000859,USR-000648,2024-12-18,94.61,books,shipped,apple_pay,UK
ORD-00000860,USR-000409,2026-03-24,6.95,books,delivered,apple_pay,DE
ORD-00000861,USR-000225,2026-03-20,20.55,toys,cancelled,card,DE
ORD-00000862,USR-000973,2025-01-03,18.58,books,delivered,cod,UK
ORD-00000863,USR-000379,2025-03-14,46.63,home,shipped,card,UK
ORD-00000864,USR-000502,2025-10-30,37.79,electronics,returned,paypal,DE
ORD-00000865,USR-000297,2026-02-16,65.65,books,cancelled,paypal,UK
ORD-00000866,USR-000744,2025-11-16,79.02,books,shipped,card,CA
ORD-00000867,USR-000618,2025-04-02,13.77,sports,shipped,paypal,US
ORD-00000868,USR-000711,2026-01-11,20.06,apparel,cancelled,cod,UK
ORD-00000869,USR-000818,2026-07-07,20.51,toys,delivered,paypal,UK
ORD-00000870,USR-000012,2025-01-04,19.68,toys,returned,card,DE
ORD-00000871,USR-000662,2026-07-18,24.21,home,returned,paypal,CA
ORD-00000872,USR-000573,2024-10-06,35.3,apparel,delivered,paypal,FR
ORD-00000873,USR-000343,2024-11-16,15.75,sports,returned,paypal,CA
ORD-00000874,USR-000106,2026-06-30,15.13,sports,shipped,cod,UK
ORD-00000875,USR-000211,2026-01-28,10.75,books,cancelled,apple_pay,US
ORD-00000876,USR-000206,2025-11-23,27.21,toys,cancelled,cod,UK
ORD-00000877,USR-000446,2025-02-28,64.34,electronics,delivered,cod,US
ORD-00000878,USR-000526,2026-07-29,24.25,electronics,delivered,card,CA
ORD-00000879,USR-000754,2025-01-08,49.0,electronics,returned,cod,CA
ORD-00000880,USR-000700,2026-03-25,34.83,toys,returned,cod,CA
ORD-00000881,USR-000738,2026-03-08,33.17,toys,shipped,apple_pay,FR
ORD-00000882,USR-000463,2025-08-26,17.21,apparel,returned,cod,US
ORD-00000883,USR-000817,2025-05-17,29.3,books,returned,cod,US
ORD-00000884,USR-000766,2026-05-19,40.58,home,returned,paypal,DE
ORD-00000885,USR-000527,2025-07-06,18.75,home,delivered,cod,DE
ORD-00000886,USR-000815,2024-08-19,40.95,sports,delivered,cod,UK
ORD-00000887,USR-000938,2024-09-25,42.0,books,delivered,card,UK
ORD-00000888,USR-000359,2025-09-04,124.88,toys,cancelled,cod,DE
ORD-00000889,USR-000985,2025-09-02,27.88,sports,shipped,paypal,FR
ORD-00000890,USR-000452,2026-04-21,96.81,toys,cancelled,paypal,FR
ORD-00000891,USR-000967,2025-04-20,31.68,sports,returned,apple_pay,US
ORD-00000892,USR-000567,2025-12-19,10.92,home,returned,cod,US
ORD-00000893,USR-000608,2025-03-15,28.21,books,shipped,cod,UK
ORD-00000894,USR-000252,2025-03-11,44.11,books,returned,apple_pay,FR
ORD-00000895,USR-000220,2025-11-03,24.7,toys,cancelled,card,CA
ORD-00000896,USR-000246,2024-10-26,67.76,sports,cancelled,cod,FR
ORD-00000897,USR-000976,2024-10-24,30.83,electronics,cancelled,paypal,UK
ORD-00000898,USR-000258,2026-07-19,26.69,electronics,delivered,paypal,US
ORD-00000899,USR-000703,2024-11-24,20.51,electronics,returned,card,US
ORD-00000900,USR-000534,2025-03-09,26.3,home,returned,apple_pay,DE
ORD-00000901,USR-000438,2025-06-28,38.89,sports,cancelled,cod,UK
ORD-00000902,USR-000471,2026-07-10,9.27,apparel,delivered,cod,US
ORD-00000903,USR-000191,2025-10-04,108.08,sports,cancelled,apple_pay,FR
ORD-00000904,USR-000808,2025-08-08,19.68,toys,delivered,card,US
ORD-00000905,USR-000807,2025-02-11,38.46,books,shipped,paypal,CA
ORD-00000906,USR-000382,2024-10-22,9.29,toys,returned,card,US
ORD-00000907,USR-000835,2025-04-26,15.12,toys,delivered,card,CA
ORD-00000908,USR-000601,2026-04-18,6.48,electronics,delivered,card,US
ORD-00000909,USR-000071,2024-08-23,14.34,home,returned,card,FR
ORD-00000910,USR-000095,2025-04-15,75.16,sports,delivered,apple_pay,FR
ORD-00000911,USR-000582,2025-12-27,35.44,sports,cancelled,card,UK
ORD-00000912,USR-000345,2025-07-02,20.32,books,returned,cod,US
ORD-00000913,USR-000495,2026-04-24,28.42,electronics,cancelled,card,DE
ORD-00000914,USR-000941,2025-02-09,21.98,books,shipped,paypal,CA
ORD-00000915,USR-000077,2026-05-16,37.99,home,shipped,paypal,US
ORD-00000916,USR-000577,2024-10-27,24.29,home,returned,paypal,DE
ORD-00000917,USR-000262,2025-09-18,26.58,apparel,delivered,paypal,DE
ORD-00000918,USR-000808,2025-12-19,10.33,home,delivered,cod,UK
ORD-00000919,USR-000503,2025-12-26,31.53,apparel,returned,card,US
ORD-00000920,USR-000556,2025-11-11,77.35,toys,shipped,paypal,US
ORD-00000921,USR-000187,2025-02-21,14.79,toys,returned,paypal,US
ORD-00000922,USR-000440,2025-06-03,38.25,home,cancelled,cod,FR
ORD-00000923,USR-000674,2025-12-25,52.11,apparel,delivered,cod,US
ORD-00000924,USR-000585,2024-12-24,11.45,apparel,cancelled,paypal,US
ORD-00000925,USR-000067,2025-03-12,13.63,books,delivered,cod,UK
ORD-00000926,USR-000795,2025-04-08,26.29,home,returned,card,FR
ORD-00000927,USR-000719,2026-06-22,6.61,apparel,cancelled,card,FR
ORD-00000928,USR-000861,2025-01-25,14.14,home,cancelled,apple_pay,FR
ORD-00000929,USR-000897,2025-11-01,9.15,apparel,cancelled,card,DE
ORD-00000930,USR-000848,2025-09-16,15.26,books,shipped,apple_pay,FR
ORD-00000931,USR-000670,2024-08-14,11.67,books,cancelled,card,UK
ORD-00000932,USR-000147,2025-07-16,43.81,home,cancelled,cod,DE
ORD-00000933,USR-000930,2024-11-13,21.74,electronics,cancelled,cod,DE
ORD-00000934,USR-000771,2024-08-24,21.25,books,cancelled,paypal,US
ORD-00000935,USR-000099,2026-04-04,9.82,home,returned,paypal,FR
ORD-00000936,USR-000646,2026-02-17,19.6,home,returned,apple_pay,FR
ORD-00000937,USR-000929,2026-04-21,60.68,books,returned,cod,US
ORD-00000938,USR-000124,2026-01-23,40.71,toys,returned,cod,US
ORD-00000939,USR-000787,2025-04-18,9.73,electronics,cancelled,cod,FR
ORD-00000940,USR-000609,2026-08-03,36.85,apparel,delivered,cod,UK
ORD-00000941,USR-000388,2025-02-26,10.82,sports,cancelled,card,CA
ORD-00000942,USR-000065,2025-09-03,24.44,apparel,shipped,apple_pay,CA
ORD-00000943,USR-000281,2024-09-16,15.13,electronics,cancelled,cod,US
ORD-00000944,USR-000001,2024-11-12,27.08,books,cancelled,cod,US
ORD-00000945,USR-000464,2025-06-28,13.43,apparel,cancelled,paypal,US
ORD-00000946,USR-000641,2025-07-27,13.1,electronics,cancelled,paypal,US
ORD-00000947,USR-000193,2025-05-11,42.19,home,returned,card,UK
ORD-00000948,USR-000628,2024-08-12,18.19,electronics,shipped,card,US
ORD-00000949,USR-000620,2024-10-17,45.73,home,shipped,card,UK
ORD-00000950,USR-000931,2026-07-27,80.14,home,delivered,cod,FR
ORD-00000951,USR-000228,2025-06-13,94.42,toys,returned,cod,FR
ORD-00000952,USR-000781,2025-06-21,29.08,home,delivered,paypal,US
ORD-00000953,USR-000951,2025-07-28,20.92,toys,delivered,card,US
ORD-00000954,USR-000984,2025-04-10,8.88,electronics,returned,apple_pay,DE
ORD-00000955,USR-000532,2025-07-02,93.13,sports,shipped,apple_pay,UK
ORD-00000956,USR-000517,2024-12-26,7.73,home,shipped,cod,CA
ORD-00000957,USR-000786,2026-01-21,39.97,books,shipped,paypal,DE
ORD-00000958,USR-000844,2026-03-28,30.62,home,shipped,paypal,UK
ORD-00000959,USR-000208,2025-02-09,19.63,sports,shipped,card,UK
ORD-00000960,USR-000048,2025-02-22,17.08,books,shipped,cod,CA
ORD-00000961,USR-000008,2026-05-19,69.89,sports,returned,cod,DE
ORD-00000962,USR-000726,2024-11-05,27.37,home,returned,card,CA
ORD-00000963,USR-000057,2026-03-19,30.57,apparel,shipped,cod,FR
ORD-00000964,USR-000369,2024-09-04,28.2,toys,shipped,cod,CA
ORD-00000965,USR-000098,2025-06-25,29.81,home,delivered,apple_pay,UK
ORD-00000966,USR-000226,2025-03-13,9.48,home,cancelled,apple_pay,CA
ORD-00000967,USR-000606,2024-11-21,58.01,home,cancelled,cod,UK
ORD-00000968,USR-000278,2026-01-25,47.42,books,returned,card,US
ORD-00000969,USR-000700,2024-08-13,42.33,electronics,cancelled,cod,CA
ORD-00000970,USR-000638,2026-02-13,19.85,apparel,delivered,card,US
ORD-00000971,USR-000765,2025-09-18,9.37,electronics,cancelled,apple_pay,FR
ORD-00000972,USR-000615,2024-08-18,24.12,books,cancelled,cod,US
ORD-00000973,USR-000752,2025-01-07,26.43,sports,returned,card,CA
ORD-00000974,USR-000119,2025-02-26,16.57,sports,cancelled,paypal,DE
ORD-00000975,USR-000448,2025-01-01,27.24,electronics,shipped,card,CA
ORD-00000976,USR-000172,2026-01-20,15.13,sports,delivered,apple_pay,DE
ORD-00000977,USR-000212,2024-10-22,63.82,sports,returned,apple_pay,DE
ORD-00000978,USR-000483,2025-12-20,41.76,apparel,returned,card,CA
ORD-00000979,USR-000413,2025-08-22,9.17,home,returned,card,US
ORD-00000980,USR-000689,2024-12-08,60.4,toys,shipped,paypal,FR
ORD-00000981,USR-000873,2025-06-28,7.2,books,shipped,card,FR
ORD-00000982,USR-000849,2026-01-21,25.3,books,shipped,cod,FR
ORD-00000983,USR-000810,2025-04-17,14.71,sports,cancelled,paypal,FR
ORD-00000984,USR-000211,2025-02-21,8.24,toys,returned,paypal,US
ORD-00000985,USR-000922,2026-03-24,17.37,sports,delivered,apple_pay,FR
ORD-00000986,USR-000361,2025-07-10,8.75,home,shipped,apple_pay,FR
ORD-00000987,USR-000831,2025-01-29,46.82,books,delivered,card,FR
ORD-00000988,USR-000674,2025-01-09,4.77,sports,cancelled,card,CA
ORD-00000989,USR-000991,2025-02-12,17.73,sports,shipped,cod,FR
ORD-00000990,USR-000699,2026-04-23,34.82,sports,cancelled,card,US
ORD-00000991,USR-000706,2024-11-07,20.87,home,cancelled,apple_pay,FR
ORD-00000992,USR-000955,2025-03-23,17.93,electronics,returned,paypal,US
ORD-00000993,USR-000214,2025-08-24,41.91,toys,returned,apple_pay,FR
ORD-00000994,USR-000509,2025-08-23,12.86,sports,returned,cod,DE
ORD-00000995,USR-000375,2026-07-15,27.87,books,returned,card,CA
ORD-00000996,USR-000854,2026-04-13,35.28,home,delivered,apple_pay,CA
ORD-00000997,USR-000794,2025-11-26,57.29,books,cancelled,paypal,DE
ORD-00000998,USR-000806,2026-02-06,24.24,electronics,delivered,cod,DE
ORD-00000999,USR-000118,2026-05-28,20.72,apparel,delivered,card,CA
ORD-00001000,USR-000625,2024-12-07,12.39,apparel,cancelled,apple_pay,CA
ORD-00001001,USR-000768,2026-05-26,24.51,apparel,cancelled,card,US
ORD-00001002,USR-000003,2026-04-20,61.52,sports,delivered,cod,UK
ORD-00001003,USR-000846,2026-05-04,21.74,home,delivered,apple_pay,DE
ORD-00001004,USR-000230,2025-01-16,39.16,sports,returned,cod,DE
ORD-00001005,USR-000683,2024-08-27,13.61,apparel,returned,card,US
ORD-00001006,USR-000821,2026-07-08,15.26,electronics,returned,apple_pay,CA
ORD-00001007,USR-000691,2024-12-19,13.24,sports,returned,paypal,UK
ORD-00001008,USR-000934,2026-06-21,32.27,toys,returned,paypal,CA
ORD-00001009,USR-000787,2025-02-15,57.28,apparel,delivered,apple_pay,UK
ORD-00001010,USR-000695,2025-05-24,57.71,sports,returned,paypal,CA
ORD-00001011,USR-000748,2025-10-05,48.89,books,returned,apple_pay,DE
ORD-00001012,USR-000521,2024-12-26,28.05,toys,returned,card,US
ORD-00001013,USR-000951,2025-08-21,39.18,books,returned,paypal,UK
ORD-00001014,USR-000513,2025-08-02,43.03,electronics,shipped,cod,UK
ORD-00001015,USR-000279,2024-10-27,20.78,sports,returned,cod,UK
ORD-00001016,USR-000609,2026-06-17,9.06,home,cancelled,cod,DE
ORD-00001017,USR-000395,2026-05-18,54.1,toys,cancelled,cod,US
ORD-00001018,USR-000358,2025-04-13,15.29,toys,shipped,apple_pay,DE
ORD-00001019,USR-000929,2026-05-14,15.86,apparel,shipped,apple_pay,US
ORD-00001020,USR-000794,2026-05-13,18.32,electronics,delivered,apple_pay,FR
ORD-00001021,USR-000626,2026-01-10,8.98,toys,cancelled,apple_pay,US
ORD-00001022,USR-000243,2026-01-22,16.73,home,delivered,cod,FR
ORD-00001023,USR-000008,2024-11-18,17.78,electronics,cancelled,cod,FR
ORD-00001024,USR-000194,2024-12-19,9.41,electronics,returned,cod,UK
ORD-00001025,USR-001000,2024-10-07,4.11,toys,cancelled,card,UK
ORD-00001026,USR-000106,2025-12-20,12.5,electronics,returned,cod,CA
ORD-00001027,USR-000207,2025-11-09,21.94,home,returned,cod,US
ORD-00001028,USR-000254,2024-12-03,10.5,books,returned,apple_pay,US
ORD-00001029,USR-000344,2026-01-18,41.37,toys,cancelled,card,US
ORD-00001030,USR-000899,2024-09-09,13.44,sports,returned,card,DE
ORD-00001031,USR-000824,2026-01-26,27.82,books,cancelled,card,DE
ORD-00001032,USR-000307,2024-08-16,58.74,toys,returned,paypal,FR
ORD-00001033,USR-000202,2024-11-25,20.41,home,returned,paypal,UK
ORD-00001034,USR-000024,2025-12-04,58.86,toys,shipped,cod,US
ORD-00001035,USR-000191,2025-03-01,19.19,home,returned,cod,US
ORD-00001036,USR-000493,2026-07-14,51.91,apparel,shipped,paypal,CA
ORD-00001037,USR-000905,2026-08-08,67.55,electronics,shipped,cod,DE
ORD-00001038,USR-000260,2024-12-23,15.49,books,cancelled,card,CA
ORD-00001039,USR-000932,2025-12-16,65.98,books,returned,card,UK
ORD-00001040,USR-000939,2025-09-10,70.01,apparel,returned,card,US
ORD-00001041,USR-000644,2025-11-19,45.16,toys,cancelled,card,US
ORD-00001042,USR-000839,2025-09-16,22.4,apparel,returned,paypal,FR
ORD-00001043,USR-000698,2025-05-07,33.54,toys,cancelled,paypal,US
ORD-00001044,USR-000234,2026-02-20,3.82,home,returned,paypal,DE
ORD-00001045,USR-000953,2025-01-08,89.36,toys,delivered,apple_pay,UK
ORD-00001046,USR-000636,2026-04-10,14.21,apparel,delivered,paypal,US
ORD-00001047,USR-000888,2026-03-11,15.75,books,shipped,cod,UK
ORD-00001048,USR-000252,2024-11-07,33.56,sports,cancelled,apple_pay,UK
ORD-00001049,USR-000274,2025-03-25,69.36,toys,cancelled,paypal,US
ORD-00001050,USR-000205,2026-01-21,36.21,sports,delivered,card,UK
ORD-00001051,USR-000163,2025-01-30,21.2,apparel,shipped,paypal,UK
ORD-00001052,USR-000871,2024-12-30,58.05,apparel,shipped,card,DE
ORD-00001053,USR-000612,2025-05-11,29.79,home,cancelled,card,CA
ORD-00001054,USR-000700,2025-09-25,13.61,apparel,delivered,paypal,FR
ORD-00001055,USR-000366,2025-11-18,11.3,home,delivered,card,UK
ORD-00001056,USR-000132,2024-12-23,8.4,books,shipped,card,DE
ORD-00001057,USR-000956,2026-05-07,27.31,apparel,cancelled,card,US
ORD-00001058,USR-000581,2025-08-14,52.07,books,cancelled,cod,CA
ORD-00001059,USR-000938,2026-01-24,25.41,sports,returned,paypal,FR
ORD-00001060,USR-000831,2026-06-11,27.7,home,cancelled,apple_pay,CA
ORD-00001061,USR-000539,2025-11-01,46.23,apparel,shipped,cod,CA
ORD-00001062,USR-000881,2025-10-24,61.0,electronics,returned,apple_pay,CA
ORD-00001063,USR-000601,2025-07-24,24.69,home,cancelled,cod,DE
ORD-00001064,USR-000793,2025-12-28,26.33,toys,delivered,apple_pay,UK
ORD-00001065,USR-000606,2025-03-30,25.47,toys,cancelled,apple_pay,UK
ORD-00001066,USR-000760,2025-12-28,24.62,toys,cancelled,card,UK
ORD-00001067,USR-000525,2026-04-13,28.72,apparel,cancelled,card,FR
ORD-00001068,USR-000586,2026-01-08,13.65,sports,cancelled,card,CA
ORD-00001069,USR-000940,2026-05-25,17.09,sports,cancelled,apple_pay,UK
ORD-00001070,USR-000616,2025-03-10,70.03,electronics,cancelled,apple_pay,FR
ORD-00001071,USR-000524,2025-03-26,35.02,electronics,returned,cod,UK
ORD-00001072,USR-000308,2025-03-30,16.63,toys,returned,cod,UK
ORD-00001073,USR-000382,2025-12-29,27.36,home,delivered,paypal,CA
ORD-00001074,USR-000527,2025-10-18,16.03,toys,shipped,cod,FR
ORD-00001075,USR-000482,2025-08-07,28.26,apparel,cancelled,apple_pay,UK
ORD-00001076,USR-000615,2024-12-24,11.83,sports,returned,apple_pay,US
ORD-00001077,USR-000447,2026-04-23,21.97,books,cancelled,cod,DE
ORD-00001078,USR-000121,2025-10-07,12.77,electronics,cancelled,card,CA
ORD-00001079,USR-000796,2026-05-07,22.03,books,delivered,cod,UK
ORD-00001080,USR-000127,2024-11-30,77.14,toys,returned,cod,UK
ORD-00001081,USR-000203,2025-01-07,32.82,apparel,returned,card,US
ORD-00001082,USR-000348,2025-08-11,16.28,books,shipped,apple_pay,UK
ORD-00001083,USR-000365,2025-09-09,30.62,home,returned,paypal,US
ORD-00001084,USR-000435,2025-12-01,31.39,toys,returned,cod,DE
ORD-00001085,USR-000522,2024-10-26,42.99,home,delivered,card,FR
ORD-00001086,USR-000428,2026-07-03,12.4,home,cancelled,cod,FR
ORD-00001087,USR-000329,2025-05-27,34.89,toys,returned,paypal,CA
ORD-00001088,USR-000401,2025-02-02,44.52,books,shipped,card,DE
ORD-00001089,USR-000037,2025-03-14,46.38,books,cancelled,card,US
ORD-00001090,USR-000035,2026-03-10,11.57,books,shipped,card,US
ORD-00001091,USR-000111,2026-03-23,20.14,apparel,shipped,cod,UK
ORD-00001092,USR-000050,2025-10-22,56.73,toys,shipped,cod,CA
ORD-00001093,USR-000512,2024-10-18,27.91,apparel,shipped,cod,FR
ORD-00001094,USR-000174,2025-02-13,7.98,electronics,cancelled,apple_pay,DE
ORD-00001095,USR-000533,2024-10-29,43.7,electronics,cancelled,paypal,US
ORD-00001096,USR-000557,2025-08-16,12.7,apparel,shipped,apple_pay,CA
ORD-00001097,USR-000761,2025-03-11,43.17,sports,cancelled,paypal,DE
ORD-00001098,USR-000315,2026-03-11,22.19,toys,shipped,cod,FR
ORD-00001099,USR-000841,2025-07-07,22.11,books,cancelled,card,FR
ORD-00001100,USR-000486,2026-02-11,15.39,home,shipped,apple_pay,DE
ORD-00001101,USR-000540,2025-12-16,22.84,home,returned,paypal,FR
ORD-00001102,USR-000632,2025-02-13,33.95,home,cancelled,cod,DE
ORD-00001103,USR-000319,2025-10-01,30.86,home,delivered,paypal,DE
ORD-00001104,USR-000812,2024-09-28,106.13,books,returned,apple_pay,FR
ORD-00001105,USR-000398,2025-12-14,16.51,books,delivered,card,FR
ORD-00001106,USR-000187,2025-12-14,64.3,electronics,shipped,paypal,UK
ORD-00001107,USR-000393,2026-05-16,26.68,apparel,shipped,cod,CA
ORD-00001108,USR-000236,2026-06-28,23.62,home,delivered,cod,US
ORD-00001109,USR-000209,2025-06-17,25.4,home,cancelled,cod,FR
ORD-00001110,USR-000251,2025-11-21,11.78,home,cancelled,cod,UK
ORD-00001111,USR-000692,2026-07-30,65.41,toys,cancelled,cod,FR
ORD-00001112,USR-000395,2025-05-25,49.44,toys,shipped,cod,DE
ORD-00001113,USR-000668,2024-10-16,19.07,books,cancelled,paypal,DE
ORD-00001114,USR-000938,2024-12-18,13.18,home,returned,card,UK
ORD-00001115,USR-000986,2026-08-06,22.25,home,cancelled,paypal,US
ORD-00001116,USR-000063,2025-07-26,18.65,toys,returned,cod,UK
ORD-00001117,USR-000467,2025-11-19,167.71,electronics,delivered,paypal,UK
ORD-00001118,USR-000085,2025-11-25,29.2,books,cancelled,card,UK
ORD-00001119,USR-000419,2025-02-23,20.73,electronics,cancelled,apple_pay,US
ORD-00001120,USR-000557,2025-10-18,12.53,electronics,shipped,paypal,FR
ORD-00001121,USR-000513,2024-08-20,57.0,sports,returned,paypal,CA
ORD-00001122,USR-000875,2025-04-25,23.82,toys,delivered,apple_pay,CA
ORD-00001123,USR-000213,2025-01-19,16.57,sports,delivered,card,DE
ORD-00001124,USR-000045,2024-10-21,31.91,home,returned,apple_pay,FR
ORD-00001125,USR-000852,2025-08-18,40.52,books,delivered,apple_pay,CA
ORD-00001126,USR-000485,2025-02-14,31.34,apparel,cancelled,paypal,UK
ORD-00001127,USR-000926,2025-05-02,72.09,home,delivered,paypal,US
ORD-00001128,USR-000439,2024-12-06,6.99,electronics,shipped,card,DE
ORD-00001129,USR-000563,2025-09-25,28.44,electronics,returned,card,UK
ORD-00001130,USR-000458,2025-01-16,11.86,books,shipped,cod,UK
ORD-00001131,USR-000255,2025-12-08,38.05,sports,returned,apple_pay,DE
ORD-00001132,USR-000877,2025-04-02,7.14,home,cancelled,card,DE
ORD-00001133,USR-000782,2026-04-18,11.26,home,cancelled,paypal,DE
ORD-00001134,USR-000468,2024-10-26,34.89,sports,delivered,paypal,DE
ORD-00001135,USR-000742,2025-12-27,50.71,toys,returned,cod,US
ORD-00001136,USR-000437,2024-11-28,28.2,apparel,delivered,paypal,US
ORD-00001137,USR-000715,2026-01-05,29.36,sports,shipped,paypal,CA
ORD-00001138,USR-000374,2026-05-17,38.19,electronics,shipped,card,UK
ORD-00001139,USR-000280,2026-04-18,28.06,toys,cancelled,card,DE
ORD-00001140,USR-000339,2025-10-16,23.71,sports,cancelled,paypal,CA
ORD-00001141,USR-000882,2026-07-31,9.06,apparel,shipped,apple_pay,CA
ORD-00001142,USR-000406,2025-07-29,35.69,books,cancelled,apple_pay,US
ORD-00001143,USR-000588,2024-09-03,4.8,toys,delivered,apple_pay,UK
ORD-00001144,USR-000558,2025-09-26,25.13,apparel,delivered,paypal,CA
ORD-00001145,USR-000292,2025-07-01,19.98,electronics,shipped,cod,CA
ORD-00001146,USR-000783,2026-07-25,15.49,toys,cancelled,apple_pay,CA
ORD-00001147,USR-000477,2026-03-29,31.64,books,cancelled,card,DE
ORD-00001148,USR-000790,2025-12-10,29.81,sports,delivered,apple_pay,DE
ORD-00001149,USR-000063,2025-06-20,13.85,toys,shipped,paypal,CA
ORD-00001150,USR-000943,2024-12-08,33.92,toys,cancelled,cod,FR
ORD-00001151,USR-000112,2025-09-24,21.33,home,delivered,apple_pay,FR
ORD-00001152,USR-000097,2025-09-12,23.82,toys,shipped,card,US
ORD-00001153,USR-000059,2025-01-14,54.56,books,delivered,cod,FR
ORD-00001154,USR-000788,2026-02-24,26.49,toys,delivered,cod,FR
ORD-00001155,USR-000217,2025-03-14,63.58,toys,returned,card,FR
ORD-00001156,USR-000617,2024-10-18,34.65,home,delivered,cod,UK
ORD-00001157,USR-000722,2025-05-14,49.63,home,shipped,apple_pay,FR
ORD-00001158,USR-000208,2026-03-14,55.73,apparel,returned,cod,UK
ORD-00001159,USR-000007,2026-04-16,28.54,apparel,returned,apple_pay,DE
ORD-00001160,USR-000151,2025-10-07,47.33,sports,delivered,paypal,DE
ORD-00001161,USR-000027,2026-01-29,78.12,toys,delivered,card,FR
ORD-00001162,USR-000447,2025-01-04,27.43,toys,delivered,card,FR
ORD-00001163,USR-000908,2025-10-11,48.26,apparel,delivered,apple_pay,FR
ORD-00001164,USR-000004,2025-05-06,23.54,electronics,shipped,cod,DE
ORD-00001165,USR-000683,2024-12-06,37.38,sports,returned,cod,US
ORD-00001166,USR-000087,2025-10-31,12.81,electronics,returned,paypal,US
ORD-00001167,USR-000108,2026-03-21,28.0,toys,returned,apple_pay,DE
ORD-00001168,USR-000029,2025-11-20,67.54,toys,cancelled,apple_pay,DE
ORD-00001169,USR-000713,2025-01-18,76.69,books,shipped,paypal,US
ORD-00001170,USR-000363,2025-07-20,13.82,sports,shipped,cod,UK
ORD-00001171,USR-000749,2025-01-10,27.43,electronics,cancelled,card,US
ORD-00001172,USR-000508,2025-04-12,18.2,toys,cancelled,cod,DE
ORD-00001173,USR-000194,2025-11-27,20.35,electronics,delivered,cod,DE
ORD-00001174,USR-000269,2024-12-02,30.12,home,returned,cod,FR
ORD-00001175,USR-000245,2024-09-11,14.87,home,returned,cod,US
ORD-00001176,USR-000182,2026-06-22,11.13,apparel,shipped,card,DE
ORD-00001177,USR-000914,2024-10-08,10.79,apparel,shipped,cod,DE
ORD-00001178,USR-000115,2026-01-26,30.42,books,shipped,paypal,UK
ORD-00001179,USR-000245,2026-01-03,32.2,apparel,shipped,cod,FR
ORD-00001180,USR-000222,2025-12-24,26.45,toys,returned,apple_pay,CA
ORD-00001181,USR-000242,2025-08-19,18.06,sports,shipped,card,CA
ORD-00001182,USR-000613,2025-07-01,62.75,sports,cancelled,cod,FR
ORD-00001183,USR-000127,2025-02-16,8.58,sports,shipped,apple_pay,UK
ORD-00001184,USR-000126,2026-04-03,21.45,electronics,shipped,paypal,FR
ORD-00001185,USR-000227,2026-02-28,5.98,books,returned,apple_pay,US
ORD-00001186,USR-000813,2025-07-01,10.18,toys,returned,apple_pay,US
ORD-00001187,USR-000324,2026-07-30,16.37,toys,returned,cod,FR
ORD-00001188,USR-000081,2026-04-09,23.05,electronics,cancelled,paypal,UK
ORD-00001189,USR-000657,2026-06-09,17.57,books,delivered,card,UK
ORD-00001190,USR-000507,2024-12-31,7.06,electronics,returned,paypal,US
ORD-00001191,USR-000634,2024-08-10,42.81,toys,cancelled,cod,UK
ORD-00001192,USR-000428,2024-09-23,9.3,electronics,shipped,card,DE
ORD-00001193,USR-000549,2024-10-10,10.5,sports,delivered,apple_pay,UK
ORD-00001194,USR-000017,2024-10-18,14.89,electronics,cancelled,apple_pay,US
ORD-00001195,USR-000062,2025-11-02,35.45,home,shipped,cod,FR
ORD-00001196,USR-000486,2025-02-07,17.18,home,shipped,card,US
ORD-00001197,USR-000110,2024-10-30,25.75,books,returned,card,CA
ORD-00001198,USR-000983,2025-09-13,30.06,sports,cancelled,paypal,FR
ORD-00001199,USR-000315,2024-11-20,32.15,electronics,cancelled,cod,UK
ORD-00001200,USR-000406,2026-02-09,65.08,toys,shipped,cod,CA
ORD-00001201,USR-000310,2025-08-07,44.67,home,cancelled,cod,CA
ORD-00001202,USR-000004,2026-07-04,44.83,home,returned,paypal,CA
ORD-00001203,USR-000680,2024-10-07,16.12,sports,delivered,cod,CA
ORD-00001204,USR-000683,2026-01-12,17.46,sports,delivered,apple_pay,UK
ORD-00001205,USR-000484,2025-07-15,54.4,apparel,returned,card,CA
ORD-00001206,USR-000949,2024-09-18,43.74,apparel,delivered,cod,FR
ORD-00001207,USR-000793,2024-10-30,18.52,home,shipped,card,UK
ORD-00001208,USR-000648,2025-01-21,34.63,electronics,delivered,paypal,CA
ORD-00001209,USR-000299,2025-09-29,33.51,sports,delivered,cod,FR
ORD-00001210,USR-000043,2025-12-13,51.15,home,delivered,apple_pay,UK
ORD-00001211,USR-000125,2025-02-20,7.88,sports,returned,apple_pay,US
ORD-00001212,USR-000144,2026-03-29,73.92,books,delivered,apple_pay,DE
ORD-00001213,USR-000714,2025-04-21,38.75,apparel,returned,card,UK
ORD-00001214,USR-000745,2025-02-22,23.61,apparel,cancelled,paypal,UK
ORD-00001215,USR-000607,2025-10-04,27.53,toys,delivered,apple_pay,CA
ORD-00001216,USR-000585,2025-10-08,31.62,books,delivered,apple_pay,US
ORD-00001217,USR-000292,2026-04-25,36.05,books,shipped,card,UK
ORD-00001218,USR-000876,2025-10-10,13.64,apparel,delivered,paypal,US
ORD-00001219,USR-000111,2025-03-14,14.25,electronics,delivered,apple_pay,UK
ORD-00001220,USR-000447,2026-05-18,32.65,books,returned,cod,UK
ORD-00001221,USR-000640,2025-10-21,18.86,books,shipped,cod,CA
ORD-00001222,USR-000963,2025-11-13,36.99,toys,returned,cod,UK
ORD-00001223,USR-000973,2025-12-01,28.29,sports,cancelled,apple_pay,FR
ORD-00001224,USR-000127,2024-11-04,15.87,apparel,delivered,card,US
ORD-00001225,USR-000196,2024-11-05,11.38,electronics,shipped,card,UK
ORD-00001226,USR-000413,2025-07-25,57.21,electronics,shipped,apple_pay,CA
ORD-00001227,USR-000557,2024-12-09,8.57,apparel,shipped,paypal,UK
ORD-00001228,USR-000405,2024-10-05,12.88,apparel,shipped,paypal,US
ORD-00001229,USR-000143,2024-11-11,10.13,sports,delivered,cod,DE
ORD-00001230,USR-000395,2026-05-23,41.81,toys,returned,cod,DE
ORD-00001231,USR-000932,2025-03-22,23.61,books,returned,cod,CA
ORD-00001232,USR-000077,2025-03-12,14.22,toys,delivered,card,CA
ORD-00001233,USR-000853,2024-10-06,60.86,sports,shipped,apple_pay,DE
ORD-00001234,USR-000824,2024-12-08,58.54,electronics,returned,apple_pay,UK
ORD-00001235,USR-000907,2024-12-07,37.6,toys,shipped,paypal,DE
ORD-00001236,USR-000865,2025-12-17,18.44,toys,shipped,apple_pay,CA
ORD-00001237,USR-000225,2026-04-22,26.43,books,shipped,paypal,DE
ORD-00001238,USR-000664,2026-04-18,7.97,electronics,returned,cod,FR
ORD-00001239,USR-000022,2025-08-09,4.84,apparel,cancelled,paypal,CA
ORD-00001240,USR-000361,2025-11-21,59.88,toys,shipped,card,FR
ORD-00001241,USR-000629,2026-06-03,32.82,apparel,delivered,cod,FR
ORD-00001242,USR-000608,2025-11-25,14.97,toys,returned,card,UK
ORD-00001243,USR-000008,2024-08-29,23.93,books,cancelled,apple_pay,FR
ORD-00001244,USR-000625,2024-10-31,114.93,electronics,cancelled,cod,DE
ORD-00001245,USR-000517,2026-02-02,2.21,electronics,delivered,paypal,FR
ORD-00001246,USR-000957,2025-04-17,10.28,books,cancelled,card,FR
ORD-00001247,USR-000800,2025-12-20,58.39,toys,cancelled,apple_pay,CA
ORD-00001248,USR-000167,2025-01-18,77.61,home,delivered,paypal,CA
ORD-00001249,USR-000725,2024-10-10,10.69,apparel,cancelled,apple_pay,US
ORD-00001250,USR-000596,2025-09-26,18.08,home,delivered,card,US
ORD-00001251,USR-000611,2024-11-01,21.01,apparel,shipped,cod,CA
ORD-00001252,USR-000412,2024-08-29,78.08,apparel,cancelled,card,UK
ORD-00001253,USR-000067,2025-11-23,24.02,electronics,shipped,paypal,UK
ORD-00001254,USR-000138,2025-10-07,17.76,books,returned,card,CA
ORD-00001255,USR-000905,2024-12-17,9.37,sports,delivered,paypal,UK
ORD-00001256,USR-000968,2025-05-28,92.93,toys,cancelled,paypal,US
ORD-00001257,USR-000073,2026-04-09,58.35,home,returned,paypal,DE
ORD-00001258,USR-000913,2024-11-04,5.65,electronics,shipped,card,US
ORD-00001259,USR-000548,2026-04-30,24.67,electronics,delivered,cod,UK
ORD-00001260,USR-000801,2024-11-26,30.38,electronics,delivered,card,CA
ORD-00001261,USR-000722,2025-11-09,19.71,home,delivered,card,US
ORD-00001262,USR-000133,2025-02-13,12.41,books,delivered,cod,US
ORD-00001263,USR-000138,2025-11-29,53.39,apparel,returned,cod,FR
ORD-00001264,USR-000457,2025-10-02,38.95,electronics,delivered,apple_pay,FR
ORD-00001265,USR-000622,2026-03-13,46.66,apparel,shipped,paypal,US
ORD-00001266,USR-000287,2025-11-18,14.23,sports,cancelled,paypal,CA
ORD-00001267,USR-000315,2026-05-28,18.9,sports,cancelled,card,US
ORD-00001268,USR-000825,2025-05-27,17.97,electronics,cancelled,apple_pay,UK
ORD-00001269,USR-000984,2026-05-07,48.75,electronics,delivered,cod,CA
ORD-00001270,USR-000702,2024-10-20,48.28,books,cancelled,cod,DE
ORD-00001271,USR-000134,2025-04-09,35.48,apparel,returned,cod,DE
ORD-00001272,USR-000434,2025-08-17,23.31,home,delivered,paypal,FR
ORD-00001273,USR-000492,2024-08-13,23.43,electronics,delivered,paypal,FR
ORD-00001274,USR-000468,2025-06-21,57.94,apparel,cancelled,cod,CA
ORD-00001275,USR-000040,2025-06-27,18.06,home,cancelled,apple_pay,FR
ORD-00001276,USR-000420,2024-09-15,20.28,home,delivered,card,DE
ORD-00001277,USR-000985,2026-06-17,84.0,apparel,shipped,card,UK
ORD-00001278,USR-000898,2026-02-24,23.87,home,shipped,card,FR
ORD-00001279,USR-000653,2026-01-28,13.2,toys,shipped,card,UK
ORD-00001280,USR-000923,2025-04-27,16.74,electronics,shipped,paypal,DE
ORD-00001281,USR-000084,2025-12-23,33.32,apparel,returned,paypal,FR
ORD-00001282,USR-000322,2025-10-19,11.11,sports,cancelled,paypal,US
ORD-00001283,USR-000704,2026-07-19,51.45,toys,cancelled,apple_pay,CA
ORD-00001284,USR-000690,2025-03-31,18.14,apparel,returned,cod,DE
ORD-00001285,USR-000480,2025-12-11,39.65,books,shipped,paypal,US
ORD-00001286,USR-000781,2026-04-06,23.06,toys,delivered,apple_pay,US
ORD-00001287,USR-000788,2025-05-18,38.32,apparel,delivered,paypal,UK
ORD-00001288,USR-000413,2024-11-25,10.47,toys,returned,card,UK
ORD-00001289,USR-000098,2025-11-28,34.4,sports,returned,cod,US
ORD-00001290,USR-000535,2024-12-02,3.32,electronics,returned,paypal,UK
ORD-00001291,USR-000308,2026-04-23,12.01,books,returned,cod,US
ORD-00001292,USR-000118,2025-09-27,24.65,apparel,shipped,paypal,CA
ORD-00001293,USR-000335,2025-08-09,23.42,home,cancelled,paypal,US
ORD-00001294,USR-000475,2026-03-21,15.74,sports,returned,cod,UK
ORD-00001295,USR-000616,2025-08-10,78.7,electronics,delivered,apple_pay,CA
ORD-00001296,USR-000526,2025-07-28,20.68,toys,shipped,apple_pay,DE
ORD-00001297,USR-000862,2026-07-01,27.75,apparel,cancelled,card,US
ORD-00001298,USR-000952,2025-12-05,10.48,home,shipped,paypal,CA
ORD-00001299,USR-000086,2025-09-05,84.18,apparel,delivered,paypal,DE
ORD-00001300,USR-000377,2026-03-15,74.41,sports,delivered,card,CA
ORD-00001301,USR-000278,2025-03-02,6.79,home,shipped,paypal,UK
ORD-00001302,USR-000910,2026-02-18,15.66,home,delivered,apple_pay,CA
ORD-00001303,USR-000390,2025-08-21,30.33,apparel,delivered,apple_pay,UK
ORD-00001304,USR-000112,2026-06-20,29.53,apparel,shipped,card,DE
ORD-00001305,USR-000012,2024-10-02,24.1,sports,shipped,card,US
ORD-00001306,USR-000370,2024-12-14,42.15,toys,cancelled,apple_pay,CA
ORD-00001307,USR-000663,2024-11-24,7.04,electronics,cancelled,paypal,UK
ORD-00001308,USR-000794,2025-03-01,22.12,sports,delivered,apple_pay,FR
ORD-00001309,USR-000585,2025-05-12,35.71,toys,shipped,cod,US
ORD-00001310,USR-000547,2025-04-20,5.15,home,shipped,cod,UK
ORD-00001311,USR-000549,2026-05-24,63.15,electronics,cancelled,card,FR
ORD-00001312,USR-000110,2025-01-04,12.03,toys,cancelled,card,CA
ORD-00001313,USR-000819,2025-08-08,15.49,books,cancelled,paypal,UK
ORD-00001314,USR-000524,2026-01-06,12.53,toys,cancelled,paypal,FR
ORD-00001315,USR-000531,2024-11-22,41.98,sports,delivered,cod,CA
ORD-00001316,USR-000370,2024-11-20,6.19,home,shipped,apple_pay,CA
ORD-00001317,USR-000288,2025-04-09,39.04,sports,returned,apple_pay,UK
ORD-00001318,USR-000798,2025-05-21,76.13,home,shipped,card,UK
ORD-00001319,USR-000438,2026-01-10,18.62,sports,delivered,cod,FR
ORD-00001320,USR-000545,2026-03-09,18.34,electronics,returned,apple_pay,UK
ORD-00001321,USR-000822,2025-05-13,12.77,electronics,cancelled,apple_pay,DE
ORD-00001322,USR-000022,2024-10-28,27.54,apparel,cancelled,card,DE
ORD-00001323,USR-000161,2026-04-18,43.75,home,shipped,cod,US
ORD-00001324,USR-000095,2026-07-30,34.01,books,shipped,paypal,UK
ORD-00001325,USR-000480,2026-03-12,21.26,toys,delivered,cod,UK
ORD-00001326,USR-000207,2025-09-02,11.65,apparel,shipped,paypal,UK
ORD-00001327,USR-000061,2024-09-19,30.96,toys,cancelled,paypal,FR
ORD-00001328,USR-000521,2025-03-30,49.59,home,shipped,cod,FR
ORD-00001329,USR-000587,2024-10-22,14.23,electronics,returned,card,DE
ORD-00001330,USR-000606,2026-04-17,77.14,toys,cancelled,apple_pay,UK
ORD-00001331,USR-000620,2024-12-04,36.33,sports,delivered,paypal,DE
ORD-00001332,USR-000743,2025-11-04,16.22,toys,cancelled,paypal,DE
ORD-00001333,USR-000747,2025-02-28,13.3,electronics,cancelled,card,CA
ORD-00001334,USR-000219,2026-01-25,28.54,toys,shipped,cod,DE
ORD-00001335,USR-000105,2026-06-08,13.98,home,delivered,apple_pay,US
ORD-00001336,USR-000285,2025-08-11,38.44,toys,cancelled,card,US
ORD-00001337,USR-000168,2026-07-13,26.63,apparel,delivered,card,UK
ORD-00001338,USR-000007,2026-01-29,53.6,books,shipped,card,DE
ORD-00001339,USR-000794,2024-09-15,42.99,home,cancelled,paypal,FR
ORD-00001340,USR-000736,2025-06-18,64.29,sports,returned,cod,UK
ORD-00001341,USR-000187,2025-06-05,15.7,toys,cancelled,paypal,CA
ORD-00001342,USR-000840,2025-02-19,98.63,electronics,shipped,cod,FR
ORD-00001343,USR-000987,2025-10-01,13.65,toys,shipped,card,UK
ORD-00001344,USR-000123,2025-02-28,14.27,toys,cancelled,cod,FR
ORD-00001345,USR-000683,2025-02-02,53.5,sports,delivered,apple_pay,UK
ORD-00001346,USR-000488,2026-03-19,27.14,books,returned,paypal,US
ORD-00001347,USR-000682,2025-08-17,52.93,electronics,delivered,paypal,FR
ORD-00001348,USR-000488,2026-05-22,18.26,home,cancelled,card,CA
ORD-00001349,USR-000701,2025-04-22,49.02,home,delivered,paypal,DE
ORD-00001350,USR-000558,2026-01-18,19.9,apparel,cancelled,apple_pay,CA
ORD-00001351,USR-000252,2024-11-05,33.91,home,returned,card,CA
ORD-00001352,USR-000241,2026-03-20,65.17,sports,cancelled,card,DE
ORD-00001353,USR-000370,2025-08-10,20.64,electronics,shipped,paypal,US
ORD-00001354,USR-000839,2025-09-16,73.99,apparel,returned,card,FR
ORD-00001355,USR-000290,2026-02-15,65.7,apparel,shipped,apple_pay,US
ORD-00001356,USR-000970,2025-07-06,20.48,sports,returned,apple_pay,FR
ORD-00001357,USR-000718,2026-03-04,40.46,toys,cancelled,card,FR
ORD-00001358,USR-000347,2025-08-28,27.11,home,delivered,apple_pay,FR
ORD-00001359,USR-000849,2025-04-08,44.51,electronics,returned,cod,FR
ORD-00001360,USR-000299,2026-01-26,31.31,electronics,returned,apple_pay,US
ORD-00001361,USR-000554,2025-03-20,49.09,toys,shipped,card,UK
ORD-00001362,USR-000813,2025-07-03,32.25,home,delivered,apple_pay,DE
ORD-00001363,USR-000150,2025-04-10,17.18,home,shipped,apple_pay,US
ORD-00001364,USR-000436,2025-01-12,3.5,sports,returned,apple_pay,FR
ORD-00001365,USR-000323,2025-01-07,20.71,apparel,delivered,cod,DE
ORD-00001366,USR-000469,2025-01-20,18.58,sports,shipped,cod,FR
ORD-00001367,USR-000626,2025-05-20,44.79,sports,delivered,card,CA
ORD-00001368,USR-000286,2024-10-02,51.58,apparel,returned,apple_pay,UK
ORD-00001369,USR-000693,2025-10-29,37.59,electronics,cancelled,paypal,DE
ORD-00001370,USR-000560,2025-09-23,8.66,home,delivered,cod,FR
ORD-00001371,USR-000206,2024-11-08,21.26,books,returned,apple_pay,DE
ORD-00001372,USR-000806,2026-01-24,35.73,home,returned,cod,CA
ORD-00001373,USR-000075,2025-02-05,14.11,apparel,cancelled,cod,FR
ORD-00001374,USR-000884,2025-09-08,37.73,apparel,cancelled,paypal,CA
ORD-00001375,USR-000723,2026-06-17,17.2,sports,returned,card,US
ORD-00001376,USR-000595,2026-01-30,29.15,apparel,cancelled,cod,FR
ORD-00001377,USR-000218,2026-07-28,18.5,toys,shipped,card,CA
ORD-00001378,USR-000924,2025-11-13,47.15,toys,returned,apple_pay,CA
ORD-00001379,USR-000129,2026-01-17,28.69,toys,cancelled,cod,DE
ORD-00001380,USR-000836,2026-05-12,46.09,apparel,returned,apple_pay,DE
ORD-00001381,USR-000102,2026-03-11,14.2,apparel,cancelled,card,DE
ORD-00001382,USR-000317,2025-03-04,47.31,sports,returned,card,DE
ORD-00001383,USR-000245,2024-11-12,24.91,sports,shipped,card,UK
ORD-00001384,USR-000914,2026-07-19,23.3,home,delivered,apple_pay,UK
ORD-00001385,USR-000996,2026-06-30,18.14,sports,delivered,paypal,UK
ORD-00001386,USR-000779,2024-12-24,26.95,apparel,cancelled,paypal,DE
ORD-00001387,USR-000519,2025-05-22,19.75,apparel,cancelled,card,FR
ORD-00001388,USR-000516,2024-12-31,24.55,electronics,cancelled,paypal,US
ORD-00001389,USR-000649,2026-01-28,14.7,electronics,shipped,card,UK
ORD-00001390,USR-000577,2024-08-14,32.2,electronics,delivered,apple_pay,UK
ORD-00001391,USR-000971,2025-01-14,29.33,home,returned,cod,DE
ORD-00001392,USR-000073,2024-10-05,9.47,home,delivered,cod,DE
ORD-00001393,USR-000400,2024-09-30,35.02,books,delivered,card,DE
ORD-00001394,USR-000703,2025-06-20,42.73,sports,returned,cod,DE
ORD-00001395,USR-000770,2025-09-05,95.11,sports,returned,apple_pay,DE
ORD-00001396,USR-000997,2025-09-10,18.35,electronics,delivered,apple_pay,CA
ORD-00001397,USR-000601,2025-07-07,21.87,home,shipped,card,DE
ORD-00001398,USR-000373,2026-07-07,7.15,books,returned,paypal,FR
ORD-00001399,USR-000572,2026-03-03,36.26,sports,cancelled,apple_pay,UK
ORD-00001400,USR-000146,2025-12-25,12.14,toys,cancelled,card,DE
ORD-00001401,USR-000912,2024-09-05,33.72,books,returned,paypal,FR
ORD-00001402,USR-000443,2026-04-11,39.36,apparel,returned,cod,CA
ORD-00001403,USR-000313,2025-04-11,18.01,apparel,shipped,paypal,CA
ORD-00001404,USR-000841,2025-04-03,25.28,sports,cancelled,apple_pay,FR
ORD-00001405,USR-000545,2025-03-28,15.73,home,cancelled,paypal,UK
ORD-00001406,USR-000365,2025-05-19,12.36,home,delivered,apple_pay,CA
ORD-00001407,USR-000422,2025-12-25,190.73,home,returned,paypal,UK
ORD-00001408,USR-000075,2026-02-06,43.37,books,returned,card,CA
ORD-00001409,USR-000337,2025-01-08,18.16,sports,returned,paypal,CA
ORD-00001410,USR-000828,2024-12-28,101.7,books,cancelled,cod,UK
ORD-00001411,USR-000070,2026-01-06,22.36,electronics,cancelled,cod,US
ORD-00001412,USR-000710,2025-12-08,7.57,books,delivered,cod,CA
ORD-00001413,USR-000271,2024-10-29,15.82,toys,shipped,paypal,DE
ORD-00001414,USR-000821,2026-06-08,15.54,home,delivered,cod,FR
ORD-00001415,USR-000469,2024-11-20,12.0,toys,delivered,card,US
ORD-00001416,USR-000135,2025-12-03,28.11,books,cancelled,paypal,US
ORD-00001417,USR-000193,2024-11-18,28.26,electronics,delivered,paypal,US
ORD-00001418,USR-000795,2024-12-14,48.52,apparel,delivered,apple_pay,UK
ORD-00001419,USR-000749,2026-04-29,37.7,home,cancelled,cod,CA
ORD-00001420,USR-000155,2026-05-31,9.82,sports,returned,paypal,CA
ORD-00001421,USR-000617,2026-07-16,8.38,apparel,shipped,apple_pay,CA
ORD-00001422,USR-000750,2024-12-19,14.77,electronics,delivered,apple_pay,US
ORD-00001423,USR-000241,2024-09-18,8.5,home,cancelled,card,UK
ORD-00001424,USR-000916,2025-08-02,15.24,home,cancelled,paypal,UK
ORD-00001425,USR-000051,2026-02-06,23.97,toys,shipped,paypal,CA
ORD-00001426,USR-000528,2026-07-16,6.77,books,returned,card,CA
ORD-00001427,USR-000272,2025-09-13,16.51,electronics,delivered,card,FR
ORD-00001428,USR-000013,2024-12-21,23.51,books,shipped,paypal,UK
ORD-00001429,USR-000720,2024-08-30,22.53,sports,returned,apple_pay,UK
ORD-00001430,USR-000264,2025-11-20,22.74,electronics,returned,apple_pay,DE
ORD-00001431,USR-000970,2025-06-30,15.1,books,delivered,apple_pay,DE
ORD-00001432,USR-000961,2026-06-24,21.63,toys,shipped,paypal,FR
ORD-00001433,USR-000763,2026-01-28,76.03,electronics,returned,card,CA
ORD-00001434,USR-000985,2025-08-07,30.41,home,shipped,paypal,FR
ORD-00001435,USR-000052,2024-09-10,21.24,toys,cancelled,paypal,UK
ORD-00001436,USR-000832,2026-02-12,22.66,toys,delivered,paypal,FR
ORD-00001437,USR-000886,2024-12-13,27.94,sports,delivered,card,CA
ORD-00001438,USR-000453,2025-01-01,19.24,toys,cancelled,apple_pay,DE
ORD-00001439,USR-000684,2026-02-23,36.46,toys,delivered,cod,CA
ORD-00001440,USR-000182,2026-04-09,16.85,toys,cancelled,card,US
ORD-00001441,USR-000004,2025-09-27,118.2,electronics,returned,apple_pay,CA
ORD-00001442,USR-000402,2026-06-20,16.89,electronics,returned,card,UK
ORD-00001443,USR-000151,2025-01-14,19.12,electronics,cancelled,paypal,DE
ORD-00001444,USR-000521,2025-08-04,51.64,sports,delivered,card,FR
ORD-00001445,USR-000938,2025-07-18,11.75,home,shipped,card,US
ORD-00001446,USR-000045,2026-01-28,70.22,toys,returned,paypal,CA
ORD-00001447,USR-000351,2025-10-18,27.79,toys,returned,cod,UK
ORD-00001448,USR-000291,2024-10-06,18.89,apparel,returned,paypal,FR
ORD-00001449,USR-000674,2025-10-20,16.01,apparel,shipped,apple_pay,UK
ORD-00001450,USR-000823,2025-10-13,21.74,electronics,cancelled,cod,UK
ORD-00001451,USR-000665,2025-12-18,104.6,sports,cancelled,card,UK
ORD-00001452,USR-000304,2024-11-10,75.62,home,delivered,cod,UK
ORD-00001453,USR-000507,2024-11-29,132.64,books,cancelled,card,DE
ORD-00001454,USR-000406,2024-08-25,28.07,toys,cancelled,cod,UK
ORD-00001455,USR-000809,2025-01-26,21.97,toys,shipped,paypal,DE
ORD-00001456,USR-000762,2025-06-28,18.69,sports,cancelled,apple_pay,CA
ORD-00001457,USR-000091,2026-02-03,12.6,home,returned,apple_pay,CA
ORD-00001458,USR-000465,2025-03-30,30.57,sports,returned,card,UK
ORD-00001459,USR-000072,2025-07-20,19.18,books,returned,card,FR
ORD-00001460,USR-000080,2025-02-19,12.76,electronics,shipped,card,US
ORD-00001461,USR-000635,2024-08-13,41.48,electronics,cancelled,paypal,FR
ORD-00001462,USR-000157,2025-09-15,8.11,apparel,delivered,apple_pay,FR
ORD-00001463,USR-000404,2025-03-31,72.11,apparel,returned,cod,FR
ORD-00001464,USR-000830,2026-06-14,14.59,books,returned,paypal,UK
ORD-00001465,USR-000770,2026-06-23,24.47,books,delivered,card,DE
ORD-00001466,USR-000518,2026-01-06,13.55,sports,returned,cod,FR
ORD-00001467,USR-000317,2025-10-22,32.78,toys,delivered,apple_pay,CA
ORD-00001468,USR-000531,2024-10-04,21.53,toys,cancelled,card,FR
ORD-00001469,USR-000335,2026-07-17,19.27,toys,returned,paypal,FR
ORD-00001470,USR-000489,2026-07-26,43.13,books,shipped,paypal,CA
ORD-00001471,USR-000336,2025-10-23,17.51,sports,shipped,apple_pay,DE
ORD-00001472,USR-000944,2025-09-05,29.12,toys,shipped,cod,US
ORD-00001473,USR-000746,2024-12-29,36.98,electronics,shipped,apple_pay,UK
ORD-00001474,USR-000897,2026-07-27,54.41,sports,delivered,card,UK
ORD-00001475,USR-000103,2025-10-05,51.85,toys,returned,card,FR
ORD-00001476,USR-000050,2026-02-06,19.08,books,returned,cod,FR
ORD-00001477,USR-000991,2025-11-06,70.97,toys,cancelled,card,FR
ORD-00001478,USR-000981,2025-09-11,18.2,sports,delivered,paypal,UK
ORD-00001479,USR-000280,2024-11-24,7.1,books,shipped,paypal,US
ORD-00001480,USR-000558,2025-06-20,15.07,home,returned,cod,FR
ORD-00001481,USR-000070,2025-01-18,68.8,electronics,returned,cod,FR
ORD-00001482,USR-000993,2025-01-29,62.13,books,delivered,card,CA
ORD-00001483,USR-000164,2024-08-18,21.07,home,shipped,card,US
ORD-00001484,USR-000643,2024-08-22,9.1,home,shipped,paypal,US
ORD-00001485,USR-000951,2025-12-21,14.51,electronics,delivered,apple_pay,US
ORD-00001486,USR-000608,2026-06-25,26.3,sports,delivered,paypal,CA
ORD-00001487,USR-000126,2025-09-22,49.26,sports,shipped,card,US
ORD-00001488,USR-000188,2026-04-07,35.57,electronics,delivered,cod,DE
ORD-00001489,USR-000651,2026-06-09,53.1,toys,delivered,cod,DE
ORD-00001490,USR-000890,2026-02-06,5.9,home,cancelled,paypal,UK
ORD-00001491,USR-000224,2026-02-05,49.25,sports,delivered,apple_pay,US
ORD-00001492,USR-000321,2026-04-09,14.73,sports,delivered,card,DE
ORD-00001493,USR-001000,2024-12-31,108.45,toys,returned,card,CA
ORD-00001494,USR-000495,2026-01-03,49.63,books,delivered,paypal,UK
ORD-00001495,USR-000643,2024-09-28,50.14,electronics,shipped,paypal,US
ORD-00001496,USR-000390,2026-01-15,16.83,toys,shipped,paypal,UK
ORD-00001497,USR-000715,2024-09-22,12.63,toys,cancelled,paypal,DE
ORD-00001498,USR-000394,2025-08-07,15.2,apparel,shipped,card,CA
ORD-00001499,USR-000115,2025-06-06,9.93,home,cancelled,paypal,FR
ORD-00001500,USR-000978,2025-10-24,45.61,sports,returned,card,US
ORD-00001501,USR-000768,2026-05-17,41.1,books,delivered,card,DE
ORD-00001502,USR-000946,2026-05-19,19.63,books,returned,paypal,FR
ORD-00001503,USR-000008,2025-06-11,16.03,electronics,returned,apple_pay,CA
ORD-00001504,USR-000443,2026-06-01,17.92,electronics,shipped,card,FR
ORD-00001505,USR-000588,2026-01-16,15.37,home,shipped,card,UK
ORD-00001506,USR-000969,2025-09-03,34.0,electronics,delivered,apple_pay,US
ORD-00001507,USR-000063,2025-08-12,30.07,home,cancelled,card,FR
ORD-00001508,USR-000266,2025-11-22,24.6,home,returned,cod,DE
ORD-00001509,USR-000064,2024-08-16,12.97,home,returned,cod,FR
ORD-00001510,USR-000504,2026-01-01,31.22,apparel,returned,cod,UK
ORD-00001511,USR-000676,2025-10-27,18.96,books,shipped,apple_pay,UK
ORD-00001512,USR-000736,2025-03-06,58.36,sports,returned,paypal,CA
ORD-00001513,USR-000562,2026-05-26,61.53,electronics,shipped,card,UK
ORD-00001514,USR-000111,2026-03-14,41.54,sports,shipped,cod,FR
ORD-00001515,USR-000032,2026-05-23,6.41,apparel,cancelled,card,CA
ORD-00001516,USR-000311,2025-10-04,10.98,apparel,returned,apple_pay,DE
ORD-00001517,USR-000822,2024-12-05,10.05,books,cancelled,cod,FR
ORD-00001518,USR-000447,2025-01-27,74.86,electronics,delivered,paypal,UK
ORD-00001519,USR-000850,2026-02-01,29.39,home,delivered,paypal,FR
ORD-00001520,USR-000674,2025-08-01,26.06,apparel,delivered,apple_pay,UK
ORD-00001521,USR-000716,2025-08-11,14.19,sports,returned,cod,DE
ORD-00001522,USR-000924,2026-01-10,8.83,toys,delivered,card,DE
ORD-00001523,USR-000040,2026-05-06,36.25,sports,returned,apple_pay,UK
ORD-00001524,USR-000077,2026-01-11,66.94,sports,delivered,paypal,CA
ORD-00001525,USR-000682,2025-08-25,35.76,electronics,cancelled,cod,FR
ORD-00001526,USR-000895,2025-10-06,11.57,electronics,cancelled,paypal,CA
ORD-00001527,USR-000061,2025-11-21,30.5,books,shipped,apple_pay,FR
ORD-00001528,USR-000578,2024-11-23,33.42,home,returned,paypal,DE
ORD-00001529,USR-000981,2024-09-23,8.97,electronics,shipped,apple_pay,DE
ORD-00001530,USR-000914,2026-03-11,33.87,books,shipped,cod,DE
ORD-00001531,USR-000201,2026-08-05,88.55,home,returned,apple_pay,FR
ORD-00001532,USR-000293,2025-09-21,10.29,electronics,shipped,apple_pay,DE
ORD-00001533,USR-000816,2026-03-10,31.33,electronics,delivered,cod,DE
ORD-00001534,USR-000415,2025-12-24,23.38,electronics,shipped,apple_pay,US
ORD-00001535,USR-000962,2026-06-10,20.98,apparel,returned,cod,CA
ORD-00001536,USR-000252,2025-07-25,18.3,home,shipped,card,UK
ORD-00001537,USR-000408,2025-01-22,33.31,toys,cancelled,paypal,DE
ORD-00001538,USR-000217,2026-01-21,13.56,books,returned,paypal,CA
ORD-00001539,USR-000200,2024-11-19,20.73,home,cancelled,apple_pay,UK
ORD-00001540,USR-000819,2026-05-24,66.77,toys,cancelled,paypal,UK
ORD-00001541,USR-000893,2026-04-20,18.26,apparel,delivered,cod,UK
ORD-00001542,USR-000272,2026-06-09,46.35,books,cancelled,cod,UK
ORD-00001543,USR-000171,2025-08-06,34.7,books,cancelled,paypal,UK
ORD-00001544,USR-000388,2026-08-06,17.22,home,delivered,paypal,FR
ORD-00001545,USR-000114,2025-06-25,14.36,books,shipped,apple_pay,DE
ORD-00001546,USR-000296,2025-01-28,9.42,books,returned,paypal,UK
ORD-00001547,USR-000452,2024-09-02,36.79,toys,returned,apple_pay,FR
ORD-00001548,USR-000832,2025-11-07,13.42,apparel,delivered,cod,UK
ORD-00001549,USR-000829,2026-02-15,11.89,toys,delivered,paypal,UK
ORD-00001550,USR-000492,2025-02-19,42.94,toys,shipped,card,UK
ORD-00001551,USR-000981,2024-08-12,16.92,electronics,cancelled,apple_pay,CA
ORD-00001552,USR-000079,2026-06-30,7.8,electronics,cancelled,cod,UK
ORD-00001553,USR-000926,2025-01-03,27.99,sports,shipped,apple_pay,CA
ORD-00001554,USR-000763,2026-02-15,12.13,sports,delivered,cod,DE
ORD-00001555,USR-000755,2025-02-20,39.59,toys,delivered,cod,FR
ORD-00001556,USR-000642,2024-11-26,16.17,home,delivered,paypal,US
ORD-00001557,USR-000532,2025-02-05,84.14,toys,delivered,cod,UK
ORD-00001558,USR-000010,2025-03-09,13.46,home,returned,card,UK
ORD-00001559,USR-000596,2025-02-18,34.37,sports,delivered,card,UK
ORD-00001560,USR-000780,2026-02-13,23.27,books,returned,paypal,CA
ORD-00001561,USR-000116,2024-10-14,21.28,toys,cancelled,paypal,UK
ORD-00001562,USR-000038,2025-08-05,73.93,sports,returned,apple_pay,CA
ORD-00001563,USR-000034,2025-04-07,17.18,home,shipped,apple_pay,DE
ORD-00001564,USR-000015,2025-02-16,30.53,sports,shipped,paypal,FR
ORD-00001565,USR-000940,2026-02-06,17.68,home,cancelled,paypal,FR
ORD-00001566,USR-000722,2024-09-08,52.23,books,cancelled,cod,UK
ORD-00001567,USR-000676,2025-01-12,23.04,sports,shipped,paypal,US
ORD-00001568,USR-000349,2024-11-11,16.01,sports,shipped,cod,DE
ORD-00001569,USR-000445,2025-12-11,10.54,toys,delivered,card,UK
ORD-00001570,USR-000601,2024-12-24,15.41,toys,delivered,apple_pay,US
ORD-00001571,USR-000791,2024-09-17,4.39,books,delivered,paypal,UK
ORD-00001572,USR-000997,2024-09-25,103.16,electronics,cancelled,cod,FR
ORD-00001573,USR-000648,2025-06-25,64.69,apparel,returned,paypal,UK
ORD-00001574,USR-000315,2024-09-27,6.17,home,delivered,paypal,US
ORD-00001575,USR-000059,2026-05-03,12.22,sports,shipped,paypal,DE
ORD-00001576,USR-000319,2024-08-15,43.34,apparel,delivered,paypal,UK
ORD-00001577,USR-000354,2025-11-19,27.26,home,shipped,apple_pay,DE
ORD-00001578,USR-000383,2026-01-30,16.95,home,shipped,cod,DE
ORD-00001579,USR-000783,2025-06-29,48.16,apparel,returned,cod,UK
ORD-00001580,USR-000793,2025-10-04,45.06,electronics,returned,apple_pay,FR
ORD-00001581,USR-000832,2026-03-23,73.44,toys,shipped,apple_pay,US
ORD-00001582,USR-000175,2026-06-17,13.58,toys,cancelled,cod,DE
ORD-00001583,USR-000813,2025-01-30,33.41,apparel,returned,apple_pay,CA
ORD-00001584,USR-000873,2025-03-22,11.13,toys,shipped,apple_pay,FR
ORD-00001585,USR-000703,2024-10-13,19.17,books,returned,cod,UK
ORD-00001586,USR-000695,2025-12-10,26.6,apparel,shipped,apple_pay,UK
ORD-00001587,USR-000039,2026-05-02,22.66,home,delivered,apple_pay,FR
ORD-00001588,USR-000732,2026-07-27,9.19,home,returned,apple_pay,CA
ORD-00001589,USR-000858,2025-03-15,34.98,toys,shipped,cod,DE
ORD-00001590,USR-000723,2025-04-19,17.1,home,returned,card,UK
ORD-00001591,USR-000134,2025-03-31,70.96,apparel,cancelled,card,FR
ORD-00001592,USR-000363,2025-12-23,11.98,electronics,shipped,apple_pay,DE
ORD-00001593,USR-000079,2025-01-03,6.75,books,returned,paypal,DE
ORD-00001594,USR-000148,2024-09-17,26.39,home,shipped,paypal,FR
ORD-00001595,USR-000043,2025-05-10,10.09,books,delivered,cod,US
ORD-00001596,USR-000824,2024-12-01,51.93,electronics,shipped,paypal,US
ORD-00001597,USR-000517,2026-04-13,41.87,apparel,cancelled,paypal,DE
ORD-00001598,USR-000669,2025-03-10,46.57,toys,shipped,card,FR
ORD-00001599,USR-000941,2026-05-24,15.42,books,delivered,paypal,US
ORD-00001600,USR-000033,2026-06-30,96.98,sports,returned,cod,DE
ORD-00001601,USR-000802,2025-07-16,23.17,sports,cancelled,cod,DE
ORD-00001602,USR-000319,2026-03-04,19.21,books,delivered,paypal,UK
ORD-00001603,USR-000922,2026-03-06,5.7,home,shipped,apple_pay,US
ORD-00001604,USR-000111,2026-04-09,34.83,home,shipped,paypal,US
ORD-00001605,USR-000551,2026-06-12,43.41,electronics,shipped,paypal,US
ORD-00001606,USR-000211,2025-10-28,13.0,apparel,cancelled,apple_pay,UK
ORD-00001607,USR-000765,2024-10-10,46.53,electronics,returned,apple_pay,US
ORD-00001608,USR-000443,2025-07-16,8.66,toys,delivered,apple_pay,US
ORD-00001609,USR-000765,2025-06-16,43.03,books,returned,cod,CA
ORD-00001610,USR-000110,2025-09-01,21.45,electronics,cancelled,paypal,DE
ORD-00001611,USR-000714,2026-01-03,23.13,books,cancelled,card,DE
ORD-00001612,USR-000581,2025-09-23,16.49,electronics,cancelled,paypal,US
ORD-00001613,USR-000162,2025-06-08,4.91,home,shipped,cod,DE
ORD-00001614,USR-000787,2026-01-19,11.64,electronics,cancelled,card,FR
ORD-00001615,USR-000686,2024-08-22,53.44,books,cancelled,card,DE
ORD-00001616,USR-000695,2024-12-10,50.46,apparel,cancelled,apple_pay,DE
ORD-00001617,USR-000673,2025-10-10,17.32,electronics,shipped,card,US
ORD-00001618,USR-000265,2025-05-03,10.86,home,shipped,cod,DE
ORD-00001619,USR-000552,2026-01-08,19.75,apparel,delivered,cod,DE
ORD-00001620,USR-000614,2025-11-10,63.82,apparel,cancelled,cod,DE
ORD-00001621,USR-000962,2024-09-19,32.42,sports,shipped,apple_pay,US
ORD-00001622,USR-000761,2024-10-15,9.98,apparel,delivered,apple_pay,US
ORD-00001623,USR-000473,2026-07-15,22.91,toys,returned,paypal,UK
ORD-00001624,USR-000718,2025-03-21,14.65,electronics,cancelled,card,DE
ORD-00001625,USR-000602,2024-09-11,50.19,toys,delivered,cod,UK
ORD-00001626,USR-000359,2024-08-29,21.28,sports,cancelled,apple_pay,CA
ORD-00001627,USR-000735,2026-01-21,25.62,electronics,shipped,cod,DE
ORD-00001628,USR-000704,2024-11-25,50.63,apparel,cancelled,card,DE
ORD-00001629,USR-000930,2026-06-12,64.34,books,delivered,apple_pay,UK
ORD-00001630,USR-000761,2025-11-15,21.66,home,returned,cod,US
ORD-00001631,USR-000881,2025-01-09,19.8,books,cancelled,card,FR
ORD-00001632,USR-000246,2025-05-17,16.85,sports,cancelled,cod,US
ORD-00001633,USR-000350,2024-10-17,27.97,apparel,returned,card,US
ORD-00001634,USR-000225,2025-07-23,14.46,electronics,shipped,paypal,UK
ORD-00001635,USR-000929,2025-09-19,20.76,electronics,cancelled,cod,FR
ORD-00001636,USR-000414,2026-04-17,20.18,toys,cancelled,cod,FR
ORD-00001637,USR-000498,2025-04-02,28.09,books,returned,paypal,US
ORD-00001638,USR-000586,2024-11-02,21.84,home,shipped,cod,US
ORD-00001639,USR-000267,2026-05-18,36.96,electronics,shipped,apple_pay,FR
ORD-00001640,USR-000750,2026-05-22,12.49,electronics,delivered,card,CA
ORD-00001641,USR-000495,2026-04-07,13.01,toys,delivered,card,DE
ORD-00001642,USR-000400,2025-08-18,16.47,books,delivered,cod,CA
ORD-00001643,USR-000478,2026-07-29,46.29,home,shipped,cod,US
ORD-00001644,USR-000431,2025-03-22,37.29,apparel,returned,paypal,UK
ORD-00001645,USR-000428,2026-06-03,22.22,home,returned,cod,UK
ORD-00001646,USR-000401,2026-06-27,30.06,books,cancelled,card,US
ORD-00001647,USR-000819,2026-04-02,40.74,electronics,delivered,paypal,CA
ORD-00001648,USR-000316,2025-02-24,36.17,sports,cancelled,cod,CA
ORD-00001649,USR-000767,2025-09-24,36.76,toys,shipped,apple_pay,DE
ORD-00001650,USR-000083,2025-05-07,9.48,electronics,delivered,paypal,FR
ORD-00001651,USR-000004,2024-09-08,36.34,toys,cancelled,cod,CA
ORD-00001652,USR-000678,2025-03-15,11.23,toys,delivered,card,US
ORD-00001653,USR-000672,2025-11-21,69.29,apparel,returned,cod,FR
ORD-00001654,USR-000031,2026-01-31,39.25,sports,returned,cod,DE
ORD-00001655,USR-000235,2025-12-02,15.46,books,cancelled,cod,CA
ORD-00001656,USR-000520,2024-10-10,12.44,sports,cancelled,apple_pay,UK
ORD-00001657,USR-000011,2026-02-05,24.27,electronics,cancelled,card,CA
ORD-00001658,USR-000503,2024-08-18,19.02,toys,shipped,card,CA
ORD-00001659,USR-000160,2025-02-13,64.77,electronics,returned,apple_pay,DE
ORD-00001660,USR-000463,2026-03-21,63.4,home,delivered,paypal,US
ORD-00001661,USR-000379,2026-02-14,19.8,apparel,returned,card,CA
ORD-00001662,USR-000718,2025-07-24,50.12,electronics,cancelled,apple_pay,FR
ORD-00001663,USR-000619,2026-04-13,11.06,toys,shipped,paypal,US
ORD-00001664,USR-000929,2026-05-20,35.9,home,returned,cod,DE
ORD-00001665,USR-000424,2026-04-05,18.07,sports,delivered,cod,UK
ORD-00001666,USR-000452,2025-09-20,20.94,books,shipped,paypal,DE
ORD-00001667,USR-000112,2026-03-31,80.17,toys,cancelled,card,CA
ORD-00001668,USR-000577,2025-04-07,4.83,books,cancelled,paypal,UK
ORD-00001669,USR-000759,2024-11-08,54.27,sports,returned,card,CA
ORD-00001670,USR-000941,2025-01-19,34.0,home,cancelled,card,US
ORD-00001671,USR-000725,2024-12-06,44.01,toys,returned,cod,FR
ORD-00001672,USR-000193,2026-02-06,14.25,toys,cancelled,paypal,DE
ORD-00001673,USR-000827,2026-05-07,35.46,toys,returned,card,DE
ORD-00001674,USR-000393,2025-03-12,34.77,toys,returned,card,DE
ORD-00001675,USR-000140,2025-01-25,28.07,apparel,shipped,card,FR
ORD-00001676,USR-000633,2025-12-17,13.54,sports,shipped,cod,CA
ORD-00001677,USR-000967,2025-03-31,5.63,books,shipped,cod,UK
ORD-00001678,USR-000431,2025-11-27,23.62,apparel,delivered,apple_pay,DE
ORD-00001679,USR-000676,2026-04-29,56.91,home,shipped,cod,DE
ORD-00001680,USR-000490,2025-12-20,11.51,sports,shipped,paypal,US
ORD-00001681,USR-000402,2024-10-01,11.69,books,cancelled,apple_pay,DE
ORD-00001682,USR-000916,2025-01-12,27.88,toys,shipped,card,UK
ORD-00001683,USR-000530,2026-02-05,65.63,apparel,delivered,paypal,UK
ORD-00001684,USR-000218,2024-08-19,27.96,sports,shipped,apple_pay,UK
ORD-00001685,USR-000508,2024-11-19,40.97,books,delivered,apple_pay,US
ORD-00001686,USR-000870,2026-04-03,12.23,apparel,cancelled,cod,US
ORD-00001687,USR-000042,2025-03-28,62.16,books,cancelled,apple_pay,DE
ORD-00001688,USR-000452,2024-11-17,43.75,home,shipped,cod,FR
ORD-00001689,USR-000238,2025-04-06,70.62,apparel,cancelled,card,CA
ORD-00001690,USR-000110,2026-04-27,27.97,books,returned,cod,US
ORD-00001691,USR-000537,2024-08-25,16.8,apparel,cancelled,apple_pay,CA
ORD-00001692,USR-000955,2024-12-13,41.72,toys,shipped,apple_pay,US
ORD-00001693,USR-000107,2025-03-22,30.98,home,cancelled,card,FR
ORD-00001694,USR-000301,2024-10-07,9.5,apparel,shipped,apple_pay,FR
ORD-00001695,USR-000460,2026-03-24,42.83,books,delivered,paypal,CA
ORD-00001696,USR-000253,2026-03-04,31.16,toys,returned,cod,DE
ORD-00001697,USR-000874,2025-07-20,20.86,toys,cancelled,card,CA
ORD-00001698,USR-000800,2024-09-15,53.58,toys,shipped,cod,FR
ORD-00001699,USR-000224,2025-08-14,25.97,toys,shipped,card,FR
ORD-00001700,USR-000103,2026-04-27,25.06,electronics,shipped,cod,US
ORD-00001701,USR-000185,2026-03-27,19.61,books,shipped,card,DE
ORD-00001702,USR-000126,2025-01-02,18.85,apparel,cancelled,card,CA
ORD-00001703,USR-000229,2025-08-13,37.95,sports,returned,card,UK
ORD-00001704,USR-000449,2025-05-22,47.73,sports,returned,card,FR
ORD-00001705,USR-000140,2024-09-03,57.46,books,shipped,card,CA
ORD-00001706,USR-000061,2024-10-16,72.2,sports,cancelled,cod,UK
ORD-00001707,USR-000035,2024-10-20,15.56,electronics,shipped,card,CA
ORD-00001708,USR-000428,2025-01-19,8.67,books,returned,card,FR
ORD-00001709,USR-000893,2026-04-13,31.02,books,returned,paypal,DE
ORD-00001710,USR-000332,2025-01-15,5.0,apparel,shipped,cod,UK
ORD-00001711,USR-000591,2026-01-11,53.71,home,cancelled,card,UK
ORD-00001712,USR-000324,2025-10-09,14.79,electronics,cancelled,cod,UK
ORD-00001713,USR-000996,2024-10-29,77.0,books,shipped,apple_pay,CA
ORD-00001714,USR-000738,2026-02-08,13.2,books,delivered,card,FR
ORD-00001715,USR-000375,2026-01-05,42.13,electronics,shipped,apple_pay,US
ORD-00001716,USR-000328,2025-09-30,22.93,sports,returned,card,UK
ORD-00001717,USR-000062,2026-04-14,53.32,books,delivered,paypal,FR
ORD-00001718,USR-000753,2026-04-02,28.06,home,delivered,paypal,DE
ORD-00001719,USR-000328,2025-12-06,25.01,electronics,cancelled,apple_pay,DE
ORD-00001720,USR-000208,2025-07-04,115.44,books,shipped,paypal,UK
ORD-00001721,USR-000639,2025-03-05,59.4,home,cancelled,cod,US
ORD-00001722,USR-000348,2025-06-11,32.37,books,delivered,paypal,CA
ORD-00001723,USR-000985,2025-03-11,10.4,electronics,returned,card,DE
ORD-00001724,USR-000113,2025-01-25,53.78,sports,shipped,cod,FR
ORD-00001725,USR-000958,2026-08-01,20.71,sports,returned,paypal,CA
ORD-00001726,USR-000648,2024-09-18,23.42,books,cancelled,apple_pay,DE
ORD-00001727,USR-000574,2026-03-27,85.37,toys,shipped,cod,FR
ORD-00001728,USR-000099,2025-01-13,46.67,apparel,shipped,paypal,FR
ORD-00001729,USR-000975,2026-05-13,7.73,toys,shipped,paypal,CA
ORD-00001730,USR-000523,2025-12-08,20.1,toys,cancelled,card,FR
ORD-00001731,USR-000370,2026-04-15,15.98,apparel,shipped,apple_pay,FR
ORD-00001732,USR-000920,2026-01-03,38.94,electronics,delivered,apple_pay,US
ORD-00001733,USR-000053,2025-09-12,50.32,electronics,delivered,paypal,CA
ORD-00001734,USR-000518,2024-10-06,11.04,home,cancelled,card,UK
ORD-00001735,USR-000458,2024-11-02,36.24,sports,cancelled,cod,US
ORD-00001736,USR-000437,2025-12-05,54.3,toys,returned,paypal,US
ORD-00001737,USR-000200,2026-07-29,4.85,home,delivered,cod,CA
ORD-00001738,USR-000871,2025-01-27,41.12,home,returned,apple_pay,CA
ORD-00001739,USR-000306,2024-08-10,22.69,toys,shipped,paypal,US
ORD-00001740,USR-000591,2026-05-08,13.19,sports,shipped,apple_pay,DE
ORD-00001741,USR-000479,2024-11-07,21.34,electronics,shipped,card,FR
ORD-00001742,USR-000301,2024-11-27,21.1,electronics,returned,paypal,FR
ORD-00001743,USR-000788,2026-07-04,36.81,books,delivered,apple_pay,DE
ORD-00001744,USR-000289,2025-09-03,30.92,sports,shipped,apple_pay,CA
ORD-00001745,USR-000880,2024-09-01,15.54,sports,shipped,paypal,FR
ORD-00001746,USR-000281,2026-02-06,19.27,apparel,cancelled,card,FR
ORD-00001747,USR-000651,2026-03-18,14.49,sports,shipped,paypal,FR
ORD-00001748,USR-000361,2025-02-25,34.09,books,returned,card,US
ORD-00001749,USR-000392,2024-09-23,83.83,toys,delivered,card,CA
ORD-00001750,USR-000888,2025-09-28,22.22,apparel,returned,apple_pay,FR
ORD-00001751,USR-000676,2026-04-23,16.38,toys,delivered,cod,CA
ORD-00001752,USR-000924,2025-02-07,19.24,apparel,returned,cod,DE
ORD-00001753,USR-000559,2025-01-30,26.53,sports,shipped,paypal,US
ORD-00001754,USR-000441,2026-06-22,5.77,toys,cancelled,paypal,CA
ORD-00001755,USR-000793,2025-01-29,25.46,home,cancelled,card,DE
ORD-00001756,USR-000079,2024-09-26,67.21,apparel,returned,paypal,FR
ORD-00001757,USR-000529,2026-03-26,20.47,toys,delivered,apple_pay,US
ORD-00001758,USR-000861,2026-04-10,20.89,home,cancelled,paypal,CA
ORD-00001759,USR-000673,2026-05-07,16.26,apparel,cancelled,cod,FR
ORD-00001760,USR-000779,2025-12-30,18.26,apparel,shipped,paypal,UK
ORD-00001761,USR-000772,2025-05-13,35.78,apparel,shipped,card,UK
ORD-00001762,USR-000806,2026-04-28,29.77,books,cancelled,paypal,US
ORD-00001763,USR-000866,2025-04-22,21.81,apparel,delivered,paypal,DE
ORD-00001764,USR-000622,2025-05-29,21.63,apparel,cancelled,card,DE
ORD-00001765,USR-000755,2025-09-15,7.88,home,delivered,paypal,FR
ORD-00001766,USR-000303,2026-05-04,16.17,toys,shipped,apple_pay,US
ORD-00001767,USR-000760,2024-09-20,44.6,books,returned,paypal,CA
ORD-00001768,USR-000575,2024-11-30,8.88,toys,shipped,cod,DE
ORD-00001769,USR-000364,2024-11-15,11.91,books,cancelled,paypal,FR
ORD-00001770,USR-000776,2025-11-17,17.07,electronics,shipped,card,FR
ORD-00001771,USR-000421,2024-08-21,63.04,home,returned,paypal,CA
ORD-00001772,USR-000605,2024-12-24,35.47,apparel,cancelled,card,UK
ORD-00001773,USR-000960,2026-01-06,101.11,toys,delivered,apple_pay,FR
ORD-00001774,USR-000029,2026-02-11,38.78,electronics,shipped,cod,DE
ORD-00001775,USR-000175,2026-07-06,7.17,sports,cancelled,apple_pay,UK
ORD-00001776,USR-000482,2025-12-13,27.47,apparel,delivered,cod,US
ORD-00001777,USR-000497,2025-10-03,15.13,toys,cancelled,cod,UK
ORD-00001778,USR-000691,2025-12-29,21.85,books,returned,cod,DE
ORD-00001779,USR-000969,2025-07-02,15.3,home,returned,apple_pay,US
ORD-00001780,USR-000152,2025-05-05,30.78,electronics,cancelled,paypal,FR
ORD-00001781,USR-000695,2025-01-10,15.21,sports,delivered,paypal,DE
ORD-00001782,USR-000623,2024-12-20,40.06,sports,cancelled,paypal,DE
ORD-00001783,USR-000429,2026-02-27,97.3,apparel,shipped,card,DE
ORD-00001784,USR-000202,2025-02-28,19.09,sports,cancelled,paypal,UK
ORD-00001785,USR-000855,2025-04-02,29.66,home,shipped,cod,DE
ORD-00001786,USR-000908,2025-09-11,12.0,books,shipped,paypal,US
ORD-00001787,USR-000215,2025-12-20,16.02,electronics,returned,card,FR
ORD-00001788,USR-000670,2026-05-12,26.27,electronics,returned,paypal,UK
ORD-00001789,USR-000722,2025-10-16,5.19,sports,cancelled,cod,UK
ORD-00001790,USR-000279,2025-02-10,34.54,toys,returned,cod,US
ORD-00001791,USR-000283,2024-10-29,23.26,home,cancelled,cod,UK
ORD-00001792,USR-000589,2024-12-08,23.45,books,returned,card,US
ORD-00001793,USR-000680,2024-10-30,7.77,apparel,cancelled,cod,CA
ORD-00001794,USR-000931,2025-02-17,69.39,toys,delivered,card,FR
ORD-00001795,USR-000887,2026-01-22,37.25,apparel,returned,apple_pay,DE
ORD-00001796,USR-000640,2025-10-13,112.67,apparel,returned,paypal,US
ORD-00001797,USR-000920,2025-08-13,47.13,books,returned,cod,US
ORD-00001798,USR-000694,2025-01-20,27.16,home,returned,paypal,CA
ORD-00001799,USR-000421,2024-08-21,6.81,apparel,delivered,apple_pay,FR
ORD-00001800,USR-000880,2025-07-02,58.16,apparel,shipped,cod,UK
ORD-00001801,USR-000829,2025-06-29,23.74,apparel,shipped,card,CA
ORD-00001802,USR-000870,2024-10-02,23.9,toys,cancelled,paypal,UK
ORD-00001803,USR-000592,2025-12-23,31.53,toys,cancelled,card,UK
ORD-00001804,USR-000694,2025-06-11,42.92,toys,shipped,card,UK
ORD-00001805,USR-000220,2024-09-20,22.4,apparel,cancelled,apple_pay,FR
ORD-00001806,USR-000414,2026-01-28,48.61,books,cancelled,apple_pay,FR
ORD-00001807,USR-000728,2025-09-22,9.0,sports,delivered,paypal,CA
ORD-00001808,USR-000793,2026-03-19,40.24,toys,returned,apple_pay,US
ORD-00001809,USR-000456,2025-01-16,55.8,electronics,returned,paypal,CA
ORD-00001810,USR-000751,2024-10-27,30.55,home,cancelled,paypal,DE
ORD-00001811,USR-000947,2026-06-17,15.15,books,returned,paypal,UK
ORD-00001812,USR-000118,2026-03-19,66.44,books,returned,paypal,DE
ORD-00001813,USR-000418,2025-03-21,88.24,home,returned,apple_pay,FR
ORD-00001814,USR-000923,2025-10-25,34.57,toys,delivered,cod,DE
ORD-00001815,USR-000471,2025-09-24,12.5,toys,returned,card,US
ORD-00001816,USR-000487,2025-01-03,17.71,apparel,cancelled,card,CA
ORD-00001817,USR-000359,2024-10-16,12.01,apparel,cancelled,card,CA
ORD-00001818,USR-000922,2025-04-27,53.41,electronics,returned,card,DE
ORD-00001819,USR-000114,2025-11-26,33.44,toys,returned,card,DE
ORD-00001820,USR-000441,2025-01-31,35.93,toys,returned,paypal,FR
ORD-00001821,USR-000738,2025-11-01,28.0,home,shipped,card,DE
ORD-00001822,USR-000931,2025-07-13,40.02,electronics,shipped,cod,US
ORD-00001823,USR-000148,2026-06-16,37.18,apparel,returned,paypal,FR
ORD-00001824,USR-000069,2025-01-02,17.9,sports,cancelled,cod,CA
ORD-00001825,USR-000344,2025-08-04,13.98,sports,returned,paypal,US
ORD-00001826,USR-000699,2025-04-04,9.62,sports,delivered,apple_pay,UK
ORD-00001827,USR-000034,2026-03-28,31.2,apparel,shipped,apple_pay,US
ORD-00001828,USR-000719,2026-06-22,21.21,sports,cancelled,apple_pay,US
ORD-00001829,USR-000333,2025-09-11,10.24,home,shipped,card,DE
ORD-00001830,USR-000579,2024-10-20,16.42,toys,shipped,cod,US
ORD-00001831,USR-000478,2024-12-21,26.07,books,delivered,paypal,FR
ORD-00001832,USR-000033,2025-12-04,66.41,electronics,delivered,paypal,DE
ORD-00001833,USR-000795,2025-02-10,27.18,home,cancelled,paypal,DE
ORD-00001834,USR-000113,2024-08-24,19.52,apparel,cancelled,apple_pay,DE
ORD-00001835,USR-000009,2026-05-26,31.05,books,returned,cod,UK
ORD-00001836,USR-000297,2025-12-11,13.8,books,returned,paypal,UK
ORD-00001837,USR-000575,2024-09-01,21.21,sports,shipped,apple_pay,DE
ORD-00001838,USR-000026,2025-03-24,18.11,home,delivered,cod,FR
ORD-00001839,USR-000894,2024-12-30,66.98,home,delivered,paypal,DE
ORD-00001840,USR-000899,2026-04-13,26.08,electronics,delivered,paypal,DE
ORD-00001841,USR-000822,2025-04-09,5.23,home,cancelled,card,US
ORD-00001842,USR-000640,2025-09-06,68.54,electronics,delivered,paypal,UK
ORD-00001843,USR-000427,2025-09-01,41.43,toys,returned,card,UK
ORD-00001844,USR-000153,2025-04-16,21.68,electronics,shipped,paypal,UK
ORD-00001845,USR-000925,2025-11-18,56.06,toys,delivered,card,US
ORD-00001846,USR-000277,2024-12-21,25.48,books,returned,card,FR
ORD-00001847,USR-000572,2025-09-21,25.64,books,cancelled,paypal,DE
ORD-00001848,USR-000787,2026-07-05,40.47,toys,delivered,paypal,DE
ORD-00001849,USR-000528,2025-02-19,27.74,apparel,delivered,apple_pay,FR
ORD-00001850,USR-000555,2026-07-22,62.73,apparel,cancelled,card,FR
ORD-00001851,USR-000124,2025-08-30,17.37,home,delivered,apple_pay,US
ORD-00001852,USR-000567,2025-08-01,38.8,toys,delivered,apple_pay,DE
ORD-00001853,USR-000972,2026-07-26,35.99,toys,returned,card,CA
ORD-00001854,USR-000985,2025-07-30,13.2,apparel,delivered,cod,DE
ORD-00001855,USR-000583,2026-01-04,7.4,electronics,cancelled,cod,DE
ORD-00001856,USR-000850,2026-01-18,21.62,books,delivered,paypal,UK
ORD-00001857,USR-000580,2026-05-05,25.41,electronics,delivered,cod,UK
ORD-00001858,USR-000637,2026-06-08,25.16,home,cancelled,card,CA
ORD-00001859,USR-000399,2025-04-18,35.28,sports,cancelled,cod,UK
ORD-00001860,USR-000508,2025-11-10,40.88,sports,delivered,paypal,US
ORD-00001861,USR-000293,2026-06-24,44.8,books,returned,apple_pay,US
ORD-00001862,USR-000408,2024-09-04,8.13,toys,cancelled,paypal,CA
ORD-00001863,USR-000788,2026-04-09,13.75,sports,shipped,apple_pay,FR
ORD-00001864,USR-000940,2026-03-19,24.11,electronics,returned,card,CA
ORD-00001865,USR-000686,2025-03-23,49.0,home,returned,apple_pay,UK
ORD-00001866,USR-000558,2024-10-27,19.11,apparel,cancelled,paypal,FR
ORD-00001867,USR-000252,2025-03-16,25.39,toys,cancelled,paypal,DE
ORD-00001868,USR-000528,2024-11-17,26.68,books,delivered,paypal,US
ORD-00001869,USR-000444,2025-09-01,30.4,books,shipped,paypal,UK
ORD-00001870,USR-000681,2025-08-16,57.53,electronics,returned,cod,CA
ORD-00001871,USR-000143,2024-09-30,12.46,apparel,shipped,cod,UK
ORD-00001872,USR-000237,2026-01-17,6.32,toys,cancelled,apple_pay,DE
ORD-00001873,USR-000856,2026-06-26,32.83,apparel,shipped,paypal,FR
ORD-00001874,USR-000019,2026-01-08,9.91,apparel,delivered,cod,CA
ORD-00001875,USR-000578,2026-05-09,3.87,apparel,shipped,cod,FR
ORD-00001876,USR-000294,2025-08-02,17.12,home,shipped,apple_pay,US
ORD-00001877,USR-000902,2025-11-26,43.24,electronics,delivered,card,CA
ORD-00001878,USR-000191,2026-06-18,9.41,toys,returned,cod,FR
ORD-00001879,USR-000653,2025-07-28,9.59,toys,returned,apple_pay,DE
ORD-00001880,USR-000494,2025-11-05,30.05,apparel,delivered,card,US
ORD-00001881,USR-000303,2025-10-29,7.69,books,shipped,cod,US
ORD-00001882,USR-000812,2026-04-13,8.18,sports,returned,apple_pay,CA
ORD-00001883,USR-000193,2026-02-02,18.15,electronics,shipped,paypal,CA
ORD-00001884,USR-000271,2024-12-31,24.14,electronics,returned,cod,UK
ORD-00001885,USR-000371,2025-12-12,22.24,electronics,delivered,apple_pay,CA
ORD-00001886,USR-000096,2026-03-29,25.94,apparel,shipped,cod,CA
ORD-00001887,USR-000544,2024-08-12,42.32,books,cancelled,paypal,US
ORD-00001888,USR-000777,2025-05-04,60.04,sports,cancelled,paypal,UK
ORD-00001889,USR-000680,2024-10-05,24.75,sports,returned,card,DE
ORD-00001890,USR-000591,2026-07-21,58.65,electronics,shipped,apple_pay,CA
ORD-00001891,USR-000134,2025-05-03,29.5,home,cancelled,cod,US
ORD-00001892,USR-000873,2025-11-26,18.39,toys,returned,apple_pay,DE
ORD-00001893,USR-000765,2024-08-12,28.42,books,returned,paypal,DE
ORD-00001894,USR-000765,2025-02-07,47.39,toys,cancelled,apple_pay,FR
ORD-00001895,USR-000139,2025-04-24,31.89,toys,cancelled,cod,CA
ORD-00001896,USR-000236,2026-01-13,55.39,toys,delivered,card,FR
ORD-00001897,USR-000288,2026-01-28,22.34,books,returned,paypal,DE
ORD-00001898,USR-000691,2025-01-23,57.9,home,cancelled,cod,DE
ORD-00001899,USR-000584,2025-03-07,9.45,toys,shipped,paypal,US
ORD-00001900,USR-000046,2025-02-06,29.06,apparel,delivered,card,UK
ORD-00001901,USR-000183,2025-02-23,24.76,sports,delivered,cod,CA
ORD-00001902,USR-000328,2024-10-28,9.28,books,cancelled,card,UK
ORD-00001903,USR-000888,2026-05-30,36.78,apparel,returned,cod,US
ORD-00001904,USR-000648,2025-09-23,50.37,apparel,delivered,card,UK
ORD-00001905,USR-000647,2025-08-16,72.91,sports,shipped,apple_pay,CA
ORD-00001906,USR-000675,2024-11-20,48.38,toys,returned,cod,UK
ORD-00001907,USR-000721,2025-05-19,40.53,books,shipped,card,UK
ORD-00001908,USR-000118,2025-07-17,21.63,electronics,cancelled,card,CA
ORD-00001909,USR-000669,2025-03-08,21.42,toys,returned,cod,DE
ORD-00001910,USR-000218,2025-01-29,8.35,electronics,returned,apple_pay,FR
ORD-00001911,USR-000875,2025-08-03,23.98,toys,delivered,card,UK
ORD-00001912,USR-000726,2026-07-04,33.58,apparel,cancelled,card,DE
ORD-00001913,USR-000935,2024-10-28,22.8,toys,shipped,card,DE
ORD-00001914,USR-000088,2025-02-16,30.66,home,returned,cod,DE
ORD-00001915,USR-000619,2026-06-15,17.79,toys,delivered,cod,US
ORD-00001916,USR-000769,2024-11-20,51.25,electronics,cancelled,cod,DE
ORD-00001917,USR-000513,2024-08-23,31.46,toys,delivered,paypal,CA
ORD-00001918,USR-000357,2026-07-25,40.6,books,cancelled,paypal,UK
ORD-00001919,USR-000334,2024-09-14,28.25,sports,returned,paypal,UK
ORD-00001920,USR-000747,2024-10-24,83.63,toys,returned,paypal,FR
ORD-00001921,USR-000706,2025-12-23,10.81,sports,returned,apple_pay,DE
ORD-00001922,USR-000768,2024-08-13,13.3,home,shipped,cod,CA
ORD-00001923,USR-000110,2025-10-25,42.0,sports,cancelled,cod,UK
ORD-00001924,USR-000262,2024-09-28,10.88,toys,cancelled,cod,DE
ORD-00001925,USR-000223,2025-11-20,19.91,toys,delivered,card,UK
ORD-00001926,USR-000696,2024-08-17,12.36,sports,returned,card,UK
ORD-00001927,USR-000860,2025-04-16,8.8,electronics,returned,paypal,FR
ORD-00001928,USR-000426,2026-07-21,20.22,toys,shipped,apple_pay,FR
ORD-00001929,USR-000768,2025-07-16,26.97,sports,delivered,apple_pay,UK
ORD-00001930,USR-000306,2026-03-10,25.76,apparel,returned,card,CA
ORD-00001931,USR-000711,2024-12-08,32.04,books,delivered,apple_pay,UK
ORD-00001932,USR-000721,2026-04-22,235.91,sports,delivered,card,CA
ORD-00001933,USR-000588,2026-06-01,6.33,apparel,shipped,paypal,DE
ORD-00001934,USR-000522,2025-02-08,28.88,home,returned,card,CA
ORD-00001935,USR-000066,2025-03-19,7.09,books,cancelled,card,UK
ORD-00001936,USR-000512,2026-01-28,22.87,toys,delivered,apple_pay,CA
ORD-00001937,USR-000718,2025-03-06,31.21,toys,cancelled,cod,US
ORD-00001938,USR-000485,2026-06-25,16.98,electronics,shipped,paypal,UK
ORD-00001939,USR-000371,2025-04-08,108.54,home,returned,card,DE
ORD-00001940,USR-000200,2025-03-16,49.89,toys,shipped,paypal,CA
ORD-00001941,USR-000366,2025-02-14,80.18,sports,returned,card,UK
ORD-00001942,USR-000744,2026-02-09,50.82,books,returned,apple_pay,DE
ORD-00001943,USR-000966,2026-05-30,10.27,home,returned,apple_pay,DE
ORD-00001944,USR-000284,2026-07-19,33.48,sports,shipped,paypal,US
ORD-00001945,USR-000777,2026-05-22,32.64,books,delivered,cod,UK
ORD-00001946,USR-000413,2024-08-23,120.42,home,delivered,apple_pay,FR
ORD-00001947,USR-000114,2025-08-19,32.0,apparel,delivered,card,FR
ORD-00001948,USR-000927,2026-05-24,114.73,sports,returned,cod,UK
ORD-00001949,USR-000260,2025-09-17,24.52,electronics,returned,cod,DE
ORD-00001950,USR-000199,2025-08-29,8.72,electronics,shipped,paypal,UK
ORD-00001951,USR-000837,2025-09-01,22.36,books,returned,paypal,CA
ORD-00001952,USR-000976,2024-10-18,19.44,electronics,shipped,cod,CA
ORD-00001953,USR-000515,2025-05-23,19.54,sports,cancelled,paypal,FR
ORD-00001954,USR-000908,2025-01-25,30.59,home,delivered,apple_pay,CA
ORD-00001955,USR-000119,2025-07-08,27.7,toys,delivered,apple_pay,DE
ORD-00001956,USR-000134,2024-10-09,18.39,books,returned,paypal,FR
ORD-00001957,USR-000078,2026-05-16,24.03,sports,returned,card,FR
ORD-00001958,USR-000546,2025-12-21,31.37,apparel,returned,apple_pay,DE
ORD-00001959,USR-000738,2025-09-03,13.86,electronics,returned,apple_pay,FR
ORD-00001960,USR-000462,2026-02-24,51.64,books,cancelled,apple_pay,DE
ORD-00001961,USR-000120,2025-08-01,5.31,books,cancelled,apple_pay,UK
ORD-00001962,USR-000982,2026-03-09,59.18,sports,delivered,cod,CA
ORD-00001963,USR-000865,2026-03-29,26.97,sports,cancelled,cod,DE
ORD-00001964,USR-000495,2026-06-03,15.25,electronics,delivered,paypal,CA
ORD-00001965,USR-000520,2024-11-05,14.91,home,returned,card,FR
ORD-00001966,USR-000084,2025-05-13,52.06,home,returned,paypal,CA
ORD-00001967,USR-000749,2025-04-19,9.72,toys,delivered,card,UK
ORD-00001968,USR-000604,2025-03-11,40.93,sports,cancelled,apple_pay,UK
ORD-00001969,USR-000034,2025-09-02,14.99,books,shipped,apple_pay,UK
ORD-00001970,USR-000948,2025-06-21,12.94,toys,returned,card,CA
ORD-00001971,USR-000193,2025-08-22,29.24,apparel,returned,apple_pay,CA
ORD-00001972,USR-000208,2025-06-06,11.73,toys,cancelled,cod,UK
ORD-00001973,USR-000956,2026-02-15,79.69,books,delivered,cod,CA
ORD-00001974,USR-000516,2025-11-12,6.86,books,returned,card,FR
ORD-00001975,USR-000502,2026-06-03,33.31,home,returned,paypal,DE
ORD-00001976,USR-000195,2026-04-04,12.27,electronics,delivered,cod,DE
ORD-00001977,USR-000225,2025-06-28,41.28,toys,shipped,cod,DE
ORD-00001978,USR-000422,2024-09-15,7.89,books,returned,apple_pay,UK
ORD-00001979,USR-001000,2026-07-08,16.12,apparel,returned,paypal,FR
ORD-00001980,USR-000410,2024-12-07,8.54,toys,delivered,card,US
ORD-00001981,USR-000952,2025-08-26,22.39,electronics,shipped,cod,UK
ORD-00001982,USR-000152,2026-02-17,22.8,home,returned,paypal,US
ORD-00001983,USR-000341,2026-02-08,38.16,toys,cancelled,cod,DE
ORD-00001984,USR-000124,2025-07-25,9.67,electronics,returned,paypal,UK
ORD-00001985,USR-000821,2025-03-24,35.51,toys,returned,card,FR
ORD-00001986,USR-000688,2025-02-15,24.56,home,cancelled,paypal,FR
ORD-00001987,USR-000826,2026-05-10,17.45,sports,shipped,cod,FR
ORD-00001988,USR-000223,2024-11-18,8.8,toys,delivered,apple_pay,US
ORD-00001989,USR-000817,2026-07-15,30.9,apparel,shipped,card,UK
ORD-00001990,USR-000398,2025-03-09,27.87,apparel,shipped,cod,FR
ORD-00001991,USR-000960,2024-12-02,17.06,books,shipped,card,UK
ORD-00001992,USR-000984,2025-04-22,33.98,apparel,shipped,cod,US
ORD-00001993,USR-000491,2025-09-13,21.98,apparel,cancelled,paypal,US
ORD-00001994,USR-000418,2025-11-02,30.72,books,shipped,cod,FR
ORD-00001995,USR-000952,2025-02-15,10.9,electronics,returned,cod,UK
ORD-00001996,USR-000683,2025-09-21,5.07,sports,returned,apple_pay,UK
ORD-00001997,USR-000578,2024-09-13,10.97,toys,cancelled,apple_pay,US
ORD-00001998,USR-000831,2025-01-27,62.39,sports,returned,paypal,UK
ORD-00001999,USR-000013,2026-01-21,18.14,toys,delivered,card,FR
ORD-00002000,USR-000934,2024-11-04,17.81,sports,shipped,paypal,UK
ORD-00002001,USR-000497,2025-08-14,25.0,sports,shipped,card,FR
ORD-00002002,USR-000022,2025-08-11,11.69,toys,cancelled,paypal,US
ORD-00002003,USR-000416,2025-11-24,18.09,apparel,returned,card,US
ORD-00002004,USR-000352,2026-01-16,38.03,sports,delivered,paypal,UK
ORD-00002005,USR-000018,2026-01-23,38.06,toys,cancelled,card,US
ORD-00002006,USR-000043,2026-03-28,46.93,books,cancelled,card,FR
ORD-00002007,USR-000602,2026-02-04,7.66,apparel,returned,card,DE
ORD-00002008,USR-000318,2026-03-06,29.54,electronics,cancelled,cod,UK
ORD-00002009,USR-000757,2025-02-09,47.06,toys,returned,paypal,FR
ORD-00002010,USR-000223,2025-12-03,19.57,electronics,cancelled,apple_pay,UK
ORD-00002011,USR-000790,2025-08-24,25.71,sports,delivered,paypal,CA
ORD-00002012,USR-000358,2024-12-14,12.39,electronics,cancelled,apple_pay,FR
ORD-00002013,USR-000646,2025-01-19,47.84,toys,shipped,card,US
ORD-00002014,USR-000748,2025-11-15,10.29,books,delivered,apple_pay,FR
ORD-00002015,USR-000889,2026-04-11,116.42,sports,returned,paypal,UK
ORD-00002016,USR-000107,2026-05-30,11.45,sports,delivered,cod,US
ORD-00002017,USR-000579,2024-09-10,140.32,electronics,delivered,cod,US
ORD-00002018,USR-000976,2025-10-01,10.29,home,returned,card,CA
ORD-00002019,USR-000563,2025-12-01,19.85,sports,returned,paypal,UK
ORD-00002020,USR-000450,2025-08-06,16.76,home,shipped,cod,US
ORD-00002021,USR-000131,2024-10-13,20.63,sports,returned,paypal,CA
ORD-00002022,USR-000806,2026-05-04,17.33,toys,cancelled,cod,UK
ORD-00002023,USR-000373,2026-06-04,28.66,sports,delivered,cod,CA
ORD-00002024,USR-000668,2026-02-27,6.11,sports,delivered,cod,US
ORD-00002025,USR-000916,2026-07-01,15.92,apparel,cancelled,apple_pay,DE
ORD-00002026,USR-000090,2024-09-25,50.1,home,cancelled,card,UK
ORD-00002027,USR-000190,2025-01-02,21.82,home,shipped,cod,FR
ORD-00002028,USR-000293,2026-05-03,37.89,apparel,delivered,paypal,DE
ORD-00002029,USR-000572,2025-03-12,23.78,apparel,shipped,paypal,DE
ORD-00002030,USR-000253,2024-09-04,126.19,toys,shipped,apple_pay,CA
ORD-00002031,USR-000837,2024-11-25,23.31,toys,returned,apple_pay,US
ORD-00002032,USR-000319,2024-09-29,15.01,home,delivered,paypal,DE
ORD-00002033,USR-000711,2025-03-04,12.22,home,shipped,apple_pay,UK
ORD-00002034,USR-000350,2025-06-03,17.98,electronics,returned,paypal,US
ORD-00002035,USR-000213,2025-01-24,47.24,toys,cancelled,apple_pay,US
ORD-00002036,USR-000863,2025-04-21,17.92,toys,cancelled,paypal,DE
ORD-00002037,USR-000348,2025-06-24,9.11,books,delivered,apple_pay,FR
ORD-00002038,USR-000945,2026-03-13,20.82,apparel,shipped,paypal,DE
ORD-00002039,USR-000543,2025-02-04,14.74,electronics,returned,paypal,CA
ORD-00002040,USR-000159,2024-09-19,19.54,sports,cancelled,cod,FR
ORD-00002041,USR-000344,2026-04-30,68.76,home,returned,cod,DE
ORD-00002042,USR-000771,2025-03-31,11.17,books,cancelled,apple_pay,FR
ORD-00002043,USR-000626,2025-04-18,21.06,sports,shipped,cod,DE
ORD-00002044,USR-000517,2026-03-31,5.19,apparel,cancelled,paypal,DE
ORD-00002045,USR-000665,2025-12-25,20.79,books,shipped,paypal,US
ORD-00002046,USR-000196,2024-12-25,77.33,apparel,returned,cod,FR
ORD-00002047,USR-000016,2025-11-11,18.68,electronics,shipped,paypal,CA
ORD-00002048,USR-000105,2024-11-03,60.66,toys,delivered,card,US
ORD-00002049,USR-000408,2025-02-17,19.03,apparel,shipped,paypal,DE
ORD-00002050,USR-000139,2026-04-24,34.65,books,shipped,apple_pay,CA
ORD-00002051,USR-000074,2025-11-23,12.85,toys,shipped,cod,FR
ORD-00002052,USR-000931,2025-07-12,9.53,home,delivered,apple_pay,FR
ORD-00002053,USR-000823,2025-07-06,21.82,toys,returned,apple_pay,US
ORD-00002054,USR-000297,2024-10-27,15.54,sports,shipped,paypal,UK
ORD-00002055,USR-000108,2025-09-20,35.49,toys,shipped,cod,US
ORD-00002056,USR-000966,2026-02-05,39.03,apparel,returned,paypal,US
ORD-00002057,USR-000062,2026-06-08,25.44,home,returned,cod,US
ORD-00002058,USR-000405,2025-09-24,7.88,books,delivered,card,FR
ORD-00002059,USR-000627,2024-11-21,23.53,sports,returned,cod,UK
ORD-00002060,USR-000051,2025-12-04,31.98,books,shipped,card,UK
ORD-00002061,USR-000043,2026-06-18,22.44,electronics,delivered,cod,US
ORD-00002062,USR-000946,2026-05-15,17.66,apparel,shipped,card,FR
ORD-00002063,USR-000916,2025-11-03,39.3,sports,delivered,cod,US
ORD-00002064,USR-000648,2025-06-17,8.06,home,returned,apple_pay,FR
ORD-00002065,USR-000846,2025-04-28,13.45,books,shipped,card,CA
ORD-00002066,USR-000173,2025-09-01,22.24,home,shipped,paypal,FR
ORD-00002067,USR-000804,2025-05-02,39.39,books,returned,paypal,UK
ORD-00002068,USR-000263,2024-10-23,11.13,toys,shipped,apple_pay,DE
ORD-00002069,USR-000790,2025-02-13,46.99,toys,delivered,cod,UK
ORD-00002070,USR-000370,2025-10-15,30.58,apparel,delivered,cod,FR
ORD-00002071,USR-000178,2025-08-17,36.19,sports,shipped,cod,DE
ORD-00002072,USR-000614,2026-04-16,41.77,home,cancelled,apple_pay,US
ORD-00002073,USR-000287,2024-12-17,44.69,electronics,returned,apple_pay,US
ORD-00002074,USR-000014,2026-07-24,60.29,sports,delivered,card,CA
ORD-00002075,USR-000119,2025-02-27,22.67,toys,delivered,paypal,UK
ORD-00002076,USR-000602,2025-12-01,15.14,home,returned,cod,UK
ORD-00002077,USR-000019,2025-02-25,21.66,books,shipped,paypal,UK
ORD-00002078,USR-000191,2025-06-04,15.1,sports,delivered,paypal,US
ORD-00002079,USR-000398,2026-04-26,34.33,sports,returned,paypal,CA
ORD-00002080,USR-000120,2025-10-07,19.98,books,shipped,paypal,US
ORD-00002081,USR-000008,2026-02-09,21.03,books,cancelled,apple_pay,DE
ORD-00002082,USR-000944,2024-11-25,33.12,apparel,cancelled,card,FR
ORD-00002083,USR-000076,2025-05-06,36.8,apparel,cancelled,cod,DE
ORD-00002084,USR-000818,2025-07-30,68.23,electronics,returned,paypal,UK
ORD-00002085,USR-000613,2026-05-06,18.22,sports,shipped,apple_pay,CA
ORD-00002086,USR-000271,2026-07-27,6.37,apparel,shipped,paypal,FR
ORD-00002087,USR-000803,2025-07-21,44.37,apparel,delivered,cod,DE
ORD-00002088,USR-000335,2025-12-25,18.25,electronics,cancelled,cod,DE
ORD-00002089,USR-000455,2025-01-23,11.47,books,delivered,apple_pay,DE
ORD-00002090,USR-000088,2025-03-06,24.47,electronics,returned,cod,UK
ORD-00002091,USR-000168,2026-02-24,21.21,books,returned,card,DE
ORD-00002092,USR-000836,2025-05-08,12.71,toys,cancelled,card,CA
ORD-00002093,USR-000300,2026-07-01,39.85,home,cancelled,cod,DE
ORD-00002094,USR-000223,2025-08-05,16.71,toys,returned,apple_pay,US
ORD-00002095,USR-000588,2024-12-18,18.75,home,cancelled,card,FR
ORD-00002096,USR-000361,2025-03-09,20.95,electronics,cancelled,card,US
ORD-00002097,USR-000666,2025-02-02,22.81,apparel,returned,card,DE
ORD-00002098,USR-000107,2025-08-07,5.95,sports,shipped,paypal,US
ORD-00002099,USR-000681,2025-11-25,34.14,apparel,shipped,apple_pay,DE
ORD-00002100,USR-000602,2024-09-19,22.31,apparel,delivered,apple_pay,UK
ORD-00002101,USR-000877,2026-07-30,11.71,apparel,returned,paypal,UK
ORD-00002102,USR-000077,2025-08-30,5.55,electronics,cancelled,card,US
ORD-00002103,USR-000260,2026-03-20,58.13,home,returned,cod,CA
ORD-00002104,USR-000282,2025-02-12,69.58,electronics,shipped,card,DE
ORD-00002105,USR-000917,2026-02-22,102.59,sports,cancelled,cod,US
ORD-00002106,USR-000230,2026-05-16,38.03,books,cancelled,card,UK
ORD-00002107,USR-000629,2026-06-13,13.67,toys,returned,cod,UK
ORD-00002108,USR-000151,2025-05-21,17.38,electronics,shipped,card,DE
ORD-00002109,USR-000771,2024-11-25,69.98,home,delivered,cod,US
ORD-00002110,USR-000798,2024-09-25,7.49,apparel,delivered,paypal,DE
ORD-00002111,USR-000951,2024-12-15,31.19,sports,shipped,card,US
ORD-00002112,USR-000970,2025-04-27,24.27,toys,delivered,cod,FR
ORD-00002113,USR-000439,2025-03-29,32.84,home,returned,cod,US
ORD-00002114,USR-000115,2026-08-07,32.94,electronics,delivered,apple_pay,US
ORD-00002115,USR-000713,2025-03-01,43.37,home,cancelled,cod,UK
ORD-00002116,USR-000858,2025-02-17,24.47,toys,shipped,apple_pay,FR
ORD-00002117,USR-000481,2025-03-08,7.01,sports,delivered,card,DE
ORD-00002118,USR-000515,2025-01-01,36.12,home,shipped,card,DE
ORD-00002119,USR-000817,2025-05-22,17.39,books,returned,apple_pay,US
ORD-00002120,USR-000756,2025-01-21,29.19,apparel,cancelled,apple_pay,US
ORD-00002121,USR-000614,2026-06-30,8.7,sports,returned,card,DE
ORD-00002122,USR-000970,2024-10-19,79.15,home,delivered,cod,US
ORD-00002123,USR-000093,2024-08-19,56.92,apparel,returned,paypal,DE
ORD-00002124,USR-000526,2025-02-04,125.36,apparel,delivered,cod,FR
ORD-00002125,USR-000819,2024-09-10,5.43,electronics,delivered,cod,FR
ORD-00002126,USR-000341,2026-06-05,67.51,electronics,shipped,paypal,CA
ORD-00002127,USR-000979,2025-08-14,11.59,sports,returned,paypal,UK
ORD-00002128,USR-000003,2025-07-07,93.39,electronics,cancelled,cod,US
ORD-00002129,USR-000435,2025-02-28,11.9,apparel,cancelled,card,CA
ORD-00002130,USR-000286,2024-08-10,49.15,toys,returned,paypal,CA
ORD-00002131,USR-000207,2025-01-09,15.86,toys,returned,apple_pay,CA
ORD-00002132,USR-000930,2026-04-13,70.44,home,shipped,card,FR
ORD-00002133,USR-000259,2025-10-09,12.5,electronics,returned,apple_pay,US
ORD-00002134,USR-000379,2025-02-18,34.11,books,cancelled,paypal,UK
ORD-00002135,USR-000052,2026-06-30,151.45,books,cancelled,apple_pay,FR
ORD-00002136,USR-000504,2025-12-26,23.71,toys,shipped,cod,UK
ORD-00002137,USR-000688,2025-12-24,47.76,sports,cancelled,cod,CA
ORD-00002138,USR-000228,2025-02-28,26.21,sports,delivered,paypal,FR
ORD-00002139,USR-000153,2026-03-19,11.78,apparel,delivered,paypal,CA
ORD-00002140,USR-000052,2025-10-20,9.98,electronics,cancelled,card,CA
ORD-00002141,USR-000890,2024-12-29,14.02,home,delivered,paypal,CA
ORD-00002142,USR-000143,2025-01-15,38.23,electronics,shipped,card,FR
ORD-00002143,USR-000496,2026-01-09,50.37,home,returned,card,FR
ORD-00002144,USR-000312,2026-05-03,9.85,books,cancelled,cod,FR
ORD-00002145,USR-000211,2026-05-04,23.82,electronics,delivered,cod,FR
ORD-00002146,USR-000191,2024-12-05,7.16,books,delivered,paypal,DE
ORD-00002147,USR-000070,2024-10-23,16.31,apparel,returned,apple_pay,UK
ORD-00002148,USR-000732,2025-04-02,32.09,electronics,delivered,paypal,DE
ORD-00002149,USR-000654,2024-11-25,11.47,toys,shipped,card,US
ORD-00002150,USR-000229,2026-03-17,46.26,toys,cancelled,apple_pay,DE
ORD-00002151,USR-000174,2024-11-13,16.99,home,delivered,cod,DE
ORD-00002152,USR-000904,2025-06-06,28.63,home,delivered,card,FR
ORD-00002153,USR-000029,2026-04-17,71.28,books,shipped,apple_pay,US
ORD-00002154,USR-000826,2026-07-06,26.65,books,shipped,apple_pay,FR
ORD-00002155,USR-000498,2025-09-05,35.28,apparel,cancelled,cod,UK
ORD-00002156,USR-000103,2026-04-04,5.87,electronics,shipped,card,DE
ORD-00002157,USR-000791,2026-05-21,9.15,toys,returned,card,DE
ORD-00002158,USR-000219,2026-06-18,37.18,apparel,delivered,cod,US
ORD-00002159,USR-000107,2026-01-27,19.09,books,shipped,cod,CA
ORD-00002160,USR-000744,2024-09-21,13.84,toys,delivered,paypal,DE
ORD-00002161,USR-000505,2025-01-07,23.41,electronics,delivered,cod,US
ORD-00002162,USR-000831,2024-09-24,25.88,apparel,delivered,apple_pay,UK
ORD-00002163,USR-000530,2024-10-14,10.48,apparel,returned,paypal,UK
ORD-00002164,USR-000460,2025-05-18,55.21,home,returned,apple_pay,DE
ORD-00002165,USR-000250,2025-01-14,21.44,electronics,delivered,apple_pay,CA
ORD-00002166,USR-000394,2026-03-09,29.06,apparel,returned,paypal,US
ORD-00002167,USR-000637,2024-11-03,16.27,toys,delivered,paypal,UK
ORD-00002168,USR-000713,2026-01-28,56.85,books,delivered,cod,FR
ORD-00002169,USR-000881,2025-07-08,16.13,home,returned,card,DE
ORD-00002170,USR-000270,2026-02-21,18.12,home,cancelled,card,UK
ORD-00002171,USR-000926,2025-07-01,14.81,home,returned,cod,UK
ORD-00002172,USR-000010,2025-04-19,26.92,apparel,returned,cod,UK
ORD-00002173,USR-000616,2025-02-26,59.48,apparel,delivered,card,CA
ORD-00002174,USR-000906,2024-09-25,11.22,home,delivered,apple_pay,FR
ORD-00002175,USR-000054,2025-02-17,18.94,books,delivered,apple_pay,UK
ORD-00002176,USR-000977,2025-07-24,21.85,home,delivered,card,US
ORD-00002177,USR-000042,2024-12-16,16.07,home,cancelled,cod,DE
ORD-00002178,USR-000542,2026-02-20,40.36,books,returned,apple_pay,CA
ORD-00002179,USR-000370,2025-04-14,20.97,books,shipped,apple_pay,DE
ORD-00002180,USR-000436,2026-05-21,11.15,apparel,delivered,paypal,FR
ORD-00002181,USR-000041,2026-07-21,44.44,toys,delivered,card,FR
ORD-00002182,USR-000115,2025-06-27,43.4,electronics,cancelled,card,FR
ORD-00002183,USR-000692,2026-03-05,8.51,books,delivered,apple_pay,CA
ORD-00002184,USR-000112,2025-10-12,20.11,apparel,returned,apple_pay,US
ORD-00002185,USR-000648,2026-07-01,21.95,sports,returned,paypal,US
ORD-00002186,USR-000641,2025-10-19,3.89,toys,shipped,card,FR
ORD-00002187,USR-000470,2025-12-29,21.65,home,cancelled,cod,US
ORD-00002188,USR-000424,2024-11-16,28.49,home,returned,cod,UK
ORD-00002189,USR-000375,2025-05-26,59.13,books,shipped,apple_pay,UK
ORD-00002190,USR-000087,2026-03-10,78.11,electronics,delivered,card,CA
ORD-00002191,USR-000885,2025-02-23,22.71,toys,cancelled,cod,FR
ORD-00002192,USR-000837,2025-10-02,77.76,sports,cancelled,card,UK
ORD-00002193,USR-000938,2025-12-02,78.08,home,delivered,card,FR
ORD-00002194,USR-000677,2024-09-13,17.35,books,cancelled,cod,CA
ORD-00002195,USR-000904,2025-05-28,31.31,toys,returned,card,DE
ORD-00002196,USR-000770,2024-09-05,14.73,toys,returned,cod,UK
ORD-00002197,USR-000875,2026-07-30,78.19,sports,delivered,apple_pay,CA
ORD-00002198,USR-000281,2025-10-12,47.43,books,delivered,cod,US
ORD-00002199,USR-000434,2026-07-02,9.29,sports,cancelled,cod,DE
ORD-00002200,USR-000827,2024-12-12,22.46,sports,delivered,card,FR
ORD-00002201,USR-000124,2026-01-08,77.48,electronics,returned,apple_pay,CA
ORD-00002202,USR-000351,2025-11-18,31.9,electronics,delivered,cod,DE
ORD-00002203,USR-000886,2026-04-02,45.46,apparel,cancelled,cod,DE
ORD-00002204,USR-000327,2025-09-18,26.92,home,returned,paypal,FR
ORD-00002205,USR-000668,2026-05-09,23.26,home,returned,cod,DE
ORD-00002206,USR-000939,2025-07-20,38.05,apparel,cancelled,cod,DE
ORD-00002207,USR-000968,2025-08-01,19.69,books,cancelled,card,FR
ORD-00002208,USR-000709,2025-01-04,33.78,sports,cancelled,paypal,UK
ORD-00002209,USR-000399,2025-11-09,77.99,home,cancelled,apple_pay,DE
ORD-00002210,USR-000400,2026-05-01,31.92,home,cancelled,paypal,US
ORD-00002211,USR-000726,2025-01-16,50.89,books,cancelled,paypal,US
ORD-00002212,USR-000703,2024-12-21,21.87,toys,returned,paypal,FR
ORD-00002213,USR-000641,2024-10-26,73.84,sports,returned,apple_pay,FR
ORD-00002214,USR-000902,2026-07-03,26.36,toys,cancelled,paypal,DE
ORD-00002215,USR-000837,2025-09-17,21.07,sports,delivered,paypal,DE
ORD-00002216,USR-000446,2026-02-10,33.58,books,shipped,apple_pay,CA
ORD-00002217,USR-000709,2026-02-01,20.54,sports,returned,card,DE
ORD-00002218,USR-000364,2024-11-19,12.71,sports,cancelled,paypal,UK
ORD-00002219,USR-000503,2025-11-20,26.64,apparel,returned,paypal,DE
ORD-00002220,USR-000596,2026-04-29,6.21,toys,returned,paypal,UK
ORD-00002221,USR-000622,2025-08-27,21.22,sports,returned,card,DE
ORD-00002222,USR-000640,2025-06-24,24.89,sports,delivered,card,FR
ORD-00002223,USR-000065,2025-04-05,5.57,toys,cancelled,card,CA
ORD-00002224,USR-000214,2025-12-12,68.91,electronics,shipped,cod,FR
ORD-00002225,USR-000882,2026-06-17,71.66,home,cancelled,card,FR
ORD-00002226,USR-000004,2025-04-23,11.1,books,cancelled,card,US
ORD-00002227,USR-000661,2025-12-22,42.33,home,returned,apple_pay,US
ORD-00002228,USR-000254,2026-03-24,11.37,books,delivered,apple_pay,DE
ORD-00002229,USR-000937,2025-11-07,18.85,apparel,shipped,card,CA
ORD-00002230,USR-000847,2025-01-10,4.32,toys,delivered,apple_pay,FR
ORD-00002231,USR-000975,2025-03-15,19.23,sports,cancelled,paypal,CA
ORD-00002232,USR-000588,2026-05-27,52.29,electronics,shipped,cod,UK
ORD-00002233,USR-000902,2025-08-25,25.82,electronics,returned,cod,CA
ORD-00002234,USR-000314,2026-03-19,37.14,home,delivered,paypal,US
ORD-00002235,USR-000836,2024-08-09,18.27,toys,delivered,cod,FR
ORD-00002236,USR-000210,2025-11-04,46.04,home,delivered,apple_pay,UK
ORD-00002237,USR-000203,2025-07-01,11.73,books,shipped,apple_pay,UK
ORD-00002238,USR-000692,2025-12-15,48.09,toys,returned,paypal,DE
ORD-00002239,USR-000978,2025-07-07,27.94,toys,returned,paypal,FR
ORD-00002240,USR-000901,2025-12-07,38.98,home,delivered,paypal,FR
ORD-00002241,USR-000991,2026-05-06,22.38,sports,returned,apple_pay,DE
ORD-00002242,USR-000808,2024-12-05,43.43,apparel,delivered,apple_pay,US
ORD-00002243,USR-000454,2025-01-26,7.91,electronics,returned,cod,UK
ORD-00002244,USR-000188,2025-11-24,42.94,toys,cancelled,cod,CA
ORD-00002245,USR-000077,2026-02-26,30.25,apparel,cancelled,card,UK
ORD-00002246,USR-000080,2026-06-21,57.24,electronics,cancelled,paypal,CA
ORD-00002247,USR-000468,2025-11-26,20.78,apparel,cancelled,cod,CA
ORD-00002248,USR-000820,2025-05-18,20.57,books,shipped,apple_pay,CA
ORD-00002249,USR-000925,2025-06-04,25.06,sports,shipped,card,CA
ORD-00002250,USR-000489,2024-11-28,31.62,toys,returned,apple_pay,FR
ORD-00002251,USR-000196,2026-01-24,55.91,sports,shipped,cod,CA
ORD-00002252,USR-000242,2026-07-18,53.12,toys,delivered,card,US
ORD-00002253,USR-000101,2026-06-29,28.07,apparel,shipped,paypal,UK
ORD-00002254,USR-000016,2025-09-10,66.2,electronics,returned,apple_pay,UK
ORD-00002255,USR-000867,2025-10-01,36.7,sports,delivered,paypal,UK
ORD-00002256,USR-000876,2026-05-12,12.71,apparel,cancelled,cod,US
ORD-00002257,USR-000066,2025-09-28,96.78,apparel,delivered,apple_pay,UK
ORD-00002258,USR-000054,2025-09-06,11.8,electronics,delivered,card,FR
ORD-00002259,USR-000967,2026-05-14,28.85,electronics,returned,cod,FR
ORD-00002260,USR-000800,2025-01-24,76.92,sports,returned,cod,US
ORD-00002261,USR-000868,2026-03-20,45.44,electronics,cancelled,cod,UK
ORD-00002262,USR-000009,2025-06-16,39.95,home,returned,apple_pay,US
ORD-00002263,USR-000397,2026-02-03,28.44,toys,returned,card,DE
ORD-00002264,USR-000346,2025-07-05,34.5,sports,delivered,card,UK
ORD-00002265,USR-000576,2025-06-16,34.13,sports,delivered,apple_pay,FR
ORD-00002266,USR-000022,2025-11-06,84.94,toys,cancelled,apple_pay,DE
ORD-00002267,USR-000044,2025-05-16,27.49,toys,returned,apple_pay,US
ORD-00002268,USR-000269,2026-05-01,16.65,home,cancelled,paypal,FR
ORD-00002269,USR-000997,2024-11-09,44.25,toys,delivered,card,UK
ORD-00002270,USR-000869,2025-01-29,10.85,apparel,shipped,cod,FR
ORD-00002271,USR-000674,2024-08-16,15.72,electronics,returned,apple_pay,FR
ORD-00002272,USR-000971,2026-03-08,55.12,apparel,cancelled,paypal,US
ORD-00002273,USR-000456,2025-07-05,7.56,home,shipped,cod,UK
ORD-00002274,USR-000591,2025-05-03,22.18,electronics,returned,cod,DE
ORD-00002275,USR-000755,2025-02-11,40.54,apparel,returned,cod,US
ORD-00002276,USR-000083,2025-11-26,140.39,home,delivered,card,US
ORD-00002277,USR-000921,2025-02-25,21.83,home,shipped,apple_pay,UK
ORD-00002278,USR-000372,2026-01-08,23.15,toys,returned,cod,DE
ORD-00002279,USR-000819,2026-07-05,9.45,electronics,delivered,paypal,CA
ORD-00002280,USR-000567,2025-01-24,38.29,apparel,cancelled,paypal,US
ORD-00002281,USR-000974,2025-08-08,54.24,apparel,cancelled,paypal,DE
ORD-00002282,USR-000975,2024-09-14,13.33,sports,shipped,paypal,DE
ORD-00002283,USR-000977,2024-09-25,10.53,books,delivered,paypal,US
ORD-00002284,USR-000354,2025-03-28,43.95,home,returned,cod,FR
ORD-00002285,USR-000753,2024-11-25,25.85,toys,shipped,apple_pay,DE
ORD-00002286,USR-000817,2025-09-09,9.47,sports,delivered,card,FR
ORD-00002287,USR-000553,2024-11-11,10.35,toys,delivered,card,DE
ORD-00002288,USR-000896,2026-03-23,46.22,toys,returned,paypal,DE
ORD-00002289,USR-000064,2026-05-22,14.55,home,cancelled,card,UK
ORD-00002290,USR-000127,2025-07-16,6.75,apparel,returned,cod,CA
ORD-00002291,USR-000587,2024-08-16,13.73,home,returned,paypal,DE
ORD-00002292,USR-000877,2025-08-06,18.33,electronics,delivered,paypal,CA
ORD-00002293,USR-000335,2026-04-23,49.38,books,delivered,cod,FR
ORD-00002294,USR-000275,2026-06-11,8.75,sports,shipped,cod,US
ORD-00002295,USR-000837,2025-12-01,30.85,apparel,delivered,card,US
ORD-00002296,USR-000448,2026-01-20,18.39,books,cancelled,paypal,FR
ORD-00002297,USR-000237,2025-09-04,18.43,toys,cancelled,cod,US
ORD-00002298,USR-000726,2025-05-28,28.03,toys,returned,card,DE
ORD-00002299,USR-000283,2026-06-09,41.23,electronics,returned,apple_pay,FR
ORD-00002300,USR-000816,2024-12-13,129.67,apparel,cancelled,cod,US
ORD-00002301,USR-000130,2025-06-06,23.83,apparel,shipped,cod,DE
ORD-00002302,USR-000270,2024-09-27,7.27,home,returned,apple_pay,UK
ORD-00002303,USR-000494,2025-06-15,11.46,apparel,cancelled,paypal,DE
ORD-00002304,USR-000315,2024-09-06,13.5,apparel,returned,paypal,UK
ORD-00002305,USR-000323,2024-12-11,19.19,home,delivered,card,CA
ORD-00002306,USR-000338,2025-11-19,11.31,apparel,returned,cod,UK
ORD-00002307,USR-000014,2024-11-11,33.13,books,delivered,apple_pay,US
ORD-00002308,USR-000526,2026-06-13,37.72,apparel,delivered,cod,UK
ORD-00002309,USR-000648,2024-08-27,38.5,home,returned,paypal,CA
ORD-00002310,USR-000822,2024-12-10,45.55,toys,shipped,cod,FR
ORD-00002311,USR-000586,2026-07-13,76.33,sports,shipped,cod,FR
ORD-00002312,USR-000208,2025-12-17,31.65,electronics,delivered,cod,US
ORD-00002313,USR-000376,2025-03-11,20.53,apparel,returned,card,CA
ORD-00002314,USR-000309,2025-05-18,15.68,home,delivered,paypal,UK
ORD-00002315,USR-000549,2024-10-07,13.65,books,cancelled,paypal,DE
ORD-00002316,USR-000305,2025-12-30,13.28,toys,shipped,card,UK
ORD-00002317,USR-000923,2025-04-03,37.32,books,cancelled,apple_pay,DE
ORD-00002318,USR-000566,2025-07-19,40.26,books,cancelled,card,UK
ORD-00002319,USR-000391,2026-04-04,77.44,apparel,returned,cod,DE
ORD-00002320,USR-000800,2025-09-22,35.09,apparel,cancelled,paypal,CA
ORD-00002321,USR-000247,2025-05-25,82.94,books,shipped,card,FR
ORD-00002322,USR-000396,2026-08-03,35.82,home,delivered,card,UK
ORD-00002323,USR-000252,2026-04-20,50.77,sports,returned,cod,FR
ORD-00002324,USR-000311,2025-04-24,19.91,toys,shipped,cod,US
ORD-00002325,USR-000756,2025-08-06,13.53,toys,returned,cod,CA
ORD-00002326,USR-000424,2024-09-15,24.69,sports,shipped,card,FR
ORD-00002327,USR-000794,2026-06-01,54.5,electronics,shipped,card,FR
ORD-00002328,USR-000472,2025-09-10,14.98,toys,returned,apple_pay,US
ORD-00002329,USR-000537,2025-08-30,35.97,apparel,delivered,cod,CA
ORD-00002330,USR-000414,2024-12-30,11.87,toys,shipped,card,DE
ORD-00002331,USR-000558,2025-09-29,58.96,apparel,returned,cod,FR
ORD-00002332,USR-000698,2024-12-30,63.51,apparel,cancelled,paypal,UK
ORD-00002333,USR-000176,2026-07-17,26.38,home,delivered,cod,FR
ORD-00002334,USR-000795,2026-01-23,9.71,electronics,shipped,apple_pay,US
ORD-00002335,USR-000682,2025-02-17,45.8,books,returned,card,CA
ORD-00002336,USR-000127,2025-11-06,11.21,apparel,cancelled,apple_pay,UK
ORD-00002337,USR-000931,2026-01-10,26.25,books,delivered,apple_pay,FR
ORD-00002338,USR-000253,2024-12-22,13.03,home,returned,cod,CA
ORD-00002339,USR-000397,2025-05-24,36.24,sports,returned,apple_pay,US
ORD-00002340,USR-000328,2025-10-19,88.71,books,returned,apple_pay,CA
ORD-00002341,USR-000656,2025-07-06,7.85,books,delivered,paypal,DE
ORD-00002342,USR-000537,2026-02-19,75.74,electronics,returned,card,CA
ORD-00002343,USR-000429,2025-10-03,25.38,apparel,cancelled,apple_pay,DE
ORD-00002344,USR-000554,2025-05-02,32.53,toys,delivered,apple_pay,CA
ORD-00002345,USR-000997,2025-06-28,34.15,electronics,cancelled,cod,FR
ORD-00002346,USR-000617,2026-05-14,9.28,electronics,shipped,card,DE
ORD-00002347,USR-001000,2024-12-08,27.04,toys,delivered,apple_pay,FR
ORD-00002348,USR-000490,2025-01-08,21.61,books,cancelled,card,DE
ORD-00002349,USR-000534,2025-03-26,10.71,home,returned,cod,CA
ORD-00002350,USR-000120,2025-09-16,36.5,books,cancelled,cod,UK
ORD-00002351,USR-000647,2025-02-15,32.51,home,cancelled,cod,DE
ORD-00002352,USR-000466,2024-09-17,15.24,books,delivered,cod,CA
ORD-00002353,USR-000139,2025-12-19,66.65,books,cancelled,card,DE
ORD-00002354,USR-000683,2026-05-20,10.65,home,delivered,paypal,FR
ORD-00002355,USR-000168,2025-07-08,9.23,electronics,returned,paypal,CA
ORD-00002356,USR-000631,2026-01-18,14.15,books,returned,paypal,CA
ORD-00002357,USR-000367,2026-06-17,31.07,toys,returned,paypal,FR
ORD-00002358,USR-000423,2025-03-15,10.75,home,returned,apple_pay,FR
ORD-00002359,USR-000054,2024-11-28,27.22,sports,delivered,apple_pay,FR
ORD-00002360,USR-000165,2026-02-09,19.94,toys,cancelled,card,DE
ORD-00002361,USR-000033,2024-11-13,47.38,home,returned,card,FR
ORD-00002362,USR-000819,2025-02-19,21.96,apparel,delivered,card,US
ORD-00002363,USR-000612,2026-05-09,11.27,toys,cancelled,apple_pay,UK
ORD-00002364,USR-000966,2025-12-23,10.9,apparel,delivered,card,DE
ORD-00002365,USR-000907,2026-03-20,25.31,sports,shipped,cod,UK
ORD-00002366,USR-000883,2025-10-11,67.23,apparel,cancelled,paypal,CA
ORD-00002367,USR-000349,2025-06-05,38.12,books,returned,paypal,US
ORD-00002368,USR-000512,2026-01-14,36.97,apparel,returned,cod,UK
ORD-00002369,USR-000841,2026-04-01,42.46,apparel,delivered,cod,US
ORD-00002370,USR-000643,2026-05-29,27.56,apparel,delivered,cod,US
ORD-00002371,USR-000219,2024-10-27,32.19,toys,shipped,apple_pay,US
ORD-00002372,USR-000974,2025-10-23,11.23,sports,cancelled,paypal,UK
ORD-00002373,USR-000853,2026-06-23,27.95,toys,returned,apple_pay,CA
ORD-00002374,USR-000940,2026-01-02,18.85,home,delivered,apple_pay,CA
ORD-00002375,USR-000292,2025-06-03,24.48,home,delivered,card,DE
ORD-00002376,USR-000016,2024-09-08,12.7,books,cancelled,paypal,FR
ORD-00002377,USR-000551,2025-01-24,36.76,books,returned,apple_pay,FR
ORD-00002378,USR-000955,2026-01-12,33.28,toys,delivered,apple_pay,UK
ORD-00002379,USR-000168,2026-01-20,146.99,electronics,shipped,card,US
ORD-00002380,USR-000409,2024-09-10,49.43,electronics,delivered,paypal,CA
ORD-00002381,USR-000618,2026-06-14,67.91,home,cancelled,apple_pay,CA
ORD-00002382,USR-000234,2026-06-09,28.84,toys,returned,cod,DE
ORD-00002383,USR-000710,2025-09-27,31.19,toys,delivered,apple_pay,DE
ORD-00002384,USR-000966,2025-07-17,22.78,toys,returned,apple_pay,FR
ORD-00002385,USR-000493,2025-05-15,44.04,toys,cancelled,card,FR
ORD-00002386,USR-000815,2025-12-09,8.41,toys,delivered,card,US
ORD-00002387,USR-000611,2024-09-15,29.87,home,shipped,paypal,FR
ORD-00002388,USR-000584,2024-12-03,15.06,home,shipped,card,CA
ORD-00002389,USR-000515,2024-08-26,12.24,home,returned,card,CA
ORD-00002390,USR-000292,2026-06-11,25.04,home,cancelled,cod,FR
ORD-00002391,USR-000587,2025-12-24,27.87,books,cancelled,paypal,UK
ORD-00002392,USR-000695,2025-06-18,20.01,electronics,shipped,apple_pay,CA
ORD-00002393,USR-000942,2026-02-24,18.2,sports,delivered,card,DE
ORD-00002394,USR-000874,2025-01-13,29.87,toys,shipped,apple_pay,FR
ORD-00002395,USR-000665,2024-12-07,16.98,sports,cancelled,apple_pay,FR
ORD-00002396,USR-000022,2025-02-05,35.45,toys,delivered,paypal,FR
ORD-00002397,USR-000168,2025-03-29,10.5,toys,shipped,card,FR
ORD-00002398,USR-000081,2024-11-19,18.28,sports,shipped,cod,DE
ORD-00002399,USR-000054,2025-10-22,23.96,apparel,returned,card,FR
ORD-00002400,USR-000380,2024-10-21,20.56,sports,returned,paypal,UK
ORD-00002401,USR-000731,2026-08-03,54.29,electronics,shipped,cod,UK
ORD-00002402,USR-000464,2026-07-19,24.29,home,returned,card,DE
ORD-00002403,USR-000526,2025-11-29,49.34,toys,shipped,cod,FR
ORD-00002404,USR-000947,2025-05-28,25.55,home,shipped,paypal,FR
ORD-00002405,USR-000604,2025-11-13,59.75,electronics,returned,card,FR
ORD-00002406,USR-000308,2024-10-26,19.56,toys,shipped,apple_pay,DE
ORD-00002407,USR-000997,2026-01-31,45.04,books,shipped,cod,CA
ORD-00002408,USR-000761,2026-05-23,28.21,home,delivered,apple_pay,FR
ORD-00002409,USR-000741,2024-12-09,27.42,home,returned,cod,US
ORD-00002410,USR-000370,2025-02-12,46.8,electronics,shipped,card,DE
ORD-00002411,USR-000588,2026-03-25,48.69,toys,shipped,apple_pay,DE
ORD-00002412,USR-000338,2026-03-30,31.25,apparel,returned,cod,UK
ORD-00002413,USR-000646,2025-10-03,8.22,sports,cancelled,apple_pay,FR
ORD-00002414,USR-000687,2024-10-24,20.36,home,delivered,paypal,UK
ORD-00002415,USR-000233,2026-05-16,25.63,toys,returned,paypal,US
ORD-00002416,USR-000629,2025-09-28,35.14,electronics,returned,cod,FR
ORD-00002417,USR-000214,2025-05-29,10.06,toys,shipped,cod,UK
ORD-00002418,USR-000692,2025-02-14,47.88,electronics,shipped,cod,FR
ORD-00002419,USR-000693,2024-12-02,29.82,apparel,delivered,apple_pay,CA
ORD-00002420,USR-000685,2025-12-28,6.09,books,returned,paypal,US
ORD-00002421,USR-000456,2024-10-18,14.46,toys,delivered,apple_pay,UK
ORD-00002422,USR-000258,2026-02-26,31.59,apparel,returned,apple_pay,UK
ORD-00002423,USR-000993,2025-03-29,60.07,electronics,cancelled,paypal,FR
ORD-00002424,USR-000285,2026-01-13,43.79,toys,delivered,apple_pay,DE
ORD-00002425,USR-000875,2025-09-21,21.02,toys,returned,card,UK
ORD-00002426,USR-000691,2025-06-12,8.83,home,delivered,card,US
ORD-00002427,USR-000961,2026-04-19,8.43,sports,returned,paypal,US
ORD-00002428,USR-000489,2026-06-26,20.2,home,cancelled,cod,DE
ORD-00002429,USR-000975,2024-08-27,89.91,sports,returned,cod,US
ORD-00002430,USR-000992,2025-10-20,11.78,toys,cancelled,paypal,UK
ORD-00002431,USR-000002,2026-05-09,8.23,home,returned,cod,UK
ORD-00002432,USR-000473,2025-06-01,9.02,sports,cancelled,cod,CA
ORD-00002433,USR-000743,2025-08-16,7.29,sports,cancelled,card,US
ORD-00002434,USR-000346,2025-11-01,47.5,toys,shipped,paypal,CA
ORD-00002435,USR-000056,2025-07-26,29.7,sports,shipped,card,UK
ORD-00002436,USR-000720,2025-12-15,24.09,sports,delivered,cod,UK
ORD-00002437,USR-000226,2025-08-01,46.54,books,delivered,cod,FR
ORD-00002438,USR-000072,2024-09-20,64.42,electronics,shipped,card,FR
ORD-00002439,USR-000823,2026-01-23,30.02,apparel,returned,card,US
ORD-00002440,USR-000443,2026-01-20,20.02,apparel,shipped,cod,DE
ORD-00002441,USR-000060,2026-01-10,19.79,apparel,delivered,cod,FR
ORD-00002442,USR-000656,2024-10-19,54.76,books,returned,paypal,US
ORD-00002443,USR-000609,2025-12-27,27.84,sports,delivered,cod,US
ORD-00002444,USR-000563,2026-04-25,21.73,apparel,shipped,paypal,FR
ORD-00002445,USR-000884,2025-05-31,47.53,books,returned,apple_pay,DE
ORD-00002446,USR-000464,2025-03-14,60.99,books,shipped,apple_pay,CA
ORD-00002447,USR-000467,2026-03-24,18.08,books,returned,cod,CA
ORD-00002448,USR-000458,2025-08-15,7.14,apparel,delivered,cod,US
ORD-00002449,USR-000921,2026-07-01,16.25,home,cancelled,card,US
ORD-00002450,USR-000832,2026-06-26,38.96,sports,shipped,card,US
ORD-00002451,USR-000856,2025-10-04,16.88,toys,delivered,apple_pay,US
ORD-00002452,USR-000549,2025-03-08,10.18,home,returned,apple_pay,FR
ORD-00002453,USR-000658,2024-09-05,69.86,sports,delivered,cod,UK
ORD-00002454,USR-000058,2025-12-02,31.41,electronics,shipped,card,UK
ORD-00002455,USR-000929,2026-03-25,30.96,sports,delivered,paypal,US
ORD-00002456,USR-000904,2024-08-23,39.44,home,delivered,card,CA
ORD-00002457,USR-000391,2025-10-18,28.86,toys,cancelled,apple_pay,FR
ORD-00002458,USR-000269,2026-01-22,10.92,books,delivered,apple_pay,US
ORD-00002459,USR-000620,2025-09-11,55.45,electronics,returned,card,US
ORD-00002460,USR-000638,2025-09-15,51.82,apparel,delivered,cod,US
ORD-00002461,USR-000656,2024-11-10,7.45,apparel,cancelled,apple_pay,US
ORD-00002462,USR-000440,2026-03-07,56.28,toys,returned,card,US
ORD-00002463,USR-000489,2025-07-19,65.88,books,cancelled,paypal,US
ORD-00002464,USR-000420,2024-09-20,59.05,books,delivered,apple_pay,FR
ORD-00002465,USR-000762,2025-03-17,10.8,home,returned,cod,FR
ORD-00002466,USR-000999,2024-09-20,55.37,electronics,cancelled,card,US
ORD-00002467,USR-000237,2024-10-17,16.21,sports,shipped,paypal,UK
ORD-00002468,USR-000626,2024-10-23,18.67,apparel,cancelled,apple_pay,FR
ORD-00002469,USR-000955,2025-12-03,7.44,apparel,delivered,paypal,DE
ORD-00002470,USR-000238,2025-02-09,18.62,toys,returned,card,FR
ORD-00002471,USR-000336,2025-09-07,45.6,electronics,returned,paypal,CA
ORD-00002472,USR-000632,2025-10-31,33.05,home,cancelled,paypal,UK
ORD-00002473,USR-000263,2026-05-10,25.95,electronics,delivered,card,US
ORD-00002474,USR-000321,2025-05-16,32.1,sports,cancelled,card,UK
ORD-00002475,USR-000891,2025-09-01,40.94,home,shipped,paypal,CA
ORD-00002476,USR-000482,2025-08-28,17.55,electronics,returned,paypal,US
ORD-00002477,USR-000474,2025-08-19,18.92,home,shipped,paypal,CA
ORD-00002478,USR-000286,2025-09-05,8.52,apparel,shipped,apple_pay,DE
ORD-00002479,USR-000811,2024-08-26,28.82,sports,shipped,card,DE
ORD-00002480,USR-000203,2025-10-19,51.48,apparel,returned,apple_pay,UK
ORD-00002481,USR-000790,2024-11-19,15.83,home,shipped,apple_pay,US
ORD-00002482,USR-000488,2026-03-17,62.58,books,returned,paypal,UK
ORD-00002483,USR-000753,2026-03-12,17.67,electronics,shipped,cod,US
ORD-00002484,USR-000785,2025-07-27,17.28,toys,cancelled,cod,CA
ORD-00002485,USR-000390,2026-03-06,19.99,toys,shipped,cod,CA
ORD-00002486,USR-000774,2025-04-10,7.27,apparel,returned,cod,UK
ORD-00002487,USR-000870,2026-07-11,16.12,sports,delivered,paypal,UK
ORD-00002488,USR-000786,2025-09-07,23.52,sports,returned,paypal,DE
ORD-00002489,USR-000092,2025-08-08,13.94,books,returned,card,FR
ORD-00002490,USR-000032,2024-10-02,99.74,home,shipped,paypal,FR
ORD-00002491,USR-000958,2025-12-27,35.97,apparel,shipped,paypal,CA
ORD-00002492,USR-000675,2025-12-28,50.73,home,returned,apple_pay,CA
ORD-00002493,USR-000778,2025-11-06,56.74,sports,cancelled,apple_pay,UK
ORD-00002494,USR-000117,2025-01-10,13.33,sports,shipped,paypal,CA
ORD-00002495,USR-000013,2026-02-15,36.81,electronics,cancelled,cod,UK
ORD-00002496,USR-000693,2026-07-11,34.4,sports,delivered,paypal,FR
ORD-00002497,USR-000059,2026-08-01,21.27,sports,delivered,cod,FR
ORD-00002498,USR-000607,2025-10-04,38.39,books,cancelled,apple_pay,US
ORD-00002499,USR-000038,2025-11-19,26.39,electronics,shipped,card,DE
ORD-00002500,USR-000150,2024-09-16,79.65,toys,returned,card,UK
