transaction_id,customer_id,transaction_date,amount,merchant_category,transaction_type,currency,status
TXN-00000001,CUST-000957,2024-12-25,38.67,entertainment,debit,EUR,failed
TXN-00000002,CUST-000479,2025-05-21,33.03,grocery,debit,EUR,failed
TXN-00000003,CUST-000469,2025-05-01,26.77,dining,transfer,GBP,failed
TXN-00000004,CUST-000482,2025-02-05,19.89,dining,credit,USD,pending
TXN-00000005,CUST-000053,2026-07-25,37.33,healthcare,credit,USD,pending
TXN-00000006,CUST-000517,2025-01-03,28.46,entertainment,transfer,GBP,failed
TXN-00000007,CUST-000122,2025-01-29,37.53,travel,debit,GBP,failed
TXN-00000008,CUST-000412,2025-03-26,33.12,travel,transfer,EUR,pending
TXN-00000009,CUST-000532,2026-01-08,28.5,healthcare,debit,EUR,failed
TXN-00000010,CUST-000327,2025-05-04,52.92,electronics,transfer,GBP,failed
TXN-00000011,CUST-000502,2025-03-17,49.86,entertainment,debit,EUR,pending
TXN-00000012,CUST-000690,2025-07-14,13.22,electronics,transfer,GBP,failed
TXN-00000013,CUST-000028,2026-05-06,39.69,utilities,transfer,GBP,completed
TXN-00000014,CUST-000739,2024-08-10,10.12,healthcare,transfer,GBP,failed
TXN-00000015,CUST-000794,2026-03-30,57.36,utilities,debit,USD,failed
TXN-00000016,CUST-000971,2026-05-27,46.53,dining,credit,EUR,completed
TXN-00000017,CUST-000423,2024-11-03,51.59,entertainment,transfer,EUR,failed
TXN-00000018,CUST-000745,2026-02-22,18.26,utilities,credit,GBP,pending
TXN-00000019,CUST-000322,2025-02-16,105.63,healthcare,credit,GBP,pending
TXN-00000020,CUST-000693,2025-07-03,126.16,utilities,transfer,EUR,failed
TXN-00000021,CUST-000496,2025-07-02,18.91,healthcare,credit,USD,pending
TXN-00000022,CUST-000790,2025-11-18,22.98,utilities,credit,EUR,pending
TXN-00000023,CUST-000358,2024-11-23,117.58,utilities,credit,EUR,completed
TXN-00000024,CUST-000588,2026-03-05,48.95,dining,credit,USD,pending
TXN-00000025,CUST-000044,2024-08-15,11.95,electronics,credit,GBP,pending
TXN-00000026,CUST-000766,2026-07-15,31.95,healthcare,credit,GBP,failed
TXN-00000027,CUST-000279,2025-02-21,9.07,healthcare,debit,USD,completed
TXN-00000028,CUST-000686,2024-09-21,67.91,travel,debit,USD,pending
TXN-00000029,CUST-000339,2026-03-29,46.14,entertainment,debit,USD,failed
TXN-00000030,CUST-000952,2025-04-14,8.56,dining,credit,GBP,completed
TXN-00000031,CUST-000775,2026-01-01,84.6,utilities,debit,USD,failed
TXN-00000032,CUST-000588,2025-11-05,8.11,entertainment,debit,USD,pending
TXN-00000033,CUST-000904,2025-09-15,53.82,utilities,credit,USD,completed
TXN-00000034,CUST-000306,2025-12-18,36.76,electronics,credit,EUR,failed
TXN-00000035,CUST-000557,2026-03-19,44.76,travel,transfer,EUR,pending
TXN-00000036,CUST-000198,2026-04-30,62.38,utilities,credit,GBP,pending
TXN-00000037,CUST-000736,2026-06-11,6.46,entertainment,credit,GBP,failed
TXN-00000038,CUST-000776,2025-11-09,11.22,utilities,credit,EUR,failed
TXN-00000039,CUST-000336,2025-09-25,20.02,electronics,debit,USD,pending
TXN-00000040,CUST-000393,2025-07-18,7.58,electronics,credit,GBP,failed
TXN-00000041,CUST-000587,2025-07-02,43.91,grocery,credit,EUR,completed
TXN-00000042,CUST-000416,2026-04-14,68.23,electronics,credit,GBP,completed
TXN-00000043,CUST-000225,2025-09-06,110.27,dining,transfer,GBP,pending
TXN-00000044,CUST-000426,2025-05-13,197.11,entertainment,debit,USD,failed
TXN-00000045,CUST-000773,2024-10-26,61.46,healthcare,credit,GBP,failed
TXN-00000046,CUST-000371,2025-05-11,8.77,grocery,transfer,GBP,completed
TXN-00000047,CUST-000587,2025-06-28,35.17,entertainment,transfer,EUR,completed
TXN-00000048,CUST-000697,2024-09-03,12.55,grocery,transfer,EUR,completed
TXN-00000049,CUST-000465,2025-10-23,13.96,healthcare,debit,GBP,pending
TXN-00000050,CUST-000689,2025-08-03,151.74,dining,credit,USD,failed
TXN-00000051,CUST-000224,2026-01-30,37.06,electronics,transfer,USD,failed
TXN-00000052,CUST-000062,2026-07-16,19.27,entertainment,transfer,GBP,failed
TXN-00000053,CUST-000987,2026-02-24,9.61,dining,credit,USD,failed
TXN-00000054,CUST-000988,2025-01-29,53.62,utilities,credit,USD,completed
TXN-00000055,CUST-000551,2026-02-17,27.99,travel,debit,USD,pending
TXN-00000056,CUST-000475,2024-09-27,55.85,healthcare,credit,USD,completed
TXN-00000057,CUST-000472,2024-09-18,24.74,utilities,debit,USD,failed
TXN-00000058,CUST-000430,2025-04-18,392.93,grocery,debit,USD,completed
TXN-00000059,CUST-000104,2025-04-30,41.8,utilities,transfer,USD,completed
TXN-00000060,CUST-000759,2026-04-03,10.86,healthcare,debit,USD,completed
TXN-00000061,CUST-000516,2024-10-08,127.51,healthcare,transfer,GBP,pending
TXN-00000062,CUST-000243,2025-05-11,24.11,utilities,transfer,USD,pending
TXN-00000063,CUST-000308,2026-02-21,16.51,healthcare,transfer,USD,failed
TXN-00000064,CUST-000696,2024-12-24,27.16,electronics,transfer,GBP,pending
TXN-00000065,CUST-000805,2026-01-14,36.99,dining,debit,EUR,pending
TXN-00000066,CUST-000189,2024-09-30,64.28,entertainment,debit,EUR,failed
TXN-00000067,CUST-000148,2025-10-12,472.42,healthcare,transfer,USD,pending
TXN-00000068,CUST-000249,2026-08-05,20.04,grocery,credit,EUR,completed
TXN-00000069,CUST-000549,2025-05-09,48.46,electronics,credit,GBP,failed
TXN-00000070,CUST-000618,2025-11-21,91.27,utilities,transfer,USD,pending
TXN-00000071,CUST-000214,2024-08-28,70.82,grocery,debit,USD,failed
TXN-00000072,CUST-000121,2025-10-22,131.52,travel,transfer,GBP,failed
TXN-00000073,CUST-000210,2026-03-27,27.48,electronics,credit,EUR,pending
TXN-00000074,CUST-000547,2026-01-18,44.48,electronics,transfer,EUR,pending
TXN-00000075,CUST-000101,2024-09-08,147.99,entertainment,credit,USD,pending
TXN-00000076,CUST-000321,2025-04-21,25.28,travel,transfer,USD,completed
TXN-00000077,CUST-000268,2026-01-14,39.48,utilities,credit,EUR,completed
TXN-00000078,CUST-000201,2025-11-11,22.73,entertainment,debit,EUR,failed
TXN-00000079,CUST-000671,2026-06-17,82.99,entertainment,credit,GBP,failed
TXN-00000080,CUST-000758,2026-05-06,32.61,entertainment,credit,USD,completed
TXN-00000081,CUST-000738,2026-04-05,35.81,healthcare,transfer,USD,failed
TXN-00000082,CUST-000035,2026-07-24,40.14,travel,debit,USD,failed
TXN-00000083,CUST-000467,2025-04-09,21.0,utilities,transfer,EUR,failed
TXN-00000084,CUST-000500,2025-01-03,29.26,utilities,credit,GBP,pending
TXN-00000085,CUST-000018,2026-04-14,33.45,dining,debit,USD,completed
TXN-00000086,CUST-000537,2025-07-15,18.24,healthcare,credit,EUR,pending
TXN-00000087,CUST-000815,2025-12-06,26.42,dining,credit,GBP,completed
TXN-00000088,CUST-000714,2026-04-23,10.07,entertainment,debit,GBP,failed
TXN-00000089,CUST-000778,2026-08-02,11.24,dining,transfer,EUR,completed
TXN-00000090,CUST-000653,2026-05-02,33.1,entertainment,credit,GBP,completed
TXN-00000091,CUST-000917,2024-08-12,34.48,travel,transfer,GBP,pending
TXN-00000092,CUST-000278,2025-02-14,36.24,entertainment,credit,USD,completed
TXN-00000093,CUST-000602,2024-12-17,17.61,healthcare,credit,GBP,failed
TXN-00000094,CUST-000340,2024-08-17,17.95,entertainment,transfer,GBP,completed
TXN-00000095,CUST-000513,2025-09-05,55.42,grocery,credit,USD,completed
TXN-00000096,CUST-000349,2025-11-24,48.12,healthcare,credit,EUR,completed
TXN-00000097,CUST-000650,2025-06-14,32.46,dining,credit,USD,failed
TXN-00000098,CUST-000600,2025-11-28,42.15,healthcare,credit,USD,failed
TXN-00000099,CUST-000076,2026-01-17,73.22,utilities,credit,EUR,pending
TXN-00000100,CUST-000110,2025-07-03,24.1,grocery,debit,USD,completed
TXN-00000101,CUST-000442,2025-10-06,28.28,dining,debit,USD,completed
TXN-00000102,CUST-000363,2026-03-29,39.83,entertainment,credit,EUR,completed
TXN-00000103,CUST-000299,2025-06-04,19.38,utilities,transfer,USD,failed
TXN-00000104,CUST-000534,2026-02-14,15.92,travel,credit,EUR,pending
TXN-00000105,CUST-000505,2026-07-24,18.48,electronics,credit,EUR,pending
TXN-00000106,CUST-000802,2026-04-06,15.24,travel,transfer,GBP,pending
TXN-00000107,CUST-000609,2025-12-01,44.49,travel,credit,USD,pending
TXN-00000108,CUST-000341,2026-03-06,70.53,entertainment,credit,EUR,pending
TXN-00000109,CUST-000441,2026-03-29,18.2,dining,credit,EUR,failed
TXN-00000110,CUST-000712,2024-09-24,58.8,electronics,credit,EUR,completed
TXN-00000111,CUST-000955,2025-09-22,41.05,healthcare,debit,GBP,failed
TXN-00000112,CUST-000028,2025-08-17,105.09,utilities,debit,EUR,pending
TXN-00000113,CUST-000852,2026-05-02,142.86,entertainment,credit,GBP,pending
TXN-00000114,CUST-000143,2026-01-30,42.16,utilities,debit,GBP,pending
TXN-00000115,CUST-000809,2024-08-27,24.38,healthcare,credit,GBP,pending
TXN-00000116,CUST-000548,2025-10-25,37.11,utilities,credit,GBP,completed
TXN-00000117,CUST-000810,2026-06-25,95.13,grocery,debit,USD,failed
TXN-00000118,CUST-000681,2025-01-16,18.85,grocery,transfer,GBP,failed
TXN-00000119,CUST-000663,2026-04-12,18.97,entertainment,credit,USD,completed
TXN-00000120,CUST-000101,2025-10-11,16.83,healthcare,transfer,GBP,failed
TXN-00000121,CUST-000590,2024-09-26,17.96,dining,transfer,GBP,failed
TXN-00000122,CUST-000513,2025-02-27,32.02,grocery,debit,GBP,completed
TXN-00000123,CUST-000357,2025-09-29,20.61,travel,transfer,EUR,pending
TXN-00000124,CUST-000488,2026-03-26,30.88,grocery,transfer,USD,completed
TXN-00000125,CUST-000870,2024-09-26,26.0,entertainment,debit,GBP,completed
TXN-00000126,CUST-000529,2025-07-15,19.45,healthcare,credit,EUR,completed
TXN-00000127,CUST-000817,2024-09-12,28.23,utilities,transfer,EUR,pending
TXN-00000128,CUST-000030,2024-12-29,29.33,grocery,transfer,USD,completed
TXN-00000129,CUST-000286,2024-11-15,202.45,grocery,transfer,USD,failed
TXN-00000130,CUST-000192,2025-12-25,26.33,grocery,credit,GBP,pending
TXN-00000131,CUST-000541,2025-12-08,84.04,dining,transfer,EUR,failed
TXN-00000132,CUST-000117,2025-08-28,8.58,healthcare,debit,GBP,failed
TXN-00000133,CUST-000820,2025-04-16,16.1,grocery,transfer,USD,pending
TXN-00000134,CUST-000121,2026-04-16,22.06,electronics,transfer,USD,failed
TXN-00000135,CUST-000398,2025-12-09,29.07,dining,credit,USD,pending
TXN-00000136,CUST-000651,2025-12-25,62.46,travel,transfer,USD,pending
TXN-00000137,CUST-000296,2025-07-11,16.12,dining,transfer,USD,pending
TXN-00000138,CUST-000975,2026-04-01,33.61,utilities,credit,EUR,failed
TXN-00000139,CUST-000861,2026-04-22,30.19,healthcare,debit,USD,pending
TXN-00000140,CUST-000034,2026-03-04,16.98,travel,credit,GBP,failed
TXN-00000141,CUST-000792,2024-10-08,74.48,grocery,transfer,USD,pending
TXN-00000142,CUST-000794,2025-12-11,41.98,entertainment,transfer,EUR,failed
TXN-00000143,CUST-000224,2025-07-13,204.75,electronics,debit,EUR,pending
TXN-00000144,CUST-000357,2025-12-30,56.93,utilities,transfer,GBP,pending
TXN-00000145,CUST-000882,2025-08-13,72.79,travel,transfer,USD,completed
TXN-00000146,CUST-000834,2026-05-13,24.91,healthcare,debit,EUR,failed
TXN-00000147,CUST-000300,2024-10-20,22.32,entertainment,transfer,GBP,completed
TXN-00000148,CUST-000139,2025-09-23,58.97,entertainment,debit,USD,completed
TXN-00000149,CUST-000729,2025-06-15,23.94,entertainment,transfer,EUR,pending
TXN-00000150,CUST-000146,2025-11-30,38.29,dining,credit,EUR,completed
TXN-00000151,CUST-000649,2026-01-27,190.45,dining,transfer,GBP,pending
TXN-00000152,CUST-000712,2026-06-03,85.55,dining,credit,GBP,completed
TXN-00000153,CUST-000890,2025-03-19,135.32,utilities,credit,GBP,failed
TXN-00000154,CUST-000715,2024-08-28,26.9,healthcare,credit,USD,pending
TXN-00000155,CUST-000845,2025-08-01,19.29,entertainment,credit,EUR,failed
TXN-00000156,CUST-000592,2025-01-02,95.63,grocery,debit,USD,pending
TXN-00000157,CUST-000468,2025-03-28,8.92,travel,transfer,EUR,completed
TXN-00000158,CUST-000896,2025-10-16,75.04,utilities,credit,EUR,completed
TXN-00000159,CUST-000381,2025-05-20,63.0,grocery,credit,GBP,pending
TXN-00000160,CUST-000744,2026-03-14,47.34,utilities,debit,GBP,completed
TXN-00000161,CUST-000002,2025-12-22,21.62,healthcare,debit,GBP,failed
TXN-00000162,CUST-000456,2026-08-02,29.29,grocery,debit,EUR,completed
TXN-00000163,CUST-000749,2026-03-28,52.89,electronics,credit,USD,pending
TXN-00000164,CUST-000793,2024-11-25,60.45,grocery,transfer,GBP,completed
TXN-00000165,CUST-000625,2025-04-23,47.83,utilities,debit,GBP,failed
TXN-00000166,CUST-000156,2026-03-27,148.56,dining,debit,USD,completed
TXN-00000167,CUST-000144,2026-04-17,77.03,dining,credit,EUR,pending
TXN-00000168,CUST-000811,2026-07-18,16.72,grocery,debit,GBP,failed
TXN-00000169,CUST-000615,2025-05-04,50.63,utilities,debit,GBP,pending
TXN-00000170,CUST-000211,2025-01-30,34.8,utilities,credit,EUR,failed
TXN-00000171,CUST-000056,2026-06-16,218.92,travel,credit,EUR,completed
TXN-00000172,CUST-000247,2026-04-09,33.07,healthcare,debit,EUR,pending
TXN-00000173,CUST-000136,2026-06-21,12.62,dining,credit,GBP,failed
TXN-00000174,CUST-000177,2025-12-05,14.81,grocery,debit,EUR,failed
TXN-00000175,CUST-000294,2026-03-13,47.16,dining,credit,GBP,pending
TXN-00000176,CUST-000085,2026-01-24,50.26,travel,credit,USD,pending
TXN-00000177,CUST-000081,2026-03-02,33.77,entertainment,debit,GBP,pending
TXN-00000178,CUST-000401,2025-10-27,54.65,utilities,transfer,GBP,completed
TXN-00000179,CUST-000318,2025-04-22,90.9,entertainment,debit,USD,completed
TXN-00000180,CUST-000089,2024-09-12,38.98,utilities,transfer,GBP,failed
TXN-00000181,CUST-000180,2025-04-25,46.1,electronics,transfer,GBP,failed
TXN-00000182,CUST-000266,2025-06-14,19.62,entertainment,credit,GBP,completed
TXN-00000183,CUST-000790,2026-02-05,75.59,dining,credit,GBP,completed
TXN-00000184,CUST-000270,2026-05-12,65.91,grocery,credit,EUR,failed
TXN-00000185,CUST-000369,2026-01-18,19.25,entertainment,debit,GBP,failed
TXN-00000186,CUST-000741,2025-06-08,3.19,travel,debit,GBP,failed
TXN-00000187,CUST-000759,2025-07-19,43.62,travel,credit,GBP,pending
TXN-00000188,CUST-000278,2025-04-30,94.09,grocery,transfer,GBP,completed
TXN-00000189,CUST-000184,2024-11-04,15.11,grocery,credit,USD,pending
TXN-00000190,CUST-000887,2024-11-11,4.83,electronics,debit,GBP,pending
TXN-00000191,CUST-000009,2024-10-29,25.69,entertainment,credit,GBP,failed
TXN-00000192,CUST-000249,2026-01-21,29.33,dining,debit,GBP,failed
TXN-00000193,CUST-000779,2025-02-15,53.42,dining,debit,USD,failed
TXN-00000194,CUST-000355,2025-07-02,60.86,grocery,credit,USD,failed
TXN-00000195,CUST-000386,2026-07-25,191.69,grocery,debit,GBP,completed
TXN-00000196,CUST-000430,2025-08-07,32.73,travel,transfer,EUR,completed
TXN-00000197,CUST-000045,2025-10-25,36.26,electronics,credit,GBP,completed
TXN-00000198,CUST-000595,2025-05-08,39.05,travel,debit,EUR,pending
TXN-00000199,CUST-000872,2026-07-28,9.26,utilities,transfer,EUR,pending
TXN-00000200,CUST-000464,2026-06-17,23.61,travel,debit,GBP,completed
TXN-00000201,CUST-000160,2025-12-08,12.39,electronics,credit,USD,failed
TXN-00000202,CUST-000367,2026-06-29,23.15,grocery,debit,USD,failed
TXN-00000203,CUST-000312,2025-11-29,145.15,grocery,debit,EUR,completed
TXN-00000204,CUST-000094,2025-03-20,28.51,electronics,credit,USD,completed
TXN-00000205,CUST-000975,2025-09-04,26.06,utilities,transfer,USD,completed
TXN-00000206,CUST-000474,2025-05-07,54.37,travel,credit,EUR,failed
TXN-00000207,CUST-000646,2025-10-23,138.57,grocery,debit,USD,completed
TXN-00000208,CUST-000925,2025-10-13,94.69,grocery,credit,USD,completed
TXN-00000209,CUST-000965,2026-02-08,31.05,healthcare,credit,GBP,pending
TXN-00000210,CUST-000509,2024-12-15,18.69,travel,credit,EUR,pending
TXN-00000211,CUST-000905,2024-11-21,9.49,healthcare,debit,GBP,pending
TXN-00000212,CUST-000511,2024-09-03,25.31,grocery,debit,EUR,pending
TXN-00000213,CUST-000141,2024-10-05,24.28,entertainment,transfer,USD,failed
TXN-00000214,CUST-000822,2025-01-01,35.2,dining,transfer,EUR,pending
TXN-00000215,CUST-000558,2025-12-30,59.67,healthcare,transfer,EUR,pending
TXN-00000216,CUST-000277,2026-05-22,17.37,travel,debit,EUR,completed
TXN-00000217,CUST-000829,2025-06-15,44.41,entertainment,transfer,USD,completed
TXN-00000218,CUST-000590,2025-10-04,9.59,entertainment,debit,USD,completed
TXN-00000219,CUST-000607,2024-11-24,12.76,electronics,transfer,USD,failed
TXN-00000220,CUST-000718,2026-03-23,20.68,travel,transfer,USD,pending
TXN-00000221,CUST-000556,2024-10-28,19.8,grocery,debit,USD,failed
TXN-00000222,CUST-000225,2024-10-12,9.37,electronics,transfer,USD,completed
TXN-00000223,CUST-000349,2025-06-11,66.59,grocery,debit,GBP,failed
TXN-00000224,CUST-000940,2025-10-09,35.05,grocery,credit,GBP,failed
TXN-00000225,CUST-000406,2024-12-24,39.56,electronics,debit,USD,failed
TXN-00000226,CUST-000972,2025-05-05,26.04,dining,transfer,EUR,completed
TXN-00000227,CUST-000725,2025-12-16,13.14,travel,credit,EUR,failed
TXN-00000228,CUST-000706,2025-01-10,23.5,grocery,transfer,GBP,pending
TXN-00000229,CUST-000872,2024-10-02,13.71,dining,debit,EUR,failed
TXN-00000230,CUST-000080,2026-02-17,178.45,dining,debit,EUR,completed
TXN-00000231,CUST-000256,2025-07-23,49.81,entertainment,debit,GBP,completed
TXN-00000232,CUST-000050,2025-01-13,18.44,travel,credit,EUR,pending
TXN-00000233,CUST-000360,2025-03-30,35.53,dining,transfer,GBP,failed
TXN-00000234,CUST-000231,2025-05-22,64.91,electronics,credit,USD,completed
TXN-00000235,CUST-000351,2024-11-12,16.04,utilities,debit,GBP,completed
TXN-00000236,CUST-000347,2026-03-14,46.25,dining,transfer,USD,pending
TXN-00000237,CUST-000966,2026-01-19,56.65,dining,debit,USD,completed
TXN-00000238,CUST-000340,2025-07-23,20.11,utilities,transfer,GBP,failed
TXN-00000239,CUST-000554,2025-01-24,21.15,travel,debit,USD,pending
TXN-00000240,CUST-000586,2025-04-05,37.86,grocery,credit,USD,pending
TXN-00000241,CUST-000090,2025-04-07,14.38,healthcare,credit,USD,completed
TXN-00000242,CUST-000027,2025-06-13,10.9,grocery,credit,USD,pending
TXN-00000243,CUST-000804,2024-12-11,25.14,utilities,credit,USD,failed
TXN-00000244,CUST-000558,2024-11-15,25.91,dining,credit,USD,pending
TXN-00000245,CUST-000046,2025-12-14,18.04,travel,credit,GBP,completed
TXN-00000246,CUST-000155,2026-02-25,93.79,grocery,transfer,EUR,failed
TXN-00000247,CUST-000424,2026-07-07,52.57,entertainment,transfer,EUR,failed
TXN-00000248,CUST-000704,2025-02-09,86.38,travel,credit,EUR,completed
TXN-00000249,CUST-000405,2025-08-11,34.09,entertainment,transfer,GBP,failed
TXN-00000250,CUST-000151,2024-10-30,13.6,utilities,credit,USD,failed
TXN-00000251,CUST-000152,2025-09-20,61.43,utilities,debit,USD,pending
TXN-00000252,CUST-000570,2025-05-29,26.87,electronics,transfer,EUR,completed
TXN-00000253,CUST-000806,2026-04-24,64.52,entertainment,credit,USD,pending
TXN-00000254,CUST-000154,2025-10-12,10.26,entertainment,debit,USD,failed
TXN-00000255,CUST-000799,2025-03-08,15.38,healthcare,credit,EUR,pending
TXN-00000256,CUST-000393,2025-05-04,54.4,dining,debit,USD,pending
TXN-00000257,CUST-000413,2025-07-04,9.5,utilities,credit,USD,pending
TXN-00000258,CUST-000911,2025-09-29,177.77,grocery,transfer,EUR,pending
TXN-00000259,CUST-000919,2024-12-06,25.42,entertainment,credit,EUR,pending
TXN-00000260,CUST-000864,2024-11-09,31.89,grocery,debit,USD,pending
TXN-00000261,CUST-000998,2025-10-05,145.51,electronics,credit,GBP,pending
TXN-00000262,CUST-000620,2024-10-07,42.35,travel,credit,GBP,pending
TXN-00000263,CUST-000778,2025-11-22,34.34,grocery,transfer,USD,completed
TXN-00000264,CUST-000319,2025-08-16,53.63,entertainment,transfer,GBP,completed
TXN-00000265,CUST-000178,2025-04-10,61.33,dining,debit,EUR,failed
TXN-00000266,CUST-000204,2026-06-20,5.71,healthcare,credit,GBP,completed
TXN-00000267,CUST-000698,2026-03-10,11.86,healthcare,credit,USD,pending
TXN-00000268,CUST-000601,2025-09-26,36.87,entertainment,credit,GBP,failed
TXN-00000269,CUST-000093,2025-02-26,20.47,travel,transfer,USD,completed
TXN-00000270,CUST-000663,2026-01-17,20.58,utilities,credit,GBP,completed
TXN-00000271,CUST-000886,2026-04-16,173.32,grocery,credit,USD,failed
TXN-00000272,CUST-000178,2025-05-08,38.09,electronics,transfer,EUR,failed
TXN-00000273,CUST-000991,2026-02-13,49.23,dining,credit,EUR,pending
TXN-00000274,CUST-000224,2025-11-24,28.74,entertainment,transfer,EUR,failed
TXN-00000275,CUST-000105,2025-03-27,40.76,electronics,credit,GBP,completed
TXN-00000276,CUST-000494,2026-07-14,133.37,electronics,transfer,GBP,failed
TXN-00000277,CUST-000306,2025-12-27,13.65,travel,debit,GBP,pending
TXN-00000278,CUST-000677,2025-08-04,24.83,grocery,transfer,EUR,pending
TXN-00000279,CUST-000266,2025-07-26,84.6,utilities,debit,GBP,failed
TXN-00000280,CUST-000586,2026-04-17,64.09,utilities,debit,GBP,failed
TXN-00000281,CUST-000654,2024-10-04,53.45,entertainment,debit,GBP,failed
TXN-00000282,CUST-000186,2025-03-15,19.4,utilities,credit,GBP,failed
TXN-00000283,CUST-000782,2024-10-01,161.9,travel,credit,USD,failed
TXN-00000284,CUST-000893,2024-11-07,9.49,electronics,credit,EUR,failed
TXN-00000285,CUST-000302,2025-03-16,31.3,grocery,transfer,GBP,failed
TXN-00000286,CUST-000967,2025-03-16,45.32,travel,transfer,USD,failed
TXN-00000287,CUST-000391,2025-03-29,35.51,entertainment,debit,USD,completed
TXN-00000288,CUST-000351,2025-04-20,24.79,dining,debit,EUR,failed
TXN-00000289,CUST-000185,2025-08-10,69.9,utilities,debit,EUR,failed
TXN-00000290,CUST-000060,2025-12-29,50.97,entertainment,debit,EUR,completed
TXN-00000291,CUST-000133,2024-09-27,50.84,dining,credit,EUR,pending
TXN-00000292,CUST-000005,2025-04-06,27.75,electronics,transfer,USD,completed
TXN-00000293,CUST-000693,2025-04-22,24.84,healthcare,transfer,EUR,completed
TXN-00000294,CUST-000067,2026-04-26,62.38,electronics,credit,GBP,failed
TXN-00000295,CUST-000611,2024-11-18,35.11,utilities,debit,EUR,pending
TXN-00000296,CUST-000368,2026-07-17,49.95,entertainment,credit,USD,completed
TXN-00000297,CUST-000230,2024-12-01,47.41,utilities,debit,GBP,failed
TXN-00000298,CUST-000174,2025-11-03,62.91,utilities,credit,GBP,failed
TXN-00000299,CUST-000050,2025-08-19,37.92,grocery,transfer,USD,completed
TXN-00000300,CUST-000707,2026-01-25,12.82,grocery,transfer,EUR,pending
TXN-00000301,CUST-000719,2024-12-23,6.95,utilities,debit,EUR,pending
TXN-00000302,CUST-000678,2025-10-14,10.57,healthcare,transfer,GBP,completed
TXN-00000303,CUST-000429,2026-04-24,54.98,utilities,transfer,USD,pending
TXN-00000304,CUST-000117,2025-07-03,72.1,healthcare,debit,EUR,failed
TXN-00000305,CUST-000997,2025-04-22,8.33,electronics,debit,USD,failed
TXN-00000306,CUST-000509,2025-06-09,31.99,grocery,transfer,USD,completed
TXN-00000307,CUST-000856,2026-05-14,40.49,grocery,transfer,USD,failed
TXN-00000308,CUST-000741,2025-02-11,15.87,travel,credit,EUR,pending
TXN-00000309,CUST-000476,2024-12-31,18.29,dining,transfer,USD,completed
TXN-00000310,CUST-000872,2024-10-20,139.08,travel,credit,EUR,pending
TXN-00000311,CUST-000979,2025-09-03,131.05,grocery,credit,EUR,completed
TXN-00000312,CUST-000117,2026-05-20,19.89,entertainment,credit,EUR,failed
TXN-00000313,CUST-000908,2026-03-09,52.43,utilities,transfer,USD,completed
TXN-00000314,CUST-000107,2026-07-22,24.99,entertainment,transfer,GBP,pending
TXN-00000315,CUST-000186,2026-03-20,66.14,healthcare,debit,GBP,failed
TXN-00000316,CUST-000997,2025-09-04,93.7,dining,debit,EUR,pending
TXN-00000317,CUST-000048,2025-04-02,37.82,utilities,transfer,USD,failed
TXN-00000318,CUST-000895,2025-05-27,20.79,utilities,transfer,USD,pending
TXN-00000319,CUST-000678,2026-02-13,60.37,utilities,transfer,GBP,pending
TXN-00000320,CUST-000153,2025-01-21,94.97,healthcare,debit,USD,failed
TXN-00000321,CUST-000957,2026-06-13,10.51,travel,credit,EUR,completed
TXN-00000322,CUST-000520,2025-11-21,11.39,dining,debit,USD,pending
TXN-00000323,CUST-000455,2025-02-23,70.05,entertainment,credit,EUR,pending
TXN-00000324,CUST-000122,2026-03-17,10.92,grocery,transfer,GBP,completed
TXN-00000325,CUST-000846,2024-09-21,8.02,healthcare,transfer,EUR,failed
TXN-00000326,CUST-000576,2026-01-14,9.73,electronics,credit,USD,completed
TXN-00000327,CUST-000865,2024-08-19,28.73,healthcare,transfer,EUR,failed
TXN-00000328,CUST-000673,2024-11-22,23.51,grocery,transfer,USD,completed
TXN-00000329,CUST-000350,2025-07-29,19.25,entertainment,credit,GBP,failed
TXN-00000330,CUST-000383,2026-02-06,44.29,travel,credit,USD,failed
TXN-00000331,CUST-000761,2025-07-20,46.55,healthcare,debit,USD,completed
TXN-00000332,CUST-000953,2025-11-05,61.33,entertainment,debit,GBP,pending
TXN-00000333,CUST-000111,2025-04-19,57.84,grocery,credit,EUR,failed
TXN-00000334,CUST-000604,2026-04-15,33.0,grocery,transfer,EUR,failed
TXN-00000335,CUST-000495,2024-11-25,6.76,healthcare,credit,GBP,pending
TXN-00000336,CUST-000429,2026-06-12,54.36,electronics,credit,EUR,completed
TXN-00000337,CUST-000142,2024-08-09,22.22,utilities,transfer,EUR,failed
TXN-00000338,CUST-000561,2026-04-21,184.59,healthcare,transfer,USD,completed
TXN-00000339,CUST-000215,2026-03-15,42.11,electronics,transfer,USD,failed
TXN-00000340,CUST-000666,2025-08-12,38.88,utilities,debit,EUR,failed
TXN-00000341,CUST-000492,2026-05-11,240.43,utilities,credit,GBP,failed
TXN-00000342,CUST-000916,2025-10-31,63.82,entertainment,credit,USD,failed
TXN-00000343,CUST-000110,2025-10-28,44.35,entertainment,debit,EUR,failed
TXN-00000344,CUST-000257,2026-06-24,54.07,healthcare,debit,EUR,pending
TXN-00000345,CUST-000105,2025-11-19,54.11,healthcare,debit,GBP,failed
TXN-00000346,CUST-000575,2025-01-11,24.24,entertainment,transfer,EUR,failed
TXN-00000347,CUST-000681,2024-11-29,12.12,dining,transfer,EUR,failed
TXN-00000348,CUST-000056,2026-04-19,70.48,entertainment,credit,USD,failed
TXN-00000349,CUST-000722,2025-11-09,52.19,healthcare,transfer,GBP,failed
TXN-00000350,CUST-000202,2025-02-03,23.49,utilities,debit,USD,completed
TXN-00000351,CUST-000753,2025-07-01,34.14,dining,credit,GBP,pending
TXN-00000352,CUST-000134,2026-07-05,142.49,entertainment,transfer,GBP,failed
TXN-00000353,CUST-000309,2025-01-08,32.13,electronics,debit,GBP,pending
TXN-00000354,CUST-000539,2025-03-20,20.68,grocery,transfer,USD,pending
TXN-00000355,CUST-000557,2025-08-10,35.02,travel,debit,GBP,pending
TXN-00000356,CUST-000340,2025-11-14,25.93,entertainment,transfer,GBP,pending
TXN-00000357,CUST-000575,2024-10-20,15.17,healthcare,transfer,USD,completed
TXN-00000358,CUST-000699,2025-04-02,77.91,entertainment,debit,EUR,pending
TXN-00000359,CUST-000554,2025-08-08,36.63,healthcare,transfer,EUR,pending
TXN-00000360,CUST-000045,2026-04-25,14.85,electronics,transfer,USD,completed
TXN-00000361,CUST-000172,2025-03-14,37.42,travel,transfer,GBP,completed
TXN-00000362,CUST-000886,2025-05-05,155.77,travel,transfer,GBP,failed
TXN-00000363,CUST-000794,2024-09-15,20.39,grocery,transfer,GBP,completed
TXN-00000364,CUST-000025,2024-10-14,30.46,grocery,debit,USD,completed
TXN-00000365,CUST-000814,2026-07-23,22.96,entertainment,debit,EUR,pending
TXN-00000366,CUST-000398,2025-06-05,29.59,electronics,debit,EUR,failed
TXN-00000367,CUST-000122,2026-04-15,37.84,healthcare,debit,GBP,failed
TXN-00000368,CUST-000047,2026-05-12,44.58,healthcare,debit,EUR,failed
TXN-00000369,CUST-000309,2024-12-03,40.59,dining,credit,EUR,failed
TXN-00000370,CUST-000032,2024-12-22,30.68,travel,transfer,EUR,failed
TXN-00000371,CUST-000303,2026-04-08,147.8,electronics,debit,GBP,failed
TXN-00000372,CUST-000145,2025-04-09,44.11,grocery,credit,USD,failed
TXN-00000373,CUST-000760,2025-04-01,77.02,dining,transfer,GBP,completed
TXN-00000374,CUST-000165,2025-06-08,10.68,electronics,debit,USD,completed
TXN-00000375,CUST-000688,2024-12-04,36.46,grocery,credit,USD,completed
TXN-00000376,CUST-000744,2026-06-05,324.58,electronics,debit,GBP,failed
TXN-00000377,CUST-000241,2026-07-11,7.83,travel,credit,EUR,pending
TXN-00000378,CUST-000337,2026-04-07,41.68,healthcare,debit,GBP,failed
TXN-00000379,CUST-000374,2025-04-14,17.08,entertainment,debit,GBP,failed
TXN-00000380,CUST-000657,2025-02-07,19.14,travel,transfer,GBP,pending
TXN-00000381,CUST-000899,2025-05-19,31.51,entertainment,credit,EUR,failed
TXN-00000382,CUST-000112,2026-01-08,10.68,entertainment,credit,USD,failed
TXN-00000383,CUST-000202,2024-12-09,8.67,grocery,transfer,GBP,pending
TXN-00000384,CUST-000788,2025-12-06,123.82,healthcare,credit,GBP,failed
TXN-00000385,CUST-000484,2025-09-28,42.44,dining,debit,GBP,failed
TXN-00000386,CUST-000878,2024-08-10,19.38,healthcare,debit,EUR,pending
TXN-00000387,CUST-000515,2026-04-11,93.78,travel,credit,USD,completed
TXN-00000388,CUST-000580,2024-10-07,31.97,travel,credit,USD,completed
TXN-00000389,CUST-000271,2025-06-29,27.46,travel,transfer,EUR,pending
TXN-00000390,CUST-000481,2025-12-08,42.62,utilities,credit,GBP,failed
TXN-00000391,CUST-000584,2025-01-22,9.09,electronics,transfer,GBP,completed
TXN-00000392,CUST-000530,2025-05-16,17.46,entertainment,credit,EUR,pending
TXN-00000393,CUST-000909,2026-06-06,44.13,travel,credit,USD,completed
TXN-00000394,CUST-000079,2026-06-10,34.05,travel,debit,USD,pending
TXN-00000395,CUST-000617,2026-03-16,46.44,travel,credit,EUR,failed
TXN-00000396,CUST-000117,2026-06-15,31.54,travel,transfer,USD,failed
TXN-00000397,CUST-000854,2026-04-09,28.17,travel,transfer,GBP,completed
TXN-00000398,CUST-000138,2025-02-13,39.85,healthcare,debit,USD,completed
TXN-00000399,CUST-000265,2025-12-21,109.89,dining,transfer,GBP,failed
TXN-00000400,CUST-000020,2026-01-16,12.32,dining,credit,USD,completed
TXN-00000401,CUST-000851,2024-09-14,28.71,healthcare,debit,GBP,failed
TXN-00000402,CUST-000524,2024-09-14,10.26,electronics,credit,GBP,failed
TXN-00000403,CUST-000071,2026-03-09,18.11,grocery,debit,USD,failed
TXN-00000404,CUST-000881,2026-06-16,103.12,travel,credit,GBP,failed
TXN-00000405,CUST-000040,2025-08-27,100.13,entertainment,debit,USD,pending
TXN-00000406,CUST-000676,2026-07-29,9.21,entertainment,debit,GBP,failed
TXN-00000407,CUST-000442,2024-09-14,34.75,grocery,transfer,GBP,pending
TXN-00000408,CUST-000235,2025-10-04,105.83,entertainment,credit,EUR,failed
TXN-00000409,CUST-000824,2026-02-24,132.86,utilities,transfer,USD,pending
TXN-00000410,CUST-000138,2024-10-26,7.85,entertainment,debit,EUR,failed
TXN-00000411,CUST-000898,2024-12-24,35.9,grocery,transfer,GBP,completed
TXN-00000412,CUST-000592,2024-11-13,35.32,dining,transfer,USD,failed
TXN-00000413,CUST-000824,2025-02-13,22.28,travel,credit,GBP,failed
TXN-00000414,CUST-000260,2026-02-16,16.34,healthcare,credit,GBP,pending
TXN-00000415,CUST-000697,2024-10-09,27.75,healthcare,transfer,EUR,completed
TXN-00000416,CUST-000380,2024-12-15,38.75,electronics,transfer,EUR,failed
TXN-00000417,CUST-000408,2026-06-06,78.79,dining,transfer,USD,completed
TXN-00000418,CUST-000220,2024-12-06,34.94,entertainment,transfer,GBP,failed
TXN-00000419,CUST-000701,2025-11-13,46.44,utilities,debit,USD,completed
TXN-00000420,CUST-000483,2025-07-30,93.24,grocery,credit,USD,pending
TXN-00000421,CUST-000082,2025-05-26,57.0,dining,transfer,GBP,failed
TXN-00000422,CUST-000294,2025-05-14,68.13,entertainment,debit,GBP,pending
TXN-00000423,CUST-000450,2024-09-07,112.95,travel,debit,GBP,failed
TXN-00000424,CUST-000529,2025-10-25,67.21,utilities,debit,EUR,completed
TXN-00000425,CUST-000671,2025-06-22,23.73,healthcare,debit,GBP,completed
TXN-00000426,CUST-000755,2025-12-06,42.46,healthcare,transfer,EUR,pending
TXN-00000427,CUST-000987,2024-10-09,57.96,travel,credit,EUR,failed
TXN-00000428,CUST-000005,2026-01-25,19.05,grocery,transfer,USD,failed
TXN-00000429,CUST-000302,2026-06-02,25.82,healthcare,credit,GBP,failed
TXN-00000430,CUST-000257,2025-02-21,48.27,entertainment,credit,EUR,failed
TXN-00000431,CUST-000472,2024-12-26,32.03,dining,transfer,USD,failed
TXN-00000432,CUST-000719,2025-12-13,19.27,electronics,transfer,GBP,completed
TXN-00000433,CUST-000718,2025-06-21,60.73,grocery,credit,GBP,failed
TXN-00000434,CUST-000841,2025-04-27,20.35,travel,credit,EUR,pending
TXN-00000435,CUST-000224,2026-03-18,69.43,utilities,transfer,USD,pending
TXN-00000436,CUST-000755,2024-11-18,6.97,entertainment,credit,USD,completed
TXN-00000437,CUST-000208,2025-04-13,13.55,grocery,debit,GBP,failed
TXN-00000438,CUST-000505,2026-06-26,64.24,healthcare,debit,EUR,pending
TXN-00000439,CUST-000636,2026-03-15,113.17,electronics,credit,USD,failed
TXN-00000440,CUST-000287,2024-09-26,18.9,travel,debit,GBP,pending
TXN-00000441,CUST-000490,2026-05-31,7.38,entertainment,debit,EUR,completed
TXN-00000442,CUST-000716,2025-12-30,34.35,grocery,debit,GBP,completed
TXN-00000443,CUST-000389,2026-05-12,39.05,healthcare,credit,USD,failed
TXN-00000444,CUST-000270,2025-09-15,16.74,healthcare,credit,EUR,completed
TXN-00000445,CUST-000511,2025-06-25,27.67,entertainment,credit,EUR,pending
TXN-00000446,CUST-000287,2025-10-29,28.28,healthcare,transfer,USD,completed
TXN-00000447,CUST-000739,2025-12-08,21.91,dining,credit,USD,completed
TXN-00000448,CUST-000820,2026-01-21,55.12,dining,debit,GBP,failed
TXN-00000449,CUST-000547,2025-09-13,135.65,electronics,credit,GBP,failed
TXN-00000450,CUST-000049,2025-09-25,21.1,grocery,debit,EUR,pending
TXN-00000451,CUST-000860,2026-01-04,45.79,electronics,credit,EUR,pending
TXN-00000452,CUST-000574,2024-12-15,50.16,electronics,debit,EUR,completed
TXN-00000453,CUST-000360,2026-03-17,12.5,utilities,transfer,USD,pending
TXN-00000454,CUST-000364,2025-10-15,20.28,entertainment,transfer,EUR,completed
TXN-00000455,CUST-000391,2024-12-10,44.3,travel,debit,GBP,pending
TXN-00000456,CUST-000432,2026-03-26,50.43,entertainment,debit,USD,completed
TXN-00000457,CUST-000352,2026-04-30,19.18,electronics,transfer,EUR,failed
TXN-00000458,CUST-000661,2025-11-21,9.23,entertainment,credit,GBP,failed
TXN-00000459,CUST-000534,2024-10-22,98.52,travel,debit,USD,failed
TXN-00000460,CUST-000241,2025-03-02,44.67,travel,credit,USD,completed
TXN-00000461,CUST-000066,2025-09-28,103.33,grocery,debit,EUR,failed
TXN-00000462,CUST-000784,2026-06-04,39.53,dining,credit,USD,completed
TXN-00000463,CUST-000756,2025-02-21,14.98,travel,transfer,USD,completed
TXN-00000464,CUST-000036,2024-10-29,165.26,electronics,credit,EUR,failed
TXN-00000465,CUST-000958,2024-10-27,18.87,utilities,transfer,USD,failed
TXN-00000466,CUST-000612,2024-08-12,26.11,healthcare,credit,GBP,failed
TXN-00000467,CUST-000655,2024-10-08,55.1,dining,transfer,USD,completed
TXN-00000468,CUST-000453,2026-03-27,21.14,travel,credit,USD,completed
TXN-00000469,CUST-000536,2026-07-11,22.12,grocery,transfer,EUR,pending
TXN-00000470,CUST-000307,2025-12-27,10.15,electronics,transfer,USD,completed
TXN-00000471,CUST-000562,2025-05-25,24.66,healthcare,credit,EUR,completed
TXN-00000472,CUST-000168,2025-10-03,76.19,entertainment,credit,USD,pending
TXN-00000473,CUST-000082,2024-12-24,28.78,entertainment,transfer,GBP,failed
TXN-00000474,CUST-000279,2024-11-04,10.49,entertainment,credit,EUR,completed
TXN-00000475,CUST-000874,2026-04-24,12.41,dining,credit,GBP,failed
TXN-00000476,CUST-000504,2025-06-05,8.77,travel,debit,EUR,pending
TXN-00000477,CUST-000129,2024-11-28,97.73,travel,debit,USD,completed
TXN-00000478,CUST-000506,2026-06-01,16.95,entertainment,credit,EUR,pending
TXN-00000479,CUST-000714,2026-04-05,60.17,entertainment,debit,USD,pending
TXN-00000480,CUST-000795,2026-03-30,23.97,travel,debit,EUR,pending
TXN-00000481,CUST-000849,2024-08-30,53.46,dining,debit,GBP,completed
TXN-00000482,CUST-000204,2025-07-03,26.19,healthcare,transfer,USD,pending
TXN-00000483,CUST-000399,2026-05-20,47.56,electronics,debit,GBP,failed
TXN-00000484,CUST-000044,2024-11-27,69.8,grocery,credit,EUR,failed
TXN-00000485,CUST-000306,2025-11-03,62.68,grocery,debit,GBP,pending
TXN-00000486,CUST-000333,2025-08-12,40.14,travel,debit,USD,failed
TXN-00000487,CUST-000803,2025-03-17,76.72,travel,credit,USD,completed
TXN-00000488,CUST-000162,2025-03-20,33.1,electronics,transfer,USD,completed
TXN-00000489,CUST-000365,2025-11-02,64.35,entertainment,debit,USD,pending
TXN-00000490,CUST-000239,2025-08-10,18.74,utilities,credit,EUR,failed
TXN-00000491,CUST-000198,2026-07-11,11.52,utilities,debit,EUR,completed
TXN-00000492,CUST-000497,2025-05-20,63.0,healthcare,transfer,EUR,completed
TXN-00000493,CUST-000581,2025-05-01,17.13,utilities,credit,EUR,failed
TXN-00000494,CUST-000937,2025-03-13,59.7,healthcare,debit,EUR,pending
TXN-00000495,CUST-000840,2024-10-01,19.82,grocery,transfer,GBP,pending
TXN-00000496,CUST-000752,2025-09-08,9.16,utilities,transfer,EUR,completed
TXN-00000497,CUST-000537,2025-07-12,96.87,travel,transfer,EUR,pending
TXN-00000498,CUST-000420,2026-06-25,41.16,healthcare,transfer,USD,completed
TXN-00000499,CUST-000856,2025-10-20,45.52,dining,transfer,GBP,failed
TXN-00000500,CUST-000605,2025-02-04,19.52,healthcare,transfer,USD,completed
TXN-00000501,CUST-000953,2025-05-16,29.33,electronics,transfer,GBP,pending
TXN-00000502,CUST-000842,2026-05-18,17.88,entertainment,transfer,EUR,failed
TXN-00000503,CUST-000042,2025-04-03,231.01,grocery,debit,GBP,completed
TXN-00000504,CUST-000104,2025-10-25,64.06,travel,debit,GBP,failed
TXN-00000505,CUST-000255,2024-10-21,206.59,healthcare,transfer,GBP,pending
TXN-00000506,CUST-000765,2025-06-08,7.4,electronics,transfer,EUR,failed
TXN-00000507,CUST-000682,2026-07-08,29.62,entertainment,debit,GBP,pending
TXN-00000508,CUST-000517,2025-12-28,25.41,healthcare,credit,EUR,pending
TXN-00000509,CUST-000564,2025-10-03,89.9,electronics,credit,GBP,pending
TXN-00000510,CUST-000846,2026-08-06,73.08,healthcare,transfer,USD,pending
TXN-00000511,CUST-000785,2026-07-15,43.38,electronics,credit,EUR,pending
TXN-00000512,CUST-000001,2024-12-25,43.49,electronics,debit,EUR,completed
TXN-00000513,CUST-000220,2024-11-25,137.55,electronics,transfer,GBP,failed
TXN-00000514,CUST-000585,2024-10-30,12.37,travel,credit,EUR,failed
TXN-00000515,CUST-000256,2025-11-29,4.76,grocery,transfer,EUR,failed
TXN-00000516,CUST-000940,2026-05-22,21.75,electronics,credit,USD,pending
TXN-00000517,CUST-000846,2024-10-18,53.77,utilities,credit,USD,failed
TXN-00000518,CUST-000828,2024-09-22,37.1,grocery,credit,EUR,pending
TXN-00000519,CUST-000427,2025-03-26,144.13,entertainment,transfer,USD,failed
TXN-00000520,CUST-000797,2024-11-16,40.12,healthcare,debit,EUR,failed
TXN-00000521,CUST-000579,2024-10-21,12.6,travel,debit,USD,failed
TXN-00000522,CUST-000750,2025-05-29,74.96,grocery,debit,EUR,pending
TXN-00000523,CUST-000806,2026-05-11,28.02,grocery,credit,GBP,failed
TXN-00000524,CUST-000051,2026-02-20,36.22,dining,transfer,EUR,failed
TXN-00000525,CUST-000134,2026-05-18,66.21,travel,credit,EUR,failed
TXN-00000526,CUST-000586,2025-01-27,11.18,utilities,transfer,USD,completed
TXN-00000527,CUST-000074,2024-12-19,18.86,utilities,transfer,USD,completed
TXN-00000528,CUST-000688,2025-02-07,27.47,travel,credit,EUR,failed
TXN-00000529,CUST-000672,2026-01-12,12.94,electronics,transfer,EUR,failed
TXN-00000530,CUST-000150,2024-08-17,11.27,travel,debit,GBP,pending
TXN-00000531,CUST-000160,2024-11-07,12.55,grocery,credit,USD,failed
TXN-00000532,CUST-000551,2026-05-14,13.85,entertainment,credit,GBP,pending
TXN-00000533,CUST-000638,2026-05-10,47.82,utilities,transfer,USD,pending
TXN-00000534,CUST-000597,2026-06-12,107.52,electronics,debit,USD,pending
TXN-00000535,CUST-000206,2025-05-23,93.59,grocery,credit,GBP,completed
TXN-00000536,CUST-000069,2026-06-28,26.85,entertainment,transfer,EUR,completed
TXN-00000537,CUST-000020,2025-07-22,34.48,electronics,credit,GBP,failed
TXN-00000538,CUST-000091,2024-10-06,13.99,dining,transfer,GBP,completed
TXN-00000539,CUST-000041,2025-02-01,15.85,electronics,credit,EUR,failed
TXN-00000540,CUST-000161,2026-03-01,24.92,healthcare,credit,USD,failed
TXN-00000541,CUST-000264,2024-08-15,36.77,travel,credit,EUR,failed
TXN-00000542,CUST-000141,2024-11-17,13.25,utilities,transfer,GBP,failed
TXN-00000543,CUST-000233,2025-02-04,25.39,dining,credit,GBP,pending
TXN-00000544,CUST-000460,2026-04-10,35.63,travel,transfer,GBP,failed
TXN-00000545,CUST-000820,2026-02-12,20.61,utilities,transfer,GBP,completed
TXN-00000546,CUST-000441,2025-02-09,76.61,healthcare,transfer,GBP,completed
TXN-00000547,CUST-000189,2025-01-31,4.14,utilities,debit,EUR,pending
TXN-00000548,CUST-000985,2025-06-13,26.61,entertainment,transfer,GBP,pending
TXN-00000549,CUST-000156,2026-03-15,50.85,travel,debit,GBP,failed
TXN-00000550,CUST-000274,2026-03-25,48.13,healthcare,debit,USD,failed
TXN-00000551,CUST-000027,2025-07-20,17.83,dining,debit,GBP,failed
TXN-00000552,CUST-000481,2024-08-29,52.71,entertainment,credit,EUR,pending
TXN-00000553,CUST-000141,2026-02-23,18.24,dining,debit,EUR,pending
TXN-00000554,CUST-000228,2025-11-03,48.37,dining,transfer,EUR,failed
TXN-00000555,CUST-000333,2026-01-24,21.24,healthcare,transfer,EUR,failed
TXN-00000556,CUST-000321,2025-11-27,3.04,healthcare,transfer,GBP,failed
TXN-00000557,CUST-000657,2025-11-14,34.87,entertainment,debit,USD,failed
TXN-00000558,CUST-000551,2025-12-04,19.28,healthcare,credit,GBP,failed
TXN-00000559,CUST-000986,2025-10-13,13.84,dining,credit,EUR,pending
TXN-00000560,CUST-000171,2025-09-03,25.15,grocery,transfer,GBP,completed
TXN-00000561,CUST-000475,2025-11-18,75.62,utilities,transfer,USD,completed
TXN-00000562,CUST-000798,2026-06-04,100.46,healthcare,debit,EUR,pending
TXN-00000563,CUST-000332,2025-06-15,30.51,healthcare,transfer,USD,pending
TXN-00000564,CUST-000093,2025-05-23,10.89,utilities,debit,GBP,failed
TXN-00000565,CUST-000127,2025-07-17,40.49,utilities,credit,GBP,failed
TXN-00000566,CUST-000627,2024-09-14,89.43,dining,debit,USD,pending
TXN-00000567,CUST-000580,2025-09-06,19.26,entertainment,transfer,USD,pending
TXN-00000568,CUST-000316,2026-05-10,10.7,dining,credit,GBP,completed
TXN-00000569,CUST-000121,2026-05-02,32.8,healthcare,credit,USD,completed
TXN-00000570,CUST-000603,2025-07-29,49.43,dining,debit,GBP,failed
TXN-00000571,CUST-000007,2024-11-14,15.27,healthcare,transfer,GBP,completed
TXN-00000572,CUST-000051,2024-09-06,25.99,grocery,transfer,GBP,failed
TXN-00000573,CUST-000306,2025-11-26,25.69,grocery,credit,USD,completed
TXN-00000574,CUST-000689,2024-12-16,13.84,utilities,transfer,GBP,failed
TXN-00000575,CUST-000182,2025-03-09,27.14,entertainment,credit,EUR,pending
TXN-00000576,CUST-000920,2025-12-24,27.71,dining,transfer,USD,pending
TXN-00000577,CUST-000483,2024-08-22,6.41,electronics,credit,GBP,pending
TXN-00000578,CUST-000538,2026-04-08,20.02,grocery,debit,GBP,failed
TXN-00000579,CUST-000645,2025-12-31,34.59,utilities,transfer,GBP,failed
TXN-00000580,CUST-000295,2026-05-15,17.15,electronics,transfer,GBP,failed
TXN-00000581,CUST-000363,2025-05-05,151.37,dining,transfer,GBP,failed
TXN-00000582,CUST-000510,2024-09-30,32.7,healthcare,debit,GBP,pending
TXN-00000583,CUST-000199,2025-12-23,40.25,entertainment,debit,GBP,pending
TXN-00000584,CUST-000424,2026-03-26,12.69,entertainment,transfer,USD,completed
TXN-00000585,CUST-000656,2026-02-10,18.71,entertainment,debit,EUR,pending
TXN-00000586,CUST-000519,2026-01-12,44.46,grocery,transfer,EUR,pending
TXN-00000587,CUST-000406,2025-08-03,73.85,grocery,debit,USD,pending
TXN-00000588,CUST-000854,2026-06-09,16.79,dining,debit,GBP,completed
TXN-00000589,CUST-000494,2025-03-03,13.78,entertainment,transfer,EUR,pending
TXN-00000590,CUST-000803,2025-07-11,9.28,healthcare,transfer,GBP,pending
TXN-00000591,CUST-000569,2026-07-21,35.24,utilities,credit,EUR,completed
TXN-00000592,CUST-000993,2025-04-16,23.26,healthcare,debit,GBP,failed
TXN-00000593,CUST-000399,2024-12-19,20.37,entertainment,credit,GBP,pending
TXN-00000594,CUST-000727,2025-04-18,11.06,dining,debit,EUR,pending
TXN-00000595,CUST-000850,2026-05-17,72.9,electronics,debit,USD,pending
TXN-00000596,CUST-000804,2025-06-23,10.68,entertainment,credit,GBP,completed
TXN-00000597,CUST-000195,2026-03-23,21.65,entertainment,transfer,EUR,pending
TXN-00000598,CUST-000147,2026-07-31,49.91,healthcare,transfer,USD,completed
TXN-00000599,CUST-000742,2025-10-15,11.72,entertainment,transfer,USD,completed
TXN-00000600,CUST-000319,2025-01-06,38.16,dining,debit,USD,failed
TXN-00000601,CUST-000785,2024-12-16,45.48,healthcare,credit,GBP,completed
TXN-00000602,CUST-000329,2026-08-07,18.61,healthcare,credit,EUR,failed
TXN-00000603,CUST-000121,2025-06-21,22.87,grocery,debit,GBP,failed
TXN-00000604,CUST-000527,2026-01-19,10.05,healthcare,credit,EUR,completed
TXN-00000605,CUST-000966,2026-02-09,48.97,travel,debit,USD,pending
TXN-00000606,CUST-000628,2026-01-11,106.88,grocery,debit,USD,pending
TXN-00000607,CUST-000925,2025-10-06,43.35,grocery,debit,EUR,pending
TXN-00000608,CUST-000184,2025-03-29,58.76,dining,transfer,EUR,pending
TXN-00000609,CUST-000341,2024-12-21,151.03,utilities,transfer,USD,pending
TXN-00000610,CUST-000582,2025-09-18,97.83,dining,credit,GBP,failed
TXN-00000611,CUST-000728,2024-10-22,66.07,travel,debit,GBP,pending
TXN-00000612,CUST-000935,2025-09-15,26.32,utilities,credit,EUR,pending
TXN-00000613,CUST-000500,2026-03-12,9.69,electronics,credit,EUR,completed
TXN-00000614,CUST-000290,2025-08-16,83.9,travel,transfer,USD,pending
TXN-00000615,CUST-000838,2024-12-25,46.03,healthcare,transfer,USD,pending
TXN-00000616,CUST-000546,2025-05-13,29.06,travel,transfer,USD,failed
TXN-00000617,CUST-000163,2024-12-26,95.15,electronics,debit,GBP,failed
TXN-00000618,CUST-000442,2025-12-11,66.09,entertainment,credit,GBP,failed
TXN-00000619,CUST-000242,2024-12-07,8.52,utilities,transfer,GBP,pending
TXN-00000620,CUST-000118,2026-04-09,41.91,healthcare,debit,EUR,completed
TXN-00000621,CUST-000316,2025-09-13,60.32,dining,transfer,GBP,completed
TXN-00000622,CUST-000093,2025-06-15,21.11,healthcare,transfer,USD,completed
TXN-00000623,CUST-000677,2024-08-23,11.86,dining,transfer,GBP,pending
TXN-00000624,CUST-000201,2026-05-16,8.7,utilities,credit,EUR,failed
TXN-00000625,CUST-000938,2026-01-29,26.19,grocery,transfer,GBP,pending
TXN-00000626,CUST-000868,2024-09-06,16.05,electronics,transfer,USD,completed
TXN-00000627,CUST-000721,2024-12-18,15.7,grocery,debit,EUR,failed
TXN-00000628,CUST-000605,2026-05-10,26.77,dining,credit,EUR,pending
TXN-00000629,CUST-000559,2025-04-22,20.5,travel,debit,GBP,pending
TXN-00000630,CUST-000864,2026-06-07,43.36,grocery,transfer,USD,completed
TXN-00000631,CUST-000739,2026-02-24,155.12,travel,debit,USD,failed
TXN-00000632,CUST-000826,2025-01-23,26.78,entertainment,transfer,GBP,pending
TXN-00000633,CUST-000639,2025-08-23,13.52,healthcare,credit,EUR,pending
TXN-00000634,CUST-000232,2025-10-22,11.13,healthcare,credit,GBP,completed
TXN-00000635,CUST-000730,2025-10-05,33.25,healthcare,transfer,EUR,completed
TXN-00000636,CUST-000039,2024-09-28,45.46,grocery,transfer,EUR,failed
TXN-00000637,CUST-000082,2024-10-05,5.32,entertainment,credit,EUR,failed
TXN-00000638,CUST-000081,2025-06-15,35.95,travel,credit,GBP,failed
TXN-00000639,CUST-000680,2025-10-04,82.17,electronics,transfer,USD,pending
TXN-00000640,CUST-000548,2024-12-22,68.01,healthcare,credit,GBP,failed
TXN-00000641,CUST-000340,2024-10-06,2.12,entertainment,credit,EUR,completed
TXN-00000642,CUST-000037,2024-12-25,64.41,electronics,transfer,GBP,pending
TXN-00000643,CUST-000063,2025-02-06,50.43,healthcare,debit,GBP,pending
TXN-00000644,CUST-000829,2026-01-06,32.33,grocery,credit,EUR,completed
TXN-00000645,CUST-000631,2026-01-16,4.0,grocery,transfer,USD,failed
TXN-00000646,CUST-000179,2025-04-18,46.83,travel,credit,GBP,completed
TXN-00000647,CUST-000497,2026-03-26,13.11,grocery,credit,USD,completed
TXN-00000648,CUST-000610,2026-07-27,13.92,entertainment,credit,USD,failed
TXN-00000649,CUST-000451,2026-08-06,48.06,healthcare,transfer,EUR,completed
TXN-00000650,CUST-000658,2024-08-10,5.52,grocery,debit,EUR,pending
TXN-00000651,CUST-000488,2025-07-24,11.31,entertainment,transfer,USD,pending
TXN-00000652,CUST-000700,2024-08-12,56.66,travel,transfer,EUR,completed
TXN-00000653,CUST-000296,2025-09-20,95.94,utilities,credit,GBP,failed
TXN-00000654,CUST-000979,2026-06-10,10.57,entertainment,credit,EUR,pending
TXN-00000655,CUST-000274,2026-05-29,57.81,healthcare,credit,EUR,failed
TXN-00000656,CUST-000768,2025-09-25,11.25,entertainment,debit,GBP,pending
TXN-00000657,CUST-000694,2025-12-02,45.53,healthcare,debit,GBP,completed
TXN-00000658,CUST-000852,2025-10-27,12.1,healthcare,debit,GBP,pending
TXN-00000659,CUST-000360,2026-03-10,19.35,travel,debit,USD,failed
TXN-00000660,CUST-000095,2025-05-27,7.4,entertainment,debit,GBP,failed
TXN-00000661,CUST-000125,2026-03-02,45.81,entertainment,transfer,USD,pending
TXN-00000662,CUST-000673,2025-07-07,92.62,entertainment,debit,USD,failed
TXN-00000663,CUST-000189,2025-08-11,17.55,grocery,transfer,EUR,pending
TXN-00000664,CUST-000788,2026-01-04,11.74,entertainment,credit,EUR,completed
TXN-00000665,CUST-000800,2025-06-07,26.02,grocery,credit,EUR,completed
TXN-00000666,CUST-000452,2026-02-20,16.84,utilities,credit,USD,completed
TXN-00000667,CUST-000554,2025-01-28,53.08,utilities,debit,EUR,failed
TXN-00000668,CUST-000266,2026-06-22,37.74,dining,debit,EUR,completed
TXN-00000669,CUST-000669,2026-03-24,45.06,utilities,credit,EUR,failed
TXN-00000670,CUST-000004,2026-06-05,47.06,dining,credit,EUR,pending
TXN-00000671,CUST-000865,2025-04-26,175.07,grocery,transfer,USD,completed
TXN-00000672,CUST-000394,2025-10-28,31.28,electronics,credit,GBP,pending
TXN-00000673,CUST-000411,2026-04-01,45.52,entertainment,credit,USD,pending
TXN-00000674,CUST-000779,2025-09-15,93.55,travel,transfer,USD,pending
TXN-00000675,CUST-000677,2026-01-30,8.21,grocery,transfer,GBP,pending
TXN-00000676,CUST-000499,2025-02-27,7.02,utilities,debit,USD,completed
TXN-00000677,CUST-000198,2024-12-11,18.41,entertainment,transfer,GBP,pending
TXN-00000678,CUST-000512,2026-05-28,43.86,dining,debit,USD,pending
TXN-00000679,CUST-000058,2025-10-07,14.9,dining,debit,USD,failed
TXN-00000680,CUST-000684,2025-04-11,56.24,entertainment,transfer,USD,failed
TXN-00000681,CUST-000594,2024-12-29,22.31,utilities,debit,EUR,failed
TXN-00000682,CUST-000020,2026-04-18,20.45,grocery,debit,GBP,failed
TXN-00000683,CUST-000134,2024-12-24,7.99,entertainment,transfer,USD,completed
TXN-00000684,CUST-000117,2024-09-02,32.48,travel,debit,USD,pending
TXN-00000685,CUST-000346,2025-04-04,47.58,utilities,transfer,GBP,completed
TXN-00000686,CUST-000330,2024-09-26,80.74,electronics,debit,USD,pending
TXN-00000687,CUST-000145,2025-03-11,50.65,electronics,transfer,USD,pending
TXN-00000688,CUST-000250,2025-10-07,66.29,grocery,credit,USD,completed
TXN-00000689,CUST-000008,2025-01-07,20.43,utilities,transfer,EUR,pending
TXN-00000690,CUST-000711,2025-12-24,211.67,utilities,debit,USD,completed
TXN-00000691,CUST-000656,2024-10-27,18.69,travel,debit,GBP,failed
TXN-00000692,CUST-000039,2026-02-05,52.84,healthcare,debit,GBP,pending
TXN-00000693,CUST-000357,2026-06-14,25.74,travel,debit,GBP,completed
TXN-00000694,CUST-000634,2024-10-19,14.98,healthcare,transfer,USD,pending
TXN-00000695,CUST-000789,2025-10-18,41.23,grocery,debit,USD,completed
TXN-00000696,CUST-000702,2025-08-06,32.98,grocery,debit,GBP,pending
TXN-00000697,CUST-000292,2025-04-15,19.45,healthcare,credit,USD,completed
TXN-00000698,CUST-000759,2025-12-12,8.78,travel,debit,EUR,failed
TXN-00000699,CUST-000119,2026-07-23,15.33,dining,transfer,GBP,pending
TXN-00000700,CUST-000430,2026-03-20,9.21,electronics,debit,USD,pending
TXN-00000701,CUST-000234,2025-06-17,74.66,travel,debit,EUR,failed
TXN-00000702,CUST-000497,2025-05-28,11.2,travel,transfer,EUR,completed
TXN-00000703,CUST-000397,2025-04-24,24.04,travel,transfer,EUR,pending
TXN-00000704,CUST-000208,2025-10-24,26.24,healthcare,debit,EUR,completed
TXN-00000705,CUST-000114,2026-06-28,80.75,travel,credit,USD,pending
TXN-00000706,CUST-000619,2025-04-10,42.09,travel,debit,EUR,failed
TXN-00000707,CUST-000501,2024-08-30,62.45,dining,credit,EUR,completed
TXN-00000708,CUST-000748,2024-09-24,15.27,travel,credit,EUR,failed
TXN-00000709,CUST-000228,2025-01-28,123.63,travel,transfer,USD,pending
TXN-00000710,CUST-000046,2026-05-15,10.05,entertainment,transfer,USD,pending
TXN-00000711,CUST-000544,2026-06-01,15.45,utilities,debit,EUR,pending
TXN-00000712,CUST-000247,2024-11-18,51.77,travel,debit,EUR,pending
TXN-00000713,CUST-000245,2025-02-14,41.38,dining,transfer,EUR,completed
TXN-00000714,CUST-000721,2025-06-10,29.08,healthcare,debit,EUR,pending
TXN-00000715,CUST-000791,2026-01-03,6.23,travel,credit,GBP,pending
TXN-00000716,CUST-000721,2026-04-16,122.89,grocery,credit,GBP,pending
TXN-00000717,CUST-000544,2026-03-06,10.84,electronics,transfer,GBP,failed
TXN-00000718,CUST-000590,2025-07-14,222.2,grocery,transfer,EUR,failed
TXN-00000719,CUST-000955,2026-07-11,281.39,grocery,credit,EUR,pending
TXN-00000720,CUST-000634,2024-09-05,12.25,utilities,transfer,GBP,completed
TXN-00000721,CUST-000575,2026-01-08,47.52,electronics,debit,GBP,completed
TXN-00000722,CUST-000665,2026-05-15,20.39,healthcare,transfer,USD,failed
TXN-00000723,CUST-000780,2026-04-03,18.5,electronics,transfer,GBP,pending
TXN-00000724,CUST-000284,2024-12-12,12.49,dining,credit,GBP,failed
TXN-00000725,CUST-000850,2025-11-13,55.92,electronics,credit,GBP,pending
TXN-00000726,CUST-000820,2025-09-10,71.9,grocery,debit,EUR,completed
TXN-00000727,CUST-000083,2024-11-18,27.59,grocery,debit,USD,pending
TXN-00000728,CUST-000115,2024-10-05,56.66,entertainment,debit,GBP,failed
TXN-00000729,CUST-000024,2024-09-23,35.36,electronics,credit,EUR,failed
TXN-00000730,CUST-000661,2026-03-10,86.22,electronics,credit,GBP,pending
TXN-00000731,CUST-000672,2025-08-27,44.59,healthcare,transfer,GBP,failed
TXN-00000732,CUST-000863,2025-11-05,37.44,healthcare,debit,EUR,completed
TXN-00000733,CUST-000809,2026-01-20,17.49,electronics,debit,USD,pending
TXN-00000734,CUST-000292,2026-02-07,30.8,travel,transfer,GBP,pending
TXN-00000735,CUST-000187,2025-04-23,73.21,travel,debit,USD,completed
TXN-00000736,CUST-000043,2026-04-29,29.12,travel,transfer,GBP,completed
TXN-00000737,CUST-000682,2025-12-14,22.58,electronics,credit,GBP,completed
TXN-00000738,CUST-000547,2026-02-01,25.49,travel,credit,EUR,completed
TXN-00000739,CUST-000005,2026-04-22,137.24,healthcare,credit,GBP,failed
TXN-00000740,CUST-000303,2025-03-30,31.49,entertainment,transfer,GBP,completed
TXN-00000741,CUST-000819,2024-11-17,86.61,dining,credit,GBP,completed
TXN-00000742,CUST-000750,2026-03-31,32.14,utilities,transfer,USD,pending
TXN-00000743,CUST-000026,2024-09-28,14.18,dining,credit,USD,pending
TXN-00000744,CUST-000057,2024-12-03,39.82,healthcare,debit,EUR,completed
TXN-00000745,CUST-000024,2026-02-06,97.36,dining,credit,GBP,failed
TXN-00000746,CUST-000524,2026-07-01,26.48,entertainment,credit,EUR,pending
TXN-00000747,CUST-000382,2025-06-13,11.92,electronics,credit,GBP,completed
TXN-00000748,CUST-000221,2026-02-12,58.13,dining,credit,EUR,completed
TXN-00000749,CUST-000826,2025-08-07,56.58,entertainment,transfer,GBP,completed
TXN-00000750,CUST-000148,2026-03-28,15.44,entertainment,transfer,EUR,completed
TXN-00000751,CUST-000956,2024-09-28,12.72,electronics,credit,USD,failed
TXN-00000752,CUST-000474,2025-03-19,107.65,travel,debit,USD,pending
TXN-00000753,CUST-000297,2026-04-14,35.77,entertainment,credit,GBP,pending
TXN-00000754,CUST-000506,2025-01-05,38.54,grocery,debit,USD,pending
TXN-00000755,CUST-000308,2026-08-02,29.7,electronics,credit,USD,pending
TXN-00000756,CUST-000929,2024-10-23,46.59,grocery,credit,EUR,completed
TXN-00000757,CUST-000614,2024-08-19,74.03,healthcare,credit,EUR,failed
TXN-00000758,CUST-000703,2025-09-03,29.74,grocery,credit,GBP,failed
TXN-00000759,CUST-000590,2025-05-29,37.76,dining,transfer,USD,pending
TXN-00000760,CUST-000168,2026-07-20,12.67,utilities,credit,USD,pending
TXN-00000761,CUST-000299,2024-09-16,62.69,healthcare,debit,GBP,completed
TXN-00000762,CUST-000784,2025-06-19,53.0,entertainment,transfer,EUR,pending
TXN-00000763,CUST-000702,2026-02-19,50.71,healthcare,transfer,EUR,completed
TXN-00000764,CUST-000014,2026-03-02,16.55,entertainment,credit,EUR,pending
TXN-00000765,CUST-000944,2025-10-07,18.02,travel,transfer,GBP,failed
TXN-00000766,CUST-000852,2025-02-13,88.21,entertainment,debit,EUR,pending
TXN-00000767,CUST-000939,2026-04-07,101.14,electronics,transfer,EUR,completed
TXN-00000768,CUST-000837,2024-08-27,95.74,travel,transfer,EUR,completed
TXN-00000769,CUST-000763,2026-03-26,57.7,entertainment,transfer,USD,failed
TXN-00000770,CUST-000233,2025-09-01,23.7,grocery,credit,GBP,completed
TXN-00000771,CUST-000080,2025-08-15,9.2,dining,debit,USD,completed
TXN-00000772,CUST-000034,2024-08-21,75.69,grocery,credit,USD,pending
TXN-00000773,CUST-000045,2026-01-05,164.89,healthcare,debit,GBP,completed
TXN-00000774,CUST-000190,2025-03-13,42.15,travel,transfer,EUR,failed
TXN-00000775,CUST-000357,2026-07-04,8.16,entertainment,transfer,GBP,completed
TXN-00000776,CUST-000518,2026-01-12,36.86,healthcare,debit,GBP,completed
TXN-00000777,CUST-000733,2025-12-16,18.37,entertainment,transfer,USD,failed
TXN-00000778,CUST-000102,2026-06-09,82.92,utilities,transfer,USD,pending
TXN-00000779,CUST-000690,2024-11-10,24.02,travel,transfer,USD,pending
TXN-00000780,CUST-000116,2025-08-09,55.88,dining,debit,GBP,completed
TXN-00000781,CUST-000508,2025-03-18,112.06,healthcare,transfer,USD,completed
TXN-00000782,CUST-000336,2026-01-06,32.65,dining,transfer,GBP,pending
TXN-00000783,CUST-000704,2024-08-25,107.26,healthcare,credit,EUR,pending
TXN-00000784,CUST-000194,2024-10-10,68.64,dining,credit,GBP,failed
TXN-00000785,CUST-000693,2024-09-10,23.73,grocery,transfer,USD,completed
TXN-00000786,CUST-000373,2025-08-21,88.78,healthcare,credit,USD,completed
TXN-00000787,CUST-000859,2026-07-19,26.94,entertainment,transfer,GBP,failed
TXN-00000788,CUST-000280,2024-09-22,193.93,dining,credit,EUR,failed
TXN-00000789,CUST-000618,2025-11-14,33.73,dining,debit,USD,pending
TXN-00000790,CUST-000502,2025-07-17,32.78,travel,debit,USD,failed
TXN-00000791,CUST-000055,2025-06-29,81.72,grocery,debit,EUR,failed
TXN-00000792,CUST-000696,2026-03-10,23.56,healthcare,debit,USD,failed
TXN-00000793,CUST-000770,2024-12-26,34.95,dining,debit,EUR,failed
TXN-00000794,CUST-000510,2026-02-14,32.52,electronics,transfer,GBP,completed
TXN-00000795,CUST-000976,2025-03-01,20.79,dining,credit,USD,completed
TXN-00000796,CUST-000182,2025-10-25,57.8,electronics,transfer,USD,pending
TXN-00000797,CUST-000442,2025-07-23,5.67,dining,debit,GBP,failed
TXN-00000798,CUST-000503,2026-06-07,66.57,healthcare,credit,EUR,failed
TXN-00000799,CUST-000875,2024-08-15,14.97,dining,transfer,GBP,pending
TXN-00000800,CUST-000785,2025-12-06,86.92,grocery,transfer,USD,completed
TXN-00000801,CUST-000858,2026-07-12,12.65,healthcare,debit,GBP,pending
TXN-00000802,CUST-000390,2025-02-28,14.24,electronics,credit,EUR,completed
TXN-00000803,CUST-000678,2025-11-21,20.93,electronics,transfer,USD,failed
TXN-00000804,CUST-000068,2025-12-06,12.41,grocery,credit,GBP,pending
TXN-00000805,CUST-000582,2025-02-10,34.29,grocery,transfer,EUR,failed
TXN-00000806,CUST-000023,2026-01-19,96.68,dining,credit,GBP,completed
TXN-00000807,CUST-000828,2025-03-20,31.45,travel,credit,EUR,failed
TXN-00000808,CUST-000831,2024-11-10,57.42,healthcare,credit,EUR,pending
TXN-00000809,CUST-000207,2024-09-08,32.22,entertainment,debit,GBP,completed
TXN-00000810,CUST-000295,2025-04-29,20.93,healthcare,credit,USD,failed
TXN-00000811,CUST-000761,2026-05-06,43.07,electronics,debit,GBP,failed
TXN-00000812,CUST-000487,2026-03-19,28.41,grocery,transfer,EUR,failed
TXN-00000813,CUST-000824,2025-03-11,14.64,electronics,debit,EUR,pending
TXN-00000814,CUST-000258,2025-05-23,45.32,entertainment,transfer,USD,completed
TXN-00000815,CUST-000643,2024-09-24,252.8,healthcare,credit,USD,failed
TXN-00000816,CUST-000986,2025-11-10,13.74,entertainment,transfer,EUR,failed
TXN-00000817,CUST-000745,2024-10-27,47.66,electronics,credit,USD,completed
TXN-00000818,CUST-000155,2024-11-05,140.11,entertainment,credit,EUR,pending
TXN-00000819,CUST-000881,2025-04-10,16.57,entertainment,credit,GBP,completed
TXN-00000820,CUST-000263,2025-04-09,46.33,travel,debit,USD,completed
TXN-00000821,CUST-000029,2026-02-03,4.39,dining,credit,GBP,pending
TXN-00000822,CUST-000433,2025-09-29,40.83,travel,credit,USD,completed
TXN-00000823,CUST-000265,2024-11-13,57.42,healthcare,debit,GBP,completed
TXN-00000824,CUST-000987,2026-01-16,134.57,grocery,debit,EUR,failed
TXN-00000825,CUST-000306,2026-02-14,27.1,utilities,debit,EUR,failed
TXN-00000826,CUST-000863,2026-08-07,39.5,entertainment,transfer,EUR,pending
TXN-00000827,CUST-000906,2025-12-21,8.12,entertainment,credit,EUR,failed
TXN-00000828,CUST-000755,2024-11-09,18.17,travel,credit,USD,completed
TXN-00000829,CUST-000110,2025-01-24,29.62,healthcare,debit,EUR,failed
TXN-00000830,CUST-000384,2026-07-10,45.1,healthcare,credit,EUR,failed
TXN-00000831,CUST-000253,2025-06-13,84.9,utilities,credit,EUR,completed
TXN-00000832,CUST-000661,2026-04-29,132.61,grocery,transfer,GBP,completed
TXN-00000833,CUST-000260,2025-12-27,36.77,utilities,credit,GBP,completed
TXN-00000834,CUST-000548,2024-11-11,6.07,dining,credit,EUR,completed
TXN-00000835,CUST-000959,2024-10-09,59.1,travel,debit,EUR,failed
TXN-00000836,CUST-000325,2025-05-11,28.99,entertainment,debit,EUR,pending
TXN-00000837,CUST-000755,2026-03-01,15.61,utilities,credit,USD,completed
TXN-00000838,CUST-000716,2026-01-09,23.3,dining,transfer,GBP,failed
TXN-00000839,CUST-000756,2026-03-16,15.18,entertainment,debit,GBP,failed
TXN-00000840,CUST-000189,2025-10-20,77.85,travel,debit,EUR,completed
TXN-00000841,CUST-000644,2026-02-13,17.65,grocery,debit,USD,failed
TXN-00000842,CUST-000731,2026-06-26,113.23,electronics,credit,EUR,failed
TXN-00000843,CUST-000137,2025-09-17,11.58,entertainment,credit,EUR,completed
TXN-00000844,CUST-000087,2026-01-12,28.69,dining,transfer,USD,completed
TXN-00000845,CUST-000971,2026-06-01,40.42,grocery,credit,USD,pending
TXN-00000846,CUST-000719,2026-04-01,49.66,travel,debit,EUR,completed
TXN-00000847,CUST-000970,2025-08-01,36.37,healthcare,credit,EUR,failed
TXN-00000848,CUST-000507,2025-07-22,57.04,dining,credit,USD,pending
TXN-00000849,CUST-000877,2025-06-24,19.82,entertainment,credit,GBP,failed
TXN-00000850,CUST-000194,2025-05-06,27.4,travel,debit,EUR,pending
TXN-00000851,CUST-000242,2024-09-23,189.2,electronics,transfer,GBP,failed
TXN-00000852,CUST-000470,2025-08-08,11.35,entertainment,credit,GBP,pending
TXN-00000853,CUST-000704,2025-07-13,17.45,dining,transfer,GBP,pending
TXN-00000854,CUST-000075,2024-10-02,24.54,electronics,transfer,GBP,failed
TXN-00000855,CUST-000727,2026-03-08,13.61,electronics,credit,GBP,pending
TXN-00000856,CUST-000136,2025-10-25,38.45,healthcare,credit,EUR,pending
TXN-00000857,CUST-000136,2024-10-08,29.24,electronics,debit,USD,pending
TXN-00000858,CUST-000893,2026-07-18,81.74,electronics,credit,EUR,pending
TXN-00000859,CUST-000628,2025-01-18,34.51,travel,credit,GBP,pending
TXN-00000860,CUST-000783,2025-07-07,132.97,utilities,transfer,EUR,completed
TXN-00000861,CUST-000194,2025-11-15,17.7,grocery,credit,EUR,completed
TXN-00000862,CUST-000723,2024-12-03,31.47,dining,debit,EUR,pending
TXN-00000863,CUST-000727,2025-02-27,38.63,grocery,transfer,USD,completed
TXN-00000864,CUST-000358,2025-07-22,19.55,healthcare,credit,GBP,failed
TXN-00000865,CUST-000600,2024-09-05,16.54,grocery,credit,USD,pending
TXN-00000866,CUST-000698,2025-04-29,2.86,grocery,credit,USD,completed
TXN-00000867,CUST-000084,2025-10-11,27.48,dining,credit,GBP,pending
TXN-00000868,CUST-000609,2025-03-29,45.76,grocery,transfer,GBP,pending
TXN-00000869,CUST-000333,2026-01-30,58.98,entertainment,debit,GBP,completed
TXN-00000870,CUST-000561,2025-06-03,90.25,dining,credit,USD,completed
TXN-00000871,CUST-000989,2025-08-15,61.47,grocery,debit,USD,pending
TXN-00000872,CUST-000799,2026-04-06,22.65,utilities,debit,USD,pending
TXN-00000873,CUST-000503,2025-11-22,158.32,electronics,transfer,GBP,completed
TXN-00000874,CUST-000368,2026-03-08,128.07,healthcare,debit,EUR,pending
TXN-00000875,CUST-000907,2026-04-05,26.84,healthcare,credit,USD,pending
TXN-00000876,CUST-000831,2025-01-18,26.52,utilities,credit,USD,completed
TXN-00000877,CUST-000526,2024-10-29,22.09,travel,transfer,GBP,failed
TXN-00000878,CUST-000159,2025-09-18,115.62,utilities,transfer,USD,pending
TXN-00000879,CUST-000480,2025-12-22,13.11,dining,credit,USD,completed
TXN-00000880,CUST-000701,2025-08-07,34.64,grocery,transfer,USD,completed
TXN-00000881,CUST-000526,2026-07-21,12.98,grocery,credit,GBP,failed
TXN-00000882,CUST-000583,2025-12-01,64.46,healthcare,debit,GBP,completed
TXN-00000883,CUST-000117,2026-02-28,61.22,entertainment,debit,EUR,completed
TXN-00000884,CUST-000086,2026-01-22,22.45,electronics,transfer,GBP,pending
TXN-00000885,CUST-000776,2024-09-06,61.63,electronics,credit,USD,completed
TXN-00000886,CUST-000190,2025-11-08,12.04,dining,transfer,USD,completed
TXN-00000887,CUST-000405,2026-03-12,17.55,dining,credit,GBP,pending
TXN-00000888,CUST-000890,2025-04-19,77.2,utilities,credit,EUR,failed
TXN-00000889,CUST-000833,2025-07-28,91.6,utilities,transfer,GBP,pending
TXN-00000890,CUST-000824,2025-03-29,24.3,grocery,debit,USD,completed
TXN-00000891,CUST-000713,2025-04-07,10.64,utilities,debit,EUR,failed
TXN-00000892,CUST-000879,2024-12-26,54.16,electronics,credit,USD,pending
TXN-00000893,CUST-000433,2025-09-27,6.66,dining,credit,USD,pending
TXN-00000894,CUST-000600,2026-02-19,20.07,entertainment,credit,USD,pending
TXN-00000895,CUST-000009,2025-09-06,28.21,dining,transfer,GBP,failed
TXN-00000896,CUST-000749,2025-04-02,36.78,dining,credit,EUR,failed
TXN-00000897,CUST-000606,2025-12-04,22.38,grocery,credit,GBP,pending
TXN-00000898,CUST-000567,2026-01-16,26.68,dining,transfer,GBP,pending
TXN-00000899,CUST-000460,2024-09-01,23.1,electronics,credit,USD,failed
TXN-00000900,CUST-000225,2026-05-28,48.52,healthcare,transfer,GBP,pending
TXN-00000901,CUST-000135,2026-04-04,25.58,utilities,transfer,GBP,pending
TXN-00000902,CUST-000816,2025-10-21,8.96,travel,transfer,USD,pending
TXN-00000903,CUST-000708,2026-02-19,92.52,travel,debit,USD,completed
TXN-00000904,CUST-000621,2025-10-08,31.44,dining,credit,USD,completed
TXN-00000905,CUST-000571,2025-07-01,74.67,travel,debit,GBP,completed
TXN-00000906,CUST-000827,2025-12-13,11.57,healthcare,debit,USD,failed
TXN-00000907,CUST-000230,2025-03-27,1.73,entertainment,credit,USD,failed
TXN-00000908,CUST-000274,2024-08-30,121.03,grocery,transfer,USD,pending
TXN-00000909,CUST-000819,2025-06-04,22.84,grocery,debit,GBP,failed
TXN-00000910,CUST-000801,2025-08-20,39.41,travel,transfer,USD,completed
TXN-00000911,CUST-000933,2026-04-19,16.46,utilities,credit,GBP,pending
TXN-00000912,CUST-000751,2026-05-25,60.42,electronics,credit,USD,completed
TXN-00000913,CUST-000869,2024-08-14,79.28,electronics,transfer,USD,completed
TXN-00000914,CUST-000273,2026-07-23,16.21,electronics,transfer,GBP,completed
TXN-00000915,CUST-000156,2026-01-30,69.33,entertainment,debit,USD,pending
TXN-00000916,CUST-000424,2026-07-13,119.3,utilities,credit,USD,pending
TXN-00000917,CUST-000150,2024-10-01,123.1,healthcare,debit,USD,pending
TXN-00000918,CUST-000323,2025-04-24,18.3,dining,debit,EUR,completed
TXN-00000919,CUST-000677,2025-07-09,12.56,utilities,transfer,EUR,failed
TXN-00000920,CUST-000761,2025-12-01,22.42,entertainment,credit,GBP,failed
TXN-00000921,CUST-000943,2024-12-21,14.69,utilities,debit,GBP,failed
TXN-00000922,CUST-000808,2025-12-23,44.29,electronics,transfer,EUR,completed
TXN-00000923,CUST-000903,2025-04-18,24.96,electronics,credit,GBP,failed
TXN-00000924,CUST-000758,2025-12-19,98.22,healthcare,credit,USD,completed
TXN-00000925,CUST-000524,2025-04-19,38.42,entertainment,transfer,USD,completed
TXN-00000926,CUST-000029,2025-04-11,106.1,electronics,debit,EUR,failed
TXN-00000927,CUST-000433,2025-01-15,12.64,utilities,transfer,EUR,completed
TXN-00000928,CUST-000049,2025-03-29,28.09,grocery,credit,EUR,completed
TXN-00000929,CUST-000825,2025-03-02,74.15,utilities,transfer,GBP,failed
TXN-00000930,CUST-000865,2026-02-14,40.52,electronics,transfer,GBP,failed
TXN-00000931,CUST-000689,2024-09-03,14.97,utilities,debit,USD,pending
TXN-00000932,CUST-000529,2026-02-13,62.68,electronics,credit,USD,completed
TXN-00000933,CUST-000729,2026-06-10,27.84,grocery,debit,EUR,completed
TXN-00000934,CUST-000488,2026-01-07,21.66,utilities,transfer,EUR,failed
TXN-00000935,CUST-000573,2025-12-16,34.57,electronics,transfer,EUR,failed
TXN-00000936,CUST-000434,2025-07-07,28.9,healthcare,debit,EUR,failed
TXN-00000937,CUST-000469,2025-12-31,5.92,entertainment,transfer,USD,failed
TXN-00000938,CUST-000218,2025-08-10,31.09,travel,transfer,EUR,completed
TXN-00000939,CUST-000617,2025-08-27,57.03,electronics,transfer,EUR,completed
TXN-00000940,CUST-000536,2026-07-19,15.53,electronics,credit,EUR,pending
TXN-00000941,CUST-000029,2025-10-11,52.77,healthcare,credit,USD,pending
TXN-00000942,CUST-000911,2026-05-10,23.02,utilities,credit,USD,completed
TXN-00000943,CUST-000561,2025-11-22,6.67,dining,credit,GBP,pending
TXN-00000944,CUST-000580,2026-05-26,30.0,dining,credit,GBP,failed
TXN-00000945,CUST-000136,2024-11-14,68.44,dining,credit,GBP,pending
TXN-00000946,CUST-000153,2026-07-20,69.76,entertainment,transfer,GBP,failed
TXN-00000947,CUST-000420,2024-10-24,7.02,electronics,transfer,USD,failed
TXN-00000948,CUST-000912,2026-06-15,29.72,grocery,debit,GBP,completed
TXN-00000949,CUST-000586,2026-01-31,72.37,electronics,transfer,GBP,completed
TXN-00000950,CUST-000660,2025-07-06,36.63,healthcare,transfer,GBP,completed
TXN-00000951,CUST-000981,2024-11-18,37.3,dining,transfer,USD,completed
TXN-00000952,CUST-000675,2025-12-07,10.1,healthcare,credit,USD,failed
TXN-00000953,CUST-000622,2026-06-15,18.18,dining,debit,EUR,pending
TXN-00000954,CUST-000185,2024-08-23,14.41,electronics,credit,EUR,completed
TXN-00000955,CUST-000118,2026-02-11,23.09,entertainment,debit,USD,pending
TXN-00000956,CUST-000976,2025-03-22,28.41,healthcare,credit,USD,completed
TXN-00000957,CUST-000731,2026-02-14,12.27,electronics,debit,EUR,pending
TXN-00000958,CUST-000265,2024-09-26,12.28,grocery,debit,USD,completed
TXN-00000959,CUST-000771,2024-11-07,39.42,healthcare,transfer,EUR,completed
TXN-00000960,CUST-000276,2024-12-13,10.73,dining,debit,EUR,completed
TXN-00000961,CUST-000418,2025-05-29,277.15,grocery,credit,GBP,failed
TXN-00000962,CUST-000692,2025-12-23,42.01,healthcare,credit,EUR,completed
TXN-00000963,CUST-000867,2025-05-03,41.85,travel,credit,GBP,completed
TXN-00000964,CUST-000801,2025-08-02,137.46,grocery,debit,EUR,failed
TXN-00000965,CUST-000297,2025-12-27,42.62,grocery,credit,EUR,failed
TXN-00000966,CUST-000257,2026-05-22,70.22,electronics,transfer,USD,failed
TXN-00000967,CUST-000861,2025-02-28,33.61,utilities,transfer,GBP,completed
TXN-00000968,CUST-000308,2026-06-28,172.4,electronics,credit,USD,failed
TXN-00000969,CUST-000517,2024-08-24,83.17,utilities,credit,GBP,pending
TXN-00000970,CUST-000771,2025-12-28,49.02,utilities,credit,EUR,completed
TXN-00000971,CUST-000471,2025-03-23,84.61,utilities,debit,GBP,completed
TXN-00000972,CUST-000624,2025-06-16,23.88,utilities,debit,EUR,failed
TXN-00000973,CUST-000917,2025-07-27,56.13,dining,transfer,USD,failed
TXN-00000974,CUST-000667,2025-08-24,132.67,utilities,debit,EUR,pending
TXN-00000975,CUST-000848,2025-02-11,41.54,entertainment,transfer,USD,completed
TXN-00000976,CUST-000474,2025-02-23,26.57,grocery,debit,GBP,completed
TXN-00000977,CUST-000777,2026-07-10,26.72,healthcare,transfer,EUR,failed
TXN-00000978,CUST-000227,2024-11-08,16.11,electronics,debit,EUR,pending
TXN-00000979,CUST-000927,2025-03-09,67.41,grocery,debit,GBP,pending
TXN-00000980,CUST-000114,2026-04-02,107.58,dining,debit,GBP,completed
TXN-00000981,CUST-000676,2026-07-11,90.0,healthcare,transfer,USD,completed
TXN-00000982,CUST-000603,2024-09-20,15.38,travel,transfer,GBP,pending
TXN-00000983,CUST-000197,2025-02-13,54.16,dining,debit,EUR,failed
TXN-00000984,CUST-000690,2025-09-13,95.7,dining,credit,USD,failed
TXN-00000985,CUST-000531,2025-07-17,30.82,entertainment,debit,GBP,completed
TXN-00000986,CUST-000049,2024-10-31,19.58,dining,credit,USD,pending
TXN-00000987,CUST-000200,2024-08-19,4.99,entertainment,debit,GBP,completed
TXN-00000988,CUST-000707,2024-11-01,29.58,travel,debit,USD,pending
TXN-00000989,CUST-000319,2025-07-12,10.58,grocery,transfer,GBP,pending
TXN-00000990,CUST-000861,2026-02-28,22.56,travel,credit,USD,pending
TXN-00000991,CUST-000533,2025-01-23,89.55,entertainment,debit,GBP,pending
TXN-00000992,CUST-000593,2024-11-30,82.98,entertainment,transfer,USD,completed
TXN-00000993,CUST-000064,2025-07-12,92.82,electronics,transfer,GBP,pending
TXN-00000994,CUST-000068,2024-09-11,23.28,dining,debit,GBP,failed
TXN-00000995,CUST-000639,2025-03-04,11.13,entertainment,credit,GBP,failed
TXN-00000996,CUST-000104,2025-03-10,67.44,electronics,transfer,USD,completed
TXN-00000997,CUST-000106,2026-03-05,73.75,healthcare,debit,GBP,failed
TXN-00000998,CUST-000263,2024-08-29,22.59,healthcare,credit,USD,completed
TXN-00000999,CUST-000141,2025-02-02,20.94,utilities,credit,EUR,failed
TXN-00001000,CUST-000907,2025-03-21,35.38,dining,credit,GBP,pending
TXN-00001001,CUST-000299,2025-05-10,47.88,grocery,debit,GBP,failed
TXN-00001002,CUST-000880,2025-06-13,13.05,travel,transfer,USD,completed
TXN-00001003,CUST-000350,2025-08-30,14.68,utilities,credit,GBP,failed
TXN-00001004,CUST-000340,2026-08-03,100.83,electronics,transfer,EUR,pending
TXN-00001005,CUST-000337,2026-05-09,14.16,entertainment,debit,EUR,completed
TXN-00001006,CUST-000943,2025-12-01,12.38,travel,credit,GBP,pending
TXN-00001007,CUST-000827,2025-02-11,50.13,travel,debit,EUR,completed
TXN-00001008,CUST-000076,2026-03-24,21.37,travel,credit,EUR,completed
TXN-00001009,CUST-000647,2025-12-17,54.68,grocery,debit,USD,completed
TXN-00001010,CUST-000291,2026-02-10,52.19,healthcare,debit,USD,completed
TXN-00001011,CUST-000023,2025-11-18,18.13,grocery,debit,GBP,completed
TXN-00001012,CUST-000389,2024-09-18,210.27,electronics,debit,EUR,pending
TXN-00001013,CUST-000246,2026-03-14,24.9,travel,transfer,GBP,pending
TXN-00001014,CUST-000900,2025-01-21,45.99,travel,debit,USD,failed
TXN-00001015,CUST-000388,2026-07-27,48.96,dining,transfer,USD,completed
TXN-00001016,CUST-000782,2026-03-17,40.3,healthcare,credit,USD,pending
TXN-00001017,CUST-000254,2025-06-27,21.45,dining,transfer,GBP,completed
TXN-00001018,CUST-000172,2025-10-16,34.73,utilities,transfer,EUR,pending
TXN-00001019,CUST-000532,2026-01-31,30.81,electronics,transfer,GBP,pending
TXN-00001020,CUST-000733,2026-06-21,108.7,healthcare,credit,GBP,failed
TXN-00001021,CUST-000666,2025-10-01,26.95,dining,transfer,USD,pending
TXN-00001022,CUST-000261,2025-02-14,35.88,grocery,credit,EUR,failed
TXN-00001023,CUST-000361,2026-04-15,33.97,dining,credit,EUR,pending
TXN-00001024,CUST-000377,2024-12-03,61.06,dining,debit,USD,pending
TXN-00001025,CUST-000240,2025-07-15,23.38,grocery,credit,GBP,failed
TXN-00001026,CUST-000560,2025-03-02,83.16,travel,debit,USD,completed
TXN-00001027,CUST-000369,2025-08-28,17.8,electronics,transfer,GBP,pending
TXN-00001028,CUST-000196,2024-10-23,26.52,healthcare,transfer,USD,pending
TXN-00001029,CUST-000670,2026-06-22,35.61,travel,credit,USD,completed
TXN-00001030,CUST-000741,2024-12-26,63.47,healthcare,transfer,GBP,pending
TXN-00001031,CUST-000740,2024-10-15,63.72,grocery,credit,USD,pending
TXN-00001032,CUST-000789,2025-06-15,93.84,dining,credit,GBP,completed
TXN-00001033,CUST-000384,2026-07-23,11.97,dining,transfer,EUR,pending
TXN-00001034,CUST-000231,2025-02-03,23.26,dining,transfer,GBP,pending
TXN-00001035,CUST-000334,2025-02-04,43.64,grocery,debit,USD,pending
TXN-00001036,CUST-000582,2026-03-26,51.88,healthcare,transfer,EUR,pending
TXN-00001037,CUST-000210,2026-06-13,24.61,electronics,transfer,EUR,failed
TXN-00001038,CUST-000917,2025-12-24,23.96,utilities,transfer,USD,completed
TXN-00001039,CUST-000847,2026-03-27,55.0,travel,debit,USD,pending
TXN-00001040,CUST-000291,2024-10-17,18.74,healthcare,debit,EUR,completed
TXN-00001041,CUST-000378,2026-03-06,34.15,entertainment,credit,EUR,completed
TXN-00001042,CUST-000114,2024-12-07,13.8,utilities,debit,EUR,completed
TXN-00001043,CUST-000134,2025-05-03,69.17,entertainment,transfer,GBP,pending
TXN-00001044,CUST-000163,2024-10-05,343.52,healthcare,debit,GBP,failed
TXN-00001045,CUST-000702,2026-03-28,30.86,travel,credit,USD,pending
TXN-00001046,CUST-000620,2024-09-18,80.66,healthcare,credit,EUR,pending
TXN-00001047,CUST-000590,2025-02-03,393.72,electronics,transfer,GBP,pending
TXN-00001048,CUST-000401,2025-01-31,74.92,travel,credit,USD,completed
TXN-00001049,CUST-000922,2026-02-13,44.01,dining,transfer,USD,failed
TXN-00001050,CUST-000583,2025-02-21,38.68,grocery,transfer,GBP,failed
TXN-00001051,CUST-000924,2026-01-22,15.39,entertainment,transfer,USD,pending
TXN-00001052,CUST-000079,2024-11-28,67.17,entertainment,credit,EUR,pending
TXN-00001053,CUST-000169,2026-05-19,16.66,dining,debit,USD,failed
TXN-00001054,CUST-000712,2026-03-20,51.83,electronics,transfer,EUR,completed
TXN-00001055,CUST-000407,2025-07-16,14.2,utilities,debit,EUR,failed
TXN-00001056,CUST-000767,2024-08-28,30.23,grocery,transfer,GBP,completed
TXN-00001057,CUST-000731,2026-03-24,15.23,healthcare,transfer,EUR,completed
TXN-00001058,CUST-000080,2026-07-16,18.98,travel,debit,GBP,completed
TXN-00001059,CUST-000915,2025-12-24,44.99,utilities,debit,GBP,failed
TXN-00001060,CUST-000657,2025-01-08,63.83,grocery,credit,GBP,pending
TXN-00001061,CUST-000455,2024-11-16,164.9,travel,credit,USD,completed
TXN-00001062,CUST-000094,2024-10-13,43.1,grocery,transfer,USD,failed
TXN-00001063,CUST-000172,2025-11-25,9.17,entertainment,credit,EUR,failed
TXN-00001064,CUST-000642,2024-11-29,19.35,healthcare,credit,EUR,completed
TXN-00001065,CUST-000238,2024-11-06,17.98,travel,debit,EUR,failed
TXN-00001066,CUST-000324,2026-03-31,10.77,electronics,transfer,GBP,pending
TXN-00001067,CUST-000045,2025-02-12,15.49,electronics,transfer,EUR,completed
TXN-00001068,CUST-000730,2025-11-16,59.18,grocery,transfer,EUR,failed
TXN-00001069,CUST-000714,2024-10-29,4.36,entertainment,transfer,USD,pending
TXN-00001070,CUST-000180,2026-04-11,164.18,electronics,transfer,EUR,completed
TXN-00001071,CUST-000344,2026-05-28,28.69,utilities,debit,GBP,failed
TXN-00001072,CUST-000722,2025-11-18,155.55,electronics,debit,GBP,pending
TXN-00001073,CUST-000776,2024-08-28,22.59,travel,credit,EUR,pending
TXN-00001074,CUST-000207,2024-08-16,18.16,grocery,debit,GBP,failed
TXN-00001075,CUST-000969,2024-10-21,17.64,travel,credit,EUR,failed
TXN-00001076,CUST-000806,2026-01-28,69.84,dining,transfer,EUR,completed
TXN-00001077,CUST-000235,2025-11-25,67.49,travel,debit,GBP,completed
TXN-00001078,CUST-000929,2025-01-04,129.3,travel,transfer,EUR,failed
TXN-00001079,CUST-000330,2026-03-04,10.25,grocery,credit,USD,completed
TXN-00001080,CUST-000054,2025-04-28,41.05,travel,debit,USD,completed
TXN-00001081,CUST-000607,2024-11-10,45.94,travel,debit,GBP,completed
TXN-00001082,CUST-000437,2024-10-02,51.86,utilities,debit,USD,pending
TXN-00001083,CUST-000181,2025-12-14,40.79,healthcare,credit,GBP,completed
TXN-00001084,CUST-000279,2025-02-17,86.38,electronics,credit,EUR,completed
TXN-00001085,CUST-000483,2025-11-23,28.14,utilities,credit,USD,pending
TXN-00001086,CUST-000021,2025-06-13,62.04,grocery,credit,GBP,failed
TXN-00001087,CUST-000157,2026-06-16,36.16,dining,credit,EUR,pending
TXN-00001088,CUST-000291,2025-11-29,21.44,grocery,credit,USD,failed
TXN-00001089,CUST-000481,2026-06-30,54.89,dining,credit,EUR,failed
TXN-00001090,CUST-000383,2026-02-05,26.31,healthcare,debit,EUR,completed
TXN-00001091,CUST-000944,2025-05-02,56.26,utilities,credit,GBP,failed
TXN-00001092,CUST-000378,2025-01-01,71.69,dining,transfer,USD,completed
TXN-00001093,CUST-000490,2025-02-18,57.71,utilities,transfer,GBP,completed
TXN-00001094,CUST-000268,2024-11-15,444.2,travel,credit,USD,failed
TXN-00001095,CUST-000593,2026-02-25,359.34,dining,transfer,GBP,completed
TXN-00001096,CUST-000531,2024-11-03,14.88,utilities,credit,GBP,failed
TXN-00001097,CUST-000675,2026-04-08,119.34,utilities,credit,GBP,completed
TXN-00001098,CUST-000112,2024-10-26,76.47,electronics,debit,EUR,failed
TXN-00001099,CUST-000215,2025-12-22,88.26,electronics,debit,USD,pending
TXN-00001100,CUST-000002,2025-12-09,27.29,electronics,transfer,EUR,completed
TXN-00001101,CUST-000181,2025-11-05,18.52,travel,credit,USD,failed
TXN-00001102,CUST-000972,2026-01-12,9.62,travel,debit,USD,completed
TXN-00001103,CUST-000768,2025-03-23,5.43,electronics,credit,EUR,failed
TXN-00001104,CUST-000935,2026-01-26,121.17,travel,debit,EUR,completed
TXN-00001105,CUST-000387,2025-06-05,30.42,grocery,debit,EUR,completed
TXN-00001106,CUST-000682,2026-01-02,10.4,grocery,credit,GBP,failed
TXN-00001107,CUST-000986,2025-09-02,31.33,dining,credit,EUR,failed
TXN-00001108,CUST-000912,2026-04-22,24.18,travel,credit,GBP,pending
TXN-00001109,CUST-000388,2025-04-05,14.6,travel,debit,GBP,completed
TXN-00001110,CUST-000890,2025-01-08,78.18,entertainment,debit,EUR,pending
TXN-00001111,CUST-000634,2026-02-16,235.89,healthcare,credit,GBP,completed
TXN-00001112,CUST-000004,2026-08-06,27.08,entertainment,transfer,EUR,failed
TXN-00001113,CUST-000455,2025-03-27,16.29,utilities,transfer,USD,pending
TXN-00001114,CUST-000439,2026-07-18,30.09,utilities,debit,GBP,pending
TXN-00001115,CUST-000301,2025-05-28,55.18,entertainment,transfer,GBP,failed
TXN-00001116,CUST-000517,2024-11-09,9.21,grocery,credit,GBP,failed
TXN-00001117,CUST-000896,2025-11-19,21.33,grocery,credit,GBP,failed
TXN-00001118,CUST-000247,2025-05-04,21.66,utilities,transfer,USD,completed
TXN-00001119,CUST-000446,2025-09-02,79.38,dining,credit,USD,failed
TXN-00001120,CUST-000264,2025-02-21,66.68,healthcare,transfer,GBP,pending
TXN-00001121,CUST-000093,2025-10-29,60.82,travel,transfer,GBP,completed
TXN-00001122,CUST-000660,2026-03-28,3.02,utilities,transfer,GBP,pending
TXN-00001123,CUST-000670,2025-12-01,51.68,entertainment,credit,USD,completed
TXN-00001124,CUST-000266,2026-07-16,14.39,entertainment,credit,EUR,failed
TXN-00001125,CUST-000755,2024-12-19,45.59,dining,credit,EUR,failed
TXN-00001126,CUST-000957,2024-12-25,77.29,healthcare,transfer,USD,completed
TXN-00001127,CUST-000405,2024-12-28,8.38,electronics,debit,EUR,failed
TXN-00001128,CUST-000467,2025-09-17,16.86,utilities,transfer,GBP,completed
TXN-00001129,CUST-000614,2025-10-15,20.17,utilities,debit,EUR,failed
TXN-00001130,CUST-000588,2026-04-03,27.83,dining,credit,GBP,pending
TXN-00001131,CUST-000061,2025-08-16,89.14,entertainment,transfer,USD,failed
TXN-00001132,CUST-000957,2025-12-28,137.28,grocery,debit,EUR,failed
TXN-00001133,CUST-000402,2026-07-02,7.46,entertainment,debit,USD,failed
TXN-00001134,CUST-000402,2026-01-28,16.56,electronics,credit,EUR,completed
TXN-00001135,CUST-000541,2025-11-10,51.09,travel,transfer,GBP,pending
TXN-00001136,CUST-000100,2026-05-10,58.32,entertainment,transfer,EUR,pending
TXN-00001137,CUST-000671,2024-12-11,19.39,utilities,credit,EUR,completed
TXN-00001138,CUST-000215,2025-08-21,7.12,utilities,transfer,USD,pending
TXN-00001139,CUST-000744,2025-04-10,44.53,grocery,debit,EUR,pending
TXN-00001140,CUST-000184,2026-06-15,34.19,dining,debit,GBP,failed
TXN-00001141,CUST-000414,2025-08-05,22.26,dining,credit,EUR,failed
TXN-00001142,CUST-000611,2024-09-10,19.01,entertainment,transfer,GBP,completed
TXN-00001143,CUST-000797,2025-08-06,25.17,dining,credit,GBP,failed
TXN-00001144,CUST-000456,2025-12-07,26.93,grocery,debit,EUR,failed
TXN-00001145,CUST-000685,2024-10-11,68.26,healthcare,transfer,GBP,pending
TXN-00001146,CUST-000281,2025-12-22,44.42,healthcare,debit,EUR,pending
TXN-00001147,CUST-000661,2026-05-21,49.23,travel,debit,EUR,completed
TXN-00001148,CUST-000731,2026-03-31,43.21,dining,debit,GBP,failed
TXN-00001149,CUST-000552,2026-03-21,133.94,grocery,debit,GBP,completed
TXN-00001150,CUST-000186,2025-04-28,169.03,grocery,transfer,EUR,pending
TXN-00001151,CUST-000126,2026-03-07,41.66,electronics,debit,USD,completed
TXN-00001152,CUST-000519,2026-04-01,44.2,grocery,transfer,EUR,failed
TXN-00001153,CUST-000547,2026-06-05,27.7,utilities,credit,GBP,pending
TXN-00001154,CUST-000621,2025-04-26,35.39,grocery,transfer,USD,completed
TXN-00001155,CUST-000038,2025-03-01,17.97,entertainment,debit,USD,failed
TXN-00001156,CUST-000566,2026-01-02,18.03,travel,transfer,GBP,pending
TXN-00001157,CUST-000077,2025-08-02,36.33,utilities,debit,EUR,pending
TXN-00001158,CUST-000086,2025-07-26,11.05,electronics,transfer,GBP,failed
TXN-00001159,CUST-000198,2025-03-04,65.01,utilities,transfer,GBP,completed
TXN-00001160,CUST-000430,2026-06-04,63.15,entertainment,credit,EUR,completed
TXN-00001161,CUST-000988,2025-09-25,38.63,grocery,transfer,USD,failed
TXN-00001162,CUST-000562,2025-02-17,27.36,grocery,credit,EUR,pending
TXN-00001163,CUST-000150,2025-10-11,63.68,grocery,debit,EUR,completed
TXN-00001164,CUST-000388,2024-09-01,11.12,electronics,transfer,EUR,completed
TXN-00001165,CUST-000542,2025-06-16,20.4,electronics,transfer,EUR,failed
TXN-00001166,CUST-000102,2026-03-20,63.84,entertainment,credit,USD,pending
TXN-00001167,CUST-000826,2024-09-12,36.86,entertainment,credit,EUR,failed
TXN-00001168,CUST-000131,2024-08-14,11.53,utilities,debit,GBP,completed
TXN-00001169,CUST-000147,2025-09-27,17.66,grocery,transfer,GBP,pending
TXN-00001170,CUST-000725,2026-05-08,108.17,dining,transfer,EUR,completed
TXN-00001171,CUST-000450,2026-06-14,33.26,dining,transfer,GBP,completed
TXN-00001172,CUST-000313,2025-05-20,40.6,electronics,credit,EUR,completed
TXN-00001173,CUST-000650,2025-09-11,38.34,entertainment,debit,EUR,failed
TXN-00001174,CUST-000521,2024-11-08,32.8,utilities,transfer,GBP,completed
TXN-00001175,CUST-000416,2026-02-01,26.55,electronics,debit,GBP,failed
TXN-00001176,CUST-000974,2025-07-08,10.6,travel,transfer,GBP,completed
TXN-00001177,CUST-000180,2026-03-20,49.17,dining,credit,EUR,completed
TXN-00001178,CUST-000383,2026-03-17,87.69,utilities,debit,GBP,completed
TXN-00001179,CUST-000298,2025-08-06,22.42,travel,debit,GBP,failed
TXN-00001180,CUST-000583,2025-10-15,4.97,utilities,transfer,USD,pending
TXN-00001181,CUST-000914,2026-03-04,45.41,electronics,debit,GBP,pending
TXN-00001182,CUST-000337,2026-03-27,24.29,electronics,transfer,USD,pending
TXN-00001183,CUST-000364,2025-09-23,10.13,travel,debit,GBP,failed
TXN-00001184,CUST-000921,2026-05-30,19.25,dining,debit,USD,failed
TXN-00001185,CUST-000257,2026-05-02,17.78,electronics,credit,EUR,completed
TXN-00001186,CUST-000550,2025-11-28,53.5,dining,transfer,EUR,completed
TXN-00001187,CUST-000144,2025-05-12,23.23,electronics,transfer,USD,completed
TXN-00001188,CUST-000195,2025-10-08,23.55,dining,transfer,EUR,completed
TXN-00001189,CUST-000165,2024-11-18,11.89,dining,transfer,GBP,completed
TXN-00001190,CUST-000333,2024-08-24,158.98,dining,transfer,GBP,failed
TXN-00001191,CUST-000864,2026-04-18,55.4,grocery,debit,USD,completed
TXN-00001192,CUST-000353,2024-08-25,33.12,travel,debit,GBP,pending
TXN-00001193,CUST-000440,2024-11-30,29.17,dining,debit,EUR,completed
TXN-00001194,CUST-000633,2025-04-28,12.48,travel,credit,USD,pending
TXN-00001195,CUST-000718,2026-03-22,4.79,travel,credit,GBP,completed
TXN-00001196,CUST-000718,2025-04-23,74.68,travel,transfer,GBP,failed
TXN-00001197,CUST-000153,2024-12-30,21.58,grocery,credit,USD,completed
TXN-00001198,CUST-000437,2025-06-22,74.22,healthcare,credit,GBP,failed
TXN-00001199,CUST-000237,2024-10-14,17.02,grocery,transfer,EUR,failed
TXN-00001200,CUST-000053,2025-06-21,22.93,electronics,credit,GBP,pending
TXN-00001201,CUST-000253,2025-10-01,25.54,grocery,debit,USD,failed
TXN-00001202,CUST-000763,2026-08-02,23.51,electronics,transfer,USD,pending
TXN-00001203,CUST-000190,2026-04-24,16.97,electronics,credit,USD,completed
TXN-00001204,CUST-000686,2026-03-26,69.6,utilities,credit,GBP,failed
TXN-00001205,CUST-000542,2024-11-19,39.99,electronics,debit,GBP,pending
TXN-00001206,CUST-000090,2025-11-13,48.35,healthcare,transfer,USD,completed
TXN-00001207,CUST-000722,2025-02-08,30.49,healthcare,transfer,EUR,pending
TXN-00001208,CUST-000743,2024-08-30,28.56,healthcare,transfer,USD,completed
TXN-00001209,CUST-000131,2025-09-24,12.92,electronics,transfer,EUR,pending
TXN-00001210,CUST-000460,2025-05-25,40.53,dining,debit,EUR,pending
TXN-00001211,CUST-000537,2024-11-15,109.2,grocery,debit,GBP,pending
TXN-00001212,CUST-000714,2025-12-09,81.71,healthcare,debit,GBP,completed
TXN-00001213,CUST-000759,2026-05-22,77.85,healthcare,transfer,USD,completed
TXN-00001214,CUST-000449,2024-10-23,57.9,entertainment,credit,EUR,failed
TXN-00001215,CUST-000279,2025-07-22,42.18,grocery,transfer,EUR,failed
TXN-00001216,CUST-000725,2025-01-02,49.82,entertainment,debit,EUR,failed
TXN-00001217,CUST-000275,2025-12-22,36.1,grocery,transfer,USD,pending
TXN-00001218,CUST-000041,2026-02-24,23.29,entertainment,debit,GBP,completed
TXN-00001219,CUST-000844,2025-01-14,21.11,utilities,credit,GBP,failed
TXN-00001220,CUST-000996,2025-05-06,27.22,utilities,transfer,EUR,failed
TXN-00001221,CUST-000137,2025-11-25,23.96,electronics,debit,GBP,completed
TXN-00001222,CUST-000844,2025-01-23,15.86,electronics,debit,EUR,completed
TXN-00001223,CUST-000551,2025-12-18,169.94,entertainment,transfer,USD,failed
TXN-00001224,CUST-000764,2025-12-27,13.59,healthcare,transfer,USD,pending
TXN-00001225,CUST-000226,2025-10-09,24.46,utilities,credit,USD,pending
TXN-00001226,CUST-000238,2025-02-04,57.81,travel,credit,USD,pending
TXN-00001227,CUST-000186,2025-11-14,24.48,travel,debit,GBP,pending
TXN-00001228,CUST-000966,2025-08-14,80.93,grocery,credit,USD,completed
TXN-00001229,CUST-000838,2025-08-31,22.87,grocery,debit,USD,pending
TXN-00001230,CUST-000252,2026-07-01,27.83,dining,debit,GBP,failed
TXN-00001231,CUST-000141,2026-06-24,167.48,healthcare,debit,EUR,pending
TXN-00001232,CUST-000022,2025-07-10,63.99,grocery,debit,GBP,failed
TXN-00001233,CUST-000838,2025-10-01,15.52,travel,debit,EUR,failed
TXN-00001234,CUST-000914,2024-11-29,30.23,electronics,credit,USD,completed
TXN-00001235,CUST-000058,2026-06-14,35.93,healthcare,debit,USD,completed
TXN-00001236,CUST-000106,2025-06-16,35.46,entertainment,credit,USD,completed
TXN-00001237,CUST-000935,2026-03-05,20.3,dining,debit,EUR,failed
TXN-00001238,CUST-000294,2025-08-08,8.45,entertainment,debit,EUR,completed
TXN-00001239,CUST-000113,2026-06-04,23.95,electronics,debit,EUR,completed
TXN-00001240,CUST-000918,2025-09-28,28.58,travel,transfer,EUR,completed
TXN-00001241,CUST-000915,2026-01-20,46.0,entertainment,credit,EUR,completed
TXN-00001242,CUST-000278,2025-04-10,45.33,grocery,debit,GBP,completed
TXN-00001243,CUST-000328,2026-03-14,13.82,entertainment,credit,USD,completed
TXN-00001244,CUST-000592,2025-10-23,23.0,travel,debit,EUR,completed
TXN-00001245,CUST-000187,2026-02-06,58.39,dining,credit,EUR,failed
TXN-00001246,CUST-000997,2025-04-24,18.69,electronics,debit,GBP,completed
TXN-00001247,CUST-000393,2025-11-06,26.52,healthcare,credit,GBP,failed
TXN-00001248,CUST-000842,2026-04-16,22.11,utilities,credit,GBP,failed
TXN-00001249,CUST-000796,2026-01-25,95.11,utilities,debit,USD,pending
TXN-00001250,CUST-000003,2026-05-10,23.13,travel,debit,USD,pending
TXN-00001251,CUST-000370,2024-12-12,61.61,travel,transfer,EUR,completed
TXN-00001252,CUST-000216,2026-01-20,51.92,grocery,transfer,EUR,pending
TXN-00001253,CUST-000056,2026-01-20,75.16,grocery,credit,GBP,completed
TXN-00001254,CUST-000031,2025-08-03,18.83,travel,debit,USD,failed
TXN-00001255,CUST-000852,2026-05-08,54.95,travel,credit,GBP,completed
TXN-00001256,CUST-000767,2025-12-18,69.08,dining,credit,GBP,pending
TXN-00001257,CUST-000455,2026-04-30,117.59,electronics,debit,USD,completed
TXN-00001258,CUST-000903,2026-03-16,54.27,travel,transfer,USD,completed
TXN-00001259,CUST-000406,2025-06-25,137.88,dining,transfer,GBP,pending
TXN-00001260,CUST-000942,2024-10-24,38.19,travel,credit,USD,pending
TXN-00001261,CUST-000997,2025-01-22,13.47,travel,transfer,USD,pending
TXN-00001262,CUST-000634,2026-04-21,12.15,entertainment,transfer,GBP,failed
TXN-00001263,CUST-000862,2026-06-20,30.29,dining,credit,USD,completed
TXN-00001264,CUST-000823,2025-02-28,24.38,electronics,debit,USD,completed
TXN-00001265,CUST-000372,2024-08-25,83.37,grocery,debit,EUR,completed
TXN-00001266,CUST-000555,2025-01-10,16.69,grocery,credit,USD,failed
TXN-00001267,CUST-000207,2026-07-14,40.3,electronics,debit,GBP,failed
TXN-00001268,CUST-000046,2025-05-23,50.25,grocery,debit,EUR,completed
TXN-00001269,CUST-000967,2025-12-07,33.13,dining,transfer,EUR,completed
TXN-00001270,CUST-000720,2024-11-10,47.4,utilities,transfer,USD,failed
TXN-00001271,CUST-000827,2025-05-18,72.01,entertainment,debit,EUR,completed
TXN-00001272,CUST-000156,2025-07-11,43.45,utilities,debit,GBP,completed
TXN-00001273,CUST-000906,2026-06-10,9.73,travel,transfer,USD,failed
TXN-00001274,CUST-000529,2025-02-21,38.02,dining,debit,EUR,pending
TXN-00001275,CUST-000369,2024-08-30,46.06,healthcare,transfer,USD,completed
TXN-00001276,CUST-000581,2025-12-08,46.95,entertainment,debit,USD,pending
TXN-00001277,CUST-000561,2026-07-24,97.73,dining,credit,USD,pending
TXN-00001278,CUST-000166,2025-02-27,8.17,electronics,debit,USD,completed
TXN-00001279,CUST-000728,2026-06-13,54.76,dining,credit,EUR,failed
TXN-00001280,CUST-000947,2025-04-10,18.85,healthcare,credit,USD,pending
TXN-00001281,CUST-000880,2025-05-02,20.18,healthcare,transfer,USD,pending
TXN-00001282,CUST-000376,2024-10-06,34.66,electronics,credit,USD,failed
TXN-00001283,CUST-000424,2025-09-15,33.48,utilities,debit,GBP,failed
TXN-00001284,CUST-000059,2025-01-24,51.32,entertainment,transfer,USD,completed
TXN-00001285,CUST-000874,2024-10-05,13.9,healthcare,credit,USD,completed
TXN-00001286,CUST-000398,2024-11-05,156.35,electronics,credit,EUR,failed
TXN-00001287,CUST-000548,2024-08-19,92.4,grocery,debit,GBP,completed
TXN-00001288,CUST-000940,2024-08-12,94.24,dining,debit,EUR,pending
TXN-00001289,CUST-000067,2024-11-15,31.09,dining,debit,EUR,pending
TXN-00001290,CUST-000040,2026-05-05,110.18,travel,transfer,USD,pending
TXN-00001291,CUST-000582,2024-11-11,2.49,electronics,credit,EUR,completed
TXN-00001292,CUST-000056,2026-01-15,61.26,electronics,transfer,USD,completed
TXN-00001293,CUST-000146,2024-12-04,12.26,electronics,transfer,EUR,pending
TXN-00001294,CUST-000538,2025-07-22,85.5,entertainment,credit,USD,completed
TXN-00001295,CUST-000358,2025-11-26,106.7,healthcare,transfer,USD,failed
TXN-00001296,CUST-000448,2025-12-17,17.3,dining,debit,GBP,failed
TXN-00001297,CUST-000204,2025-04-12,41.95,entertainment,transfer,GBP,failed
TXN-00001298,CUST-000751,2025-04-25,24.62,dining,debit,EUR,pending
TXN-00001299,CUST-000117,2026-03-10,113.2,electronics,transfer,GBP,completed
TXN-00001300,CUST-000462,2026-06-20,55.17,healthcare,debit,USD,completed
TXN-00001301,CUST-000764,2026-07-23,102.91,healthcare,debit,GBP,pending
TXN-00001302,CUST-000222,2026-07-01,33.84,utilities,credit,GBP,pending
TXN-00001303,CUST-000424,2025-06-27,27.39,healthcare,credit,GBP,pending
TXN-00001304,CUST-000117,2026-06-19,97.63,electronics,debit,GBP,failed
TXN-00001305,CUST-000167,2025-06-11,36.41,entertainment,transfer,GBP,failed
TXN-00001306,CUST-000448,2025-07-25,61.42,entertainment,debit,USD,completed
TXN-00001307,CUST-000092,2025-02-23,56.55,dining,debit,EUR,failed
TXN-00001308,CUST-000770,2025-01-05,48.1,utilities,credit,GBP,failed
TXN-00001309,CUST-000826,2025-01-08,13.42,dining,debit,USD,pending
TXN-00001310,CUST-000565,2026-01-01,27.03,dining,debit,EUR,pending
TXN-00001311,CUST-000423,2025-01-13,160.24,entertainment,transfer,EUR,completed
TXN-00001312,CUST-000963,2026-02-08,26.53,electronics,credit,GBP,pending
TXN-00001313,CUST-000315,2026-03-30,28.38,dining,debit,USD,completed
TXN-00001314,CUST-000158,2026-08-05,36.62,electronics,credit,USD,failed
TXN-00001315,CUST-000441,2025-07-07,10.11,entertainment,debit,GBP,pending
TXN-00001316,CUST-000132,2026-01-24,89.05,utilities,debit,EUR,pending
TXN-00001317,CUST-000530,2024-11-13,18.0,utilities,debit,GBP,completed
TXN-00001318,CUST-000647,2025-06-25,39.4,entertainment,transfer,EUR,failed
TXN-00001319,CUST-000163,2026-07-13,12.28,utilities,transfer,USD,completed
TXN-00001320,CUST-000633,2025-10-26,12.99,utilities,transfer,USD,pending
TXN-00001321,CUST-000650,2026-02-21,43.87,travel,transfer,USD,pending
TXN-00001322,CUST-000199,2025-10-04,35.32,entertainment,credit,EUR,failed
TXN-00001323,CUST-000053,2024-10-05,53.71,healthcare,debit,USD,pending
TXN-00001324,CUST-000950,2026-07-09,38.37,electronics,credit,USD,completed
TXN-00001325,CUST-000080,2024-11-03,32.71,entertainment,debit,EUR,completed
TXN-00001326,CUST-000503,2024-08-16,66.13,dining,transfer,USD,completed
TXN-00001327,CUST-000704,2025-05-12,12.22,utilities,credit,USD,completed
TXN-00001328,CUST-000306,2025-07-31,41.88,grocery,debit,EUR,pending
TXN-00001329,CUST-000496,2026-02-12,22.57,healthcare,debit,GBP,completed
TXN-00001330,CUST-000531,2024-09-26,33.75,entertainment,credit,USD,completed
TXN-00001331,CUST-000031,2024-12-27,24.45,utilities,transfer,USD,pending
TXN-00001332,CUST-000281,2025-11-10,19.29,electronics,transfer,GBP,failed
TXN-00001333,CUST-000302,2025-02-07,26.13,dining,transfer,EUR,completed
TXN-00001334,CUST-000257,2026-08-06,7.89,utilities,credit,EUR,completed
TXN-00001335,CUST-000598,2025-08-24,87.84,travel,debit,GBP,pending
TXN-00001336,CUST-000444,2026-07-08,82.42,utilities,credit,EUR,failed
TXN-00001337,CUST-000111,2025-09-28,42.86,healthcare,credit,EUR,failed
TXN-00001338,CUST-000840,2026-03-06,8.94,healthcare,credit,EUR,failed
TXN-00001339,CUST-000847,2026-07-18,35.5,grocery,debit,EUR,pending
TXN-00001340,CUST-000810,2026-06-16,18.71,travel,transfer,EUR,pending
TXN-00001341,CUST-000149,2025-04-15,51.27,electronics,transfer,USD,failed
TXN-00001342,CUST-000337,2026-05-09,13.35,electronics,debit,GBP,completed
TXN-00001343,CUST-000395,2024-09-26,22.72,travel,debit,GBP,pending
TXN-00001344,CUST-000734,2026-05-29,117.88,entertainment,transfer,USD,failed
TXN-00001345,CUST-000915,2025-07-22,62.27,dining,credit,EUR,completed
TXN-00001346,CUST-000202,2024-10-28,9.76,grocery,credit,EUR,completed
TXN-00001347,CUST-000128,2024-08-27,28.15,healthcare,credit,USD,failed
TXN-00001348,CUST-000022,2024-12-18,14.47,entertainment,transfer,USD,pending
TXN-00001349,CUST-000292,2025-09-21,8.48,healthcare,debit,EUR,failed
TXN-00001350,CUST-000017,2025-09-20,148.44,electronics,credit,EUR,pending
TXN-00001351,CUST-000082,2024-09-24,37.07,healthcare,debit,EUR,pending
TXN-00001352,CUST-000714,2025-07-05,122.85,utilities,debit,EUR,failed
TXN-00001353,CUST-000106,2024-08-30,15.21,dining,debit,USD,completed
TXN-00001354,CUST-000196,2026-03-23,170.46,entertainment,transfer,USD,failed
TXN-00001355,CUST-000889,2026-07-31,22.99,utilities,transfer,EUR,pending
TXN-00001356,CUST-000716,2024-09-14,19.6,dining,debit,USD,pending
TXN-00001357,CUST-000883,2025-11-06,10.36,entertainment,credit,GBP,pending
TXN-00001358,CUST-000685,2026-04-14,11.06,healthcare,credit,GBP,pending
TXN-00001359,CUST-001000,2025-07-15,8.8,dining,debit,USD,pending
TXN-00001360,CUST-000785,2026-04-21,24.41,healthcare,debit,GBP,failed
TXN-00001361,CUST-000753,2026-05-31,164.2,grocery,credit,USD,completed
TXN-00001362,CUST-000014,2024-10-24,51.42,dining,debit,EUR,completed
TXN-00001363,CUST-000349,2024-11-11,12.47,healthcare,transfer,EUR,pending
TXN-00001364,CUST-000726,2025-07-22,30.74,healthcare,debit,USD,completed
TXN-00001365,CUST-000939,2024-12-26,93.47,entertainment,credit,USD,completed
TXN-00001366,CUST-000285,2026-06-30,23.66,entertainment,transfer,GBP,completed
TXN-00001367,CUST-000151,2026-06-27,31.19,grocery,debit,USD,pending
TXN-00001368,CUST-000192,2026-02-01,17.97,healthcare,credit,EUR,pending
TXN-00001369,CUST-000122,2025-08-21,29.64,healthcare,credit,GBP,pending
TXN-00001370,CUST-000055,2024-09-14,29.14,grocery,transfer,EUR,failed
TXN-00001371,CUST-000951,2026-07-24,28.49,dining,debit,GBP,pending
TXN-00001372,CUST-000543,2024-12-02,44.99,grocery,transfer,USD,failed
TXN-00001373,CUST-000255,2025-12-25,23.49,grocery,credit,USD,failed
TXN-00001374,CUST-000717,2025-12-10,53.9,grocery,debit,GBP,failed
TXN-00001375,CUST-000275,2026-08-07,32.85,travel,credit,GBP,pending
TXN-00001376,CUST-000723,2025-10-25,54.42,grocery,debit,GBP,failed
TXN-00001377,CUST-000638,2026-04-06,31.63,utilities,debit,USD,pending
TXN-00001378,CUST-000698,2025-12-30,16.0,dining,debit,USD,failed
TXN-00001379,CUST-000486,2025-08-27,29.93,electronics,debit,USD,failed
TXN-00001380,CUST-000779,2025-06-05,109.24,dining,transfer,USD,pending
TXN-00001381,CUST-000895,2026-01-13,22.44,entertainment,debit,GBP,failed
TXN-00001382,CUST-000298,2024-08-08,87.31,travel,debit,USD,completed
TXN-00001383,CUST-000312,2024-09-19,62.04,dining,transfer,EUR,failed
TXN-00001384,CUST-000264,2024-11-26,44.72,dining,debit,EUR,pending
TXN-00001385,CUST-000728,2024-08-28,20.63,utilities,transfer,EUR,completed
TXN-00001386,CUST-000277,2025-11-29,84.62,grocery,debit,EUR,completed
TXN-00001387,CUST-000676,2025-07-23,95.1,grocery,debit,GBP,failed
TXN-00001388,CUST-000713,2026-05-07,91.29,utilities,debit,USD,pending
TXN-00001389,CUST-000655,2026-06-28,15.78,utilities,transfer,GBP,pending
TXN-00001390,CUST-000982,2024-11-04,61.91,utilities,credit,EUR,pending
TXN-00001391,CUST-000604,2025-10-09,25.21,healthcare,transfer,EUR,failed
TXN-00001392,CUST-000126,2026-02-09,28.01,entertainment,credit,EUR,completed
TXN-00001393,CUST-000993,2025-02-28,7.26,healthcare,credit,GBP,failed
TXN-00001394,CUST-000681,2024-12-17,13.43,grocery,credit,USD,pending
TXN-00001395,CUST-000042,2025-10-17,12.06,grocery,credit,EUR,failed
TXN-00001396,CUST-000855,2025-11-21,24.86,entertainment,transfer,GBP,failed
TXN-00001397,CUST-000159,2025-04-01,5.27,dining,transfer,USD,pending
TXN-00001398,CUST-000225,2025-06-06,11.33,dining,credit,EUR,completed
TXN-00001399,CUST-000915,2024-09-04,20.71,electronics,debit,GBP,pending
TXN-00001400,CUST-000696,2025-01-26,18.4,travel,credit,EUR,completed
TXN-00001401,CUST-000305,2024-10-02,42.36,healthcare,debit,EUR,pending
TXN-00001402,CUST-000099,2025-04-04,13.62,electronics,transfer,GBP,failed
TXN-00001403,CUST-000367,2025-11-04,30.7,dining,credit,EUR,completed
TXN-00001404,CUST-000935,2026-03-01,221.84,dining,debit,USD,failed
TXN-00001405,CUST-000929,2025-11-07,23.15,healthcare,credit,USD,failed
TXN-00001406,CUST-000557,2026-01-17,6.99,dining,transfer,EUR,completed
TXN-00001407,CUST-000087,2026-06-30,45.09,grocery,credit,GBP,pending
TXN-00001408,CUST-000708,2024-10-31,25.88,utilities,transfer,GBP,failed
TXN-00001409,CUST-000758,2025-04-28,89.81,healthcare,debit,GBP,failed
TXN-00001410,CUST-000991,2026-03-08,32.84,utilities,transfer,USD,pending
TXN-00001411,CUST-000644,2024-08-29,44.31,grocery,debit,GBP,completed
TXN-00001412,CUST-000533,2024-12-08,16.52,dining,debit,GBP,pending
TXN-00001413,CUST-000401,2024-08-18,47.45,utilities,credit,GBP,failed
TXN-00001414,CUST-000127,2026-06-23,25.66,travel,debit,GBP,failed
TXN-00001415,CUST-000247,2025-08-27,5.76,healthcare,debit,EUR,pending
TXN-00001416,CUST-000297,2024-09-18,24.02,healthcare,credit,EUR,failed
TXN-00001417,CUST-000282,2025-06-21,20.21,grocery,credit,EUR,pending
TXN-00001418,CUST-000152,2024-08-10,10.04,healthcare,credit,USD,failed
TXN-00001419,CUST-000311,2025-10-24,48.83,electronics,debit,EUR,failed
TXN-00001420,CUST-000470,2026-06-25,8.55,healthcare,debit,EUR,failed
TXN-00001421,CUST-000538,2025-07-13,28.21,utilities,debit,EUR,failed
TXN-00001422,CUST-000737,2024-08-16,38.87,entertainment,debit,EUR,failed
TXN-00001423,CUST-000311,2026-07-06,81.62,dining,transfer,GBP,completed
TXN-00001424,CUST-000590,2026-01-26,59.17,utilities,transfer,EUR,completed
TXN-00001425,CUST-000715,2024-11-05,19.2,dining,debit,USD,completed
TXN-00001426,CUST-000873,2025-01-16,50.2,utilities,debit,EUR,failed
TXN-00001427,CUST-000488,2024-08-25,24.17,entertainment,transfer,USD,completed
TXN-00001428,CUST-000922,2025-06-28,61.2,electronics,transfer,GBP,completed
TXN-00001429,CUST-000946,2025-11-08,20.06,dining,credit,USD,failed
TXN-00001430,CUST-000588,2025-06-13,36.47,dining,credit,GBP,pending
TXN-00001431,CUST-000231,2025-11-25,20.3,entertainment,transfer,USD,completed
TXN-00001432,CUST-000597,2025-08-19,79.23,entertainment,debit,EUR,completed
TXN-00001433,CUST-000699,2026-03-02,48.79,entertainment,debit,GBP,pending
TXN-00001434,CUST-000513,2025-04-02,19.45,healthcare,debit,USD,pending
TXN-00001435,CUST-000438,2025-12-20,129.85,healthcare,debit,USD,failed
TXN-00001436,CUST-000306,2025-04-12,11.1,grocery,transfer,GBP,pending
TXN-00001437,CUST-000024,2026-08-02,71.82,utilities,credit,USD,completed
TXN-00001438,CUST-000992,2025-10-11,17.73,travel,transfer,GBP,failed
TXN-00001439,CUST-000320,2025-10-02,28.6,utilities,debit,GBP,pending
TXN-00001440,CUST-000960,2024-10-17,72.05,grocery,debit,EUR,pending
TXN-00001441,CUST-000268,2025-04-10,15.49,entertainment,transfer,EUR,failed
TXN-00001442,CUST-000935,2025-03-12,65.31,grocery,transfer,GBP,failed
TXN-00001443,CUST-000856,2026-04-05,46.88,grocery,transfer,EUR,completed
TXN-00001444,CUST-000278,2025-06-23,46.62,dining,transfer,USD,failed
TXN-00001445,CUST-000359,2026-05-28,28.94,entertainment,debit,USD,completed
TXN-00001446,CUST-000027,2025-05-20,242.42,healthcare,transfer,EUR,failed
TXN-00001447,CUST-000701,2025-11-05,68.69,grocery,credit,EUR,failed
TXN-00001448,CUST-000129,2025-12-16,27.99,travel,debit,EUR,completed
TXN-00001449,CUST-000919,2024-11-09,171.69,electronics,debit,EUR,pending
TXN-00001450,CUST-000941,2024-12-16,15.03,healthcare,debit,USD,pending
TXN-00001451,CUST-000766,2025-06-17,200.92,healthcare,transfer,USD,completed
TXN-00001452,CUST-000895,2025-04-12,165.68,grocery,debit,USD,pending
TXN-00001453,CUST-000185,2025-09-06,21.43,healthcare,transfer,USD,pending
TXN-00001454,CUST-000133,2024-11-07,43.79,grocery,transfer,USD,completed
TXN-00001455,CUST-000257,2026-02-19,70.64,utilities,transfer,EUR,completed
TXN-00001456,CUST-000455,2024-11-14,57.04,utilities,debit,GBP,pending
TXN-00001457,CUST-000327,2025-03-21,57.2,grocery,credit,EUR,failed
TXN-00001458,CUST-000974,2026-07-16,41.77,travel,debit,GBP,completed
TXN-00001459,CUST-000313,2025-01-20,50.43,electronics,transfer,USD,completed
TXN-00001460,CUST-000241,2025-09-16,72.06,dining,debit,USD,pending
TXN-00001461,CUST-000857,2026-02-18,13.65,dining,credit,USD,completed
TXN-00001462,CUST-000286,2025-04-01,72.96,grocery,credit,EUR,pending
TXN-00001463,CUST-000046,2024-09-10,18.01,utilities,credit,GBP,completed
TXN-00001464,CUST-000677,2026-07-06,18.48,electronics,debit,GBP,pending
TXN-00001465,CUST-000945,2025-02-13,60.99,entertainment,transfer,USD,completed
TXN-00001466,CUST-000350,2025-05-28,75.1,entertainment,credit,GBP,failed
TXN-00001467,CUST-000771,2024-10-24,19.09,utilities,credit,GBP,pending
TXN-00001468,CUST-000435,2026-05-10,41.71,healthcare,credit,USD,pending
TXN-00001469,CUST-000479,2025-02-14,15.51,healthcare,credit,EUR,failed
TXN-00001470,CUST-000405,2024-12-27,13.84,electronics,transfer,EUR,failed
TXN-00001471,CUST-000830,2025-03-12,15.16,entertainment,credit,USD,pending
TXN-00001472,CUST-000474,2026-05-05,12.29,utilities,transfer,USD,pending
TXN-00001473,CUST-000060,2026-04-27,37.29,healthcare,transfer,EUR,completed
TXN-00001474,CUST-000452,2026-05-31,5.06,electronics,credit,EUR,completed
TXN-00001475,CUST-000233,2024-10-24,40.84,healthcare,transfer,USD,completed
TXN-00001476,CUST-000118,2026-03-04,42.95,healthcare,credit,GBP,pending
TXN-00001477,CUST-000043,2026-06-12,36.41,utilities,credit,EUR,completed
TXN-00001478,CUST-000695,2026-01-12,35.1,travel,credit,USD,completed
TXN-00001479,CUST-000520,2026-05-18,28.28,travel,debit,EUR,failed
TXN-00001480,CUST-000381,2025-07-02,136.47,grocery,transfer,EUR,pending
TXN-00001481,CUST-000147,2026-07-17,79.22,electronics,transfer,USD,completed
TXN-00001482,CUST-000378,2025-06-26,72.21,healthcare,transfer,GBP,failed
TXN-00001483,CUST-000803,2026-05-23,39.27,travel,credit,GBP,completed
TXN-00001484,CUST-000673,2025-09-21,54.69,utilities,debit,USD,completed
TXN-00001485,CUST-000579,2026-05-11,33.49,healthcare,transfer,EUR,failed
TXN-00001486,CUST-000751,2025-06-10,93.85,utilities,transfer,GBP,pending
TXN-00001487,CUST-000325,2025-08-16,4.8,electronics,debit,EUR,completed
TXN-00001488,CUST-000819,2026-04-09,58.89,dining,credit,GBP,completed
TXN-00001489,CUST-000710,2026-06-23,8.76,dining,credit,USD,pending
TXN-00001490,CUST-000574,2026-05-26,36.26,utilities,credit,GBP,completed
TXN-00001491,CUST-000460,2026-07-01,55.15,entertainment,debit,GBP,completed
TXN-00001492,CUST-000796,2025-09-01,58.98,entertainment,credit,EUR,pending
TXN-00001493,CUST-000121,2025-06-30,12.28,travel,transfer,EUR,failed
TXN-00001494,CUST-000903,2025-11-04,16.34,healthcare,transfer,EUR,failed
TXN-00001495,CUST-000104,2026-07-09,24.44,grocery,debit,GBP,failed
TXN-00001496,CUST-000941,2024-10-09,25.39,travel,credit,GBP,failed
TXN-00001497,CUST-000248,2025-05-23,46.07,entertainment,credit,GBP,failed
TXN-00001498,CUST-000632,2026-03-23,66.19,dining,credit,EUR,failed
TXN-00001499,CUST-000138,2025-06-23,105.59,healthcare,transfer,USD,completed
TXN-00001500,CUST-000918,2025-11-19,51.25,electronics,credit,USD,failed
TXN-00001501,CUST-000740,2026-07-24,295.5,grocery,debit,EUR,pending
TXN-00001502,CUST-000350,2025-03-07,9.16,healthcare,transfer,GBP,pending
TXN-00001503,CUST-000293,2024-10-13,23.18,travel,debit,USD,failed
TXN-00001504,CUST-000904,2025-07-01,35.23,healthcare,credit,USD,pending
TXN-00001505,CUST-000292,2025-01-27,17.38,dining,credit,USD,completed
TXN-00001506,CUST-000296,2025-10-05,74.73,healthcare,debit,USD,failed
TXN-00001507,CUST-000286,2025-09-05,17.79,entertainment,transfer,USD,completed
TXN-00001508,CUST-000613,2026-05-22,43.46,grocery,credit,USD,pending
TXN-00001509,CUST-000209,2025-01-13,27.61,travel,credit,EUR,completed
TXN-00001510,CUST-000734,2025-07-19,205.17,dining,credit,EUR,pending
TXN-00001511,CUST-000089,2024-09-29,47.46,electronics,debit,GBP,completed
TXN-00001512,CUST-000745,2024-12-03,21.9,utilities,transfer,GBP,completed
TXN-00001513,CUST-000724,2025-10-02,59.62,travel,transfer,GBP,failed
TXN-00001514,CUST-000037,2026-05-12,14.25,entertainment,debit,GBP,completed
TXN-00001515,CUST-000272,2024-10-27,30.58,travel,transfer,EUR,pending
TXN-00001516,CUST-000135,2026-01-31,8.65,travel,transfer,USD,completed
TXN-00001517,CUST-000429,2025-04-25,64.54,utilities,transfer,USD,failed
TXN-00001518,CUST-000358,2025-12-10,31.09,travel,credit,USD,pending
TXN-00001519,CUST-000685,2025-08-24,29.94,dining,transfer,EUR,failed
TXN-00001520,CUST-000493,2024-11-23,23.12,entertainment,credit,EUR,pending
TXN-00001521,CUST-000334,2026-05-23,18.12,travel,credit,EUR,failed
TXN-00001522,CUST-000117,2026-07-26,23.39,travel,credit,EUR,failed
TXN-00001523,CUST-000422,2026-07-30,43.15,electronics,transfer,USD,pending
TXN-00001524,CUST-000063,2025-06-24,37.57,utilities,credit,EUR,pending
TXN-00001525,CUST-000829,2024-08-18,29.01,grocery,credit,EUR,failed
TXN-00001526,CUST-000225,2025-06-25,9.86,electronics,credit,EUR,completed
TXN-00001527,CUST-000587,2025-03-09,100.59,entertainment,transfer,USD,failed
TXN-00001528,CUST-000626,2025-07-26,18.33,grocery,transfer,USD,pending
TXN-00001529,CUST-000093,2025-10-12,58.98,electronics,transfer,USD,failed
TXN-00001530,CUST-000051,2025-05-19,34.47,travel,debit,GBP,pending
TXN-00001531,CUST-000881,2024-09-26,50.46,travel,credit,EUR,pending
TXN-00001532,CUST-000221,2025-08-15,36.48,grocery,debit,USD,failed
TXN-00001533,CUST-000105,2025-06-30,33.44,grocery,debit,EUR,pending
TXN-00001534,CUST-000025,2025-05-22,6.5,travel,debit,EUR,failed
TXN-00001535,CUST-000127,2025-10-05,66.05,dining,debit,GBP,pending
TXN-00001536,CUST-000883,2026-07-29,119.45,dining,debit,USD,failed
TXN-00001537,CUST-000851,2026-05-27,67.11,grocery,transfer,GBP,pending
TXN-00001538,CUST-000199,2026-05-29,65.36,utilities,debit,EUR,pending
TXN-00001539,CUST-000470,2024-11-18,19.02,utilities,transfer,EUR,pending
TXN-00001540,CUST-000299,2024-09-13,29.24,dining,transfer,EUR,pending
TXN-00001541,CUST-000292,2026-07-18,109.79,travel,credit,USD,pending
TXN-00001542,CUST-000746,2026-02-27,26.24,healthcare,transfer,USD,pending
TXN-00001543,CUST-000230,2026-07-10,36.95,entertainment,debit,EUR,pending
TXN-00001544,CUST-000489,2025-12-09,42.21,electronics,debit,GBP,completed
TXN-00001545,CUST-000098,2026-07-02,36.8,dining,transfer,USD,completed
TXN-00001546,CUST-000145,2024-12-02,14.58,healthcare,transfer,GBP,completed
TXN-00001547,CUST-000061,2026-07-05,54.09,electronics,transfer,EUR,completed
TXN-00001548,CUST-000038,2026-07-13,18.85,dining,debit,EUR,failed
TXN-00001549,CUST-000215,2026-02-26,182.16,healthcare,credit,EUR,failed
TXN-00001550,CUST-000242,2024-11-02,14.3,healthcare,transfer,GBP,failed
TXN-00001551,CUST-000084,2025-05-01,90.62,grocery,credit,USD,completed
TXN-00001552,CUST-000166,2026-05-21,34.16,travel,credit,USD,completed
TXN-00001553,CUST-000907,2026-08-01,29.21,entertainment,transfer,EUR,completed
TXN-00001554,CUST-000767,2026-07-31,80.05,grocery,credit,USD,pending
TXN-00001555,CUST-000302,2024-11-28,20.83,electronics,transfer,GBP,completed
TXN-00001556,CUST-000145,2025-02-06,13.27,entertainment,transfer,GBP,pending
TXN-00001557,CUST-000532,2024-08-27,43.46,travel,credit,GBP,failed
TXN-00001558,CUST-000873,2026-03-01,58.03,electronics,credit,USD,completed
TXN-00001559,CUST-000482,2025-07-08,24.1,utilities,debit,GBP,pending
TXN-00001560,CUST-000339,2025-08-12,7.51,healthcare,debit,USD,pending
TXN-00001561,CUST-000652,2025-10-03,36.78,utilities,debit,USD,pending
TXN-00001562,CUST-000292,2026-03-06,39.13,healthcare,credit,EUR,failed
TXN-00001563,CUST-000555,2024-10-31,42.25,healthcare,debit,USD,failed
TXN-00001564,CUST-000222,2025-01-26,21.98,grocery,debit,GBP,failed
TXN-00001565,CUST-000661,2026-01-05,57.12,entertainment,transfer,GBP,pending
TXN-00001566,CUST-000990,2024-12-18,51.37,travel,debit,USD,completed
TXN-00001567,CUST-000094,2026-02-25,153.07,travel,debit,EUR,completed
TXN-00001568,CUST-000332,2025-05-13,27.28,electronics,transfer,USD,completed
TXN-00001569,CUST-000574,2024-08-13,17.32,utilities,credit,EUR,pending
TXN-00001570,CUST-000859,2025-09-06,35.31,healthcare,debit,USD,failed
TXN-00001571,CUST-000854,2026-01-19,23.2,dining,transfer,EUR,pending
TXN-00001572,CUST-000712,2024-08-08,116.8,healthcare,credit,GBP,pending
TXN-00001573,CUST-000183,2026-05-07,11.86,dining,transfer,EUR,failed
TXN-00001574,CUST-000435,2026-06-09,13.57,travel,credit,EUR,completed
TXN-00001575,CUST-000956,2026-03-23,28.0,grocery,transfer,EUR,pending
TXN-00001576,CUST-000097,2025-01-10,33.24,electronics,debit,GBP,pending
TXN-00001577,CUST-000658,2025-11-28,32.12,utilities,transfer,EUR,pending
TXN-00001578,CUST-000641,2024-09-10,8.0,grocery,transfer,EUR,failed
TXN-00001579,CUST-000648,2026-07-06,30.7,utilities,transfer,GBP,completed
TXN-00001580,CUST-000040,2024-08-30,20.85,utilities,debit,GBP,failed
TXN-00001581,CUST-000182,2026-05-29,59.51,dining,debit,USD,pending
TXN-00001582,CUST-000653,2025-02-20,50.47,entertainment,transfer,EUR,completed
TXN-00001583,CUST-000671,2026-03-31,38.83,entertainment,transfer,EUR,failed
TXN-00001584,CUST-000174,2026-07-22,127.45,electronics,transfer,USD,failed
TXN-00001585,CUST-000413,2026-03-31,23.44,grocery,debit,USD,failed
TXN-00001586,CUST-000152,2025-05-31,46.67,dining,debit,EUR,failed
TXN-00001587,CUST-000204,2025-11-29,51.34,utilities,transfer,USD,pending
TXN-00001588,CUST-000281,2024-11-07,36.39,dining,transfer,GBP,completed
TXN-00001589,CUST-000580,2025-08-19,66.8,grocery,debit,EUR,failed
TXN-00001590,CUST-000642,2025-06-21,54.95,electronics,credit,USD,failed
TXN-00001591,CUST-000966,2026-06-23,3.91,utilities,debit,GBP,failed
TXN-00001592,CUST-000136,2025-02-19,21.78,electronics,debit,EUR,completed
TXN-00001593,CUST-000579,2026-05-20,23.88,travel,credit,USD,completed
TXN-00001594,CUST-000303,2025-10-22,18.37,grocery,credit,EUR,failed
TXN-00001595,CUST-000373,2026-04-28,18.56,dining,transfer,GBP,completed
TXN-00001596,CUST-000038,2026-05-02,146.62,travel,transfer,GBP,completed
TXN-00001597,CUST-000720,2026-03-17,25.62,utilities,credit,USD,pending
TXN-00001598,CUST-000717,2026-03-27,52.27,healthcare,debit,EUR,completed
TXN-00001599,CUST-000479,2024-08-28,35.28,dining,debit,EUR,failed
TXN-00001600,CUST-000331,2025-08-07,24.98,healthcare,debit,EUR,failed
TXN-00001601,CUST-000108,2024-09-08,129.0,grocery,debit,EUR,pending
TXN-00001602,CUST-000343,2024-09-09,3.29,travel,credit,EUR,completed
TXN-00001603,CUST-000479,2025-08-07,42.9,dining,transfer,EUR,failed
TXN-00001604,CUST-000590,2026-06-25,89.31,dining,debit,EUR,failed
TXN-00001605,CUST-000383,2024-10-19,43.28,dining,credit,USD,completed
TXN-00001606,CUST-000782,2025-02-27,12.97,electronics,transfer,EUR,failed
TXN-00001607,CUST-000030,2025-01-30,19.05,electronics,transfer,GBP,failed
TXN-00001608,CUST-000204,2026-05-07,138.98,travel,debit,GBP,pending
TXN-00001609,CUST-000808,2024-08-30,10.83,entertainment,credit,EUR,pending
TXN-00001610,CUST-000170,2024-09-14,28.26,travel,debit,EUR,pending
TXN-00001611,CUST-000083,2025-02-27,24.15,travel,transfer,GBP,pending
TXN-00001612,CUST-000006,2025-10-14,31.58,dining,transfer,GBP,pending
TXN-00001613,CUST-000716,2026-01-23,15.68,dining,credit,GBP,completed
TXN-00001614,CUST-000782,2025-12-03,84.3,electronics,debit,EUR,pending
TXN-00001615,CUST-000920,2026-08-03,13.27,entertainment,credit,GBP,pending
TXN-00001616,CUST-000547,2026-05-21,10.5,utilities,transfer,USD,completed
TXN-00001617,CUST-000907,2025-03-03,62.9,electronics,credit,EUR,failed
TXN-00001618,CUST-000843,2025-05-18,28.46,travel,debit,EUR,completed
TXN-00001619,CUST-000046,2025-06-23,16.41,electronics,credit,GBP,completed
TXN-00001620,CUST-000436,2025-12-03,16.51,utilities,credit,USD,pending
TXN-00001621,CUST-000982,2025-11-16,24.79,grocery,credit,USD,pending
TXN-00001622,CUST-000703,2026-04-19,83.76,dining,debit,USD,pending
TXN-00001623,CUST-000132,2025-05-13,39.11,dining,debit,EUR,failed
TXN-00001624,CUST-000983,2025-08-11,49.62,grocery,credit,EUR,pending
TXN-00001625,CUST-000760,2026-01-03,52.69,entertainment,credit,GBP,pending
TXN-00001626,CUST-000800,2025-06-23,31.36,healthcare,credit,USD,completed
TXN-00001627,CUST-000435,2026-05-09,35.54,utilities,debit,USD,completed
TXN-00001628,CUST-000346,2026-06-01,16.69,healthcare,transfer,EUR,pending
TXN-00001629,CUST-000050,2026-05-22,31.49,entertainment,credit,EUR,pending
TXN-00001630,CUST-000052,2026-01-07,181.83,electronics,credit,EUR,failed
TXN-00001631,CUST-000304,2026-03-15,21.07,dining,debit,EUR,pending
TXN-00001632,CUST-000305,2026-04-08,52.55,electronics,transfer,USD,failed
TXN-00001633,CUST-000757,2026-01-30,27.86,healthcare,debit,USD,failed
TXN-00001634,CUST-000149,2025-02-10,45.63,electronics,credit,EUR,failed
TXN-00001635,CUST-000633,2025-05-08,4.42,entertainment,transfer,GBP,failed
TXN-00001636,CUST-000470,2025-08-09,12.99,grocery,debit,GBP,failed
TXN-00001637,CUST-000654,2025-06-17,53.36,healthcare,transfer,USD,pending
TXN-00001638,CUST-000950,2025-08-25,43.33,dining,debit,USD,failed
TXN-00001639,CUST-000264,2025-03-08,107.97,grocery,credit,USD,completed
TXN-00001640,CUST-000585,2025-09-06,20.68,healthcare,transfer,USD,failed
TXN-00001641,CUST-000819,2025-08-08,7.76,travel,credit,EUR,failed
TXN-00001642,CUST-000706,2024-09-26,56.16,utilities,debit,GBP,pending
TXN-00001643,CUST-000932,2024-12-10,17.96,grocery,credit,USD,completed
TXN-00001644,CUST-000801,2025-08-12,28.93,electronics,credit,GBP,failed
TXN-00001645,CUST-000326,2026-05-15,16.23,utilities,credit,USD,completed
TXN-00001646,CUST-000627,2025-11-09,12.05,entertainment,credit,GBP,pending
TXN-00001647,CUST-000651,2025-02-07,44.04,dining,transfer,USD,pending
TXN-00001648,CUST-000349,2026-01-20,8.2,travel,credit,GBP,pending
TXN-00001649,CUST-000216,2025-10-23,34.93,dining,credit,EUR,completed
TXN-00001650,CUST-000677,2025-08-08,49.95,electronics,debit,USD,failed
TXN-00001651,CUST-000543,2024-12-12,25.7,electronics,credit,GBP,pending
TXN-00001652,CUST-000031,2025-01-06,10.61,healthcare,credit,GBP,pending
TXN-00001653,CUST-000426,2025-02-12,32.57,healthcare,debit,EUR,failed
TXN-00001654,CUST-000972,2025-09-30,37.27,travel,transfer,EUR,failed
TXN-00001655,CUST-000419,2024-10-07,25.54,healthcare,credit,EUR,pending
TXN-00001656,CUST-000646,2024-12-03,19.33,dining,debit,EUR,pending
TXN-00001657,CUST-000775,2025-01-04,24.91,dining,debit,USD,pending
TXN-00001658,CUST-000296,2025-01-14,94.59,utilities,debit,EUR,failed
TXN-00001659,CUST-000669,2026-05-05,27.3,travel,transfer,USD,failed
TXN-00001660,CUST-000230,2026-04-10,8.98,grocery,transfer,GBP,failed
TXN-00001661,CUST-000419,2025-08-26,81.92,travel,debit,GBP,failed
TXN-00001662,CUST-000484,2026-04-14,63.53,healthcare,debit,USD,pending
TXN-00001663,CUST-000378,2026-06-10,49.52,dining,transfer,USD,pending
TXN-00001664,CUST-000136,2024-11-05,15.7,travel,transfer,GBP,pending
TXN-00001665,CUST-000248,2025-09-23,33.13,healthcare,credit,USD,completed
TXN-00001666,CUST-000474,2024-08-25,45.95,utilities,debit,GBP,failed
TXN-00001667,CUST-000417,2025-07-11,28.4,utilities,transfer,USD,failed
TXN-00001668,CUST-000796,2026-04-01,55.98,entertainment,transfer,USD,pending
TXN-00001669,CUST-000832,2025-01-09,15.11,entertainment,debit,EUR,pending
TXN-00001670,CUST-000734,2026-07-17,161.12,dining,credit,USD,completed
TXN-00001671,CUST-000150,2025-12-04,56.02,utilities,debit,EUR,pending
TXN-00001672,CUST-000673,2024-08-12,55.34,grocery,credit,GBP,failed
TXN-00001673,CUST-000076,2026-01-15,27.19,entertainment,debit,EUR,pending
TXN-00001674,CUST-000303,2026-07-02,48.81,dining,transfer,EUR,failed
TXN-00001675,CUST-000282,2025-02-13,57.0,travel,transfer,EUR,completed
TXN-00001676,CUST-000227,2026-03-01,109.44,utilities,credit,EUR,failed
TXN-00001677,CUST-000163,2025-06-10,37.85,utilities,credit,GBP,pending
TXN-00001678,CUST-000159,2026-06-14,99.19,travel,transfer,EUR,pending
TXN-00001679,CUST-000264,2025-07-27,40.17,travel,transfer,EUR,completed
TXN-00001680,CUST-000599,2025-04-30,11.55,healthcare,transfer,GBP,pending
TXN-00001681,CUST-000489,2026-04-04,40.28,electronics,transfer,USD,failed
TXN-00001682,CUST-000874,2025-02-18,33.22,dining,credit,GBP,completed
TXN-00001683,CUST-000892,2026-01-26,34.54,dining,debit,GBP,completed
TXN-00001684,CUST-000351,2025-07-13,20.58,travel,credit,GBP,failed
TXN-00001685,CUST-000809,2025-12-29,17.29,dining,credit,GBP,failed
TXN-00001686,CUST-000929,2025-05-20,27.29,utilities,debit,EUR,failed
TXN-00001687,CUST-000069,2025-03-12,92.67,grocery,debit,EUR,failed
TXN-00001688,CUST-000536,2025-06-09,20.8,utilities,debit,GBP,failed
TXN-00001689,CUST-000879,2025-10-12,10.73,dining,debit,USD,failed
TXN-00001690,CUST-000273,2025-01-23,35.82,travel,transfer,USD,completed
TXN-00001691,CUST-000536,2024-10-08,23.53,travel,transfer,GBP,pending
TXN-00001692,CUST-000476,2024-10-19,10.77,dining,debit,EUR,completed
TXN-00001693,CUST-000103,2025-12-22,35.66,dining,credit,GBP,completed
TXN-00001694,CUST-000596,2026-01-29,12.01,utilities,credit,GBP,completed
TXN-00001695,CUST-000604,2025-05-05,98.33,dining,debit,EUR,pending
TXN-00001696,CUST-000616,2025-11-28,14.11,electronics,transfer,EUR,failed
TXN-00001697,CUST-000291,2025-08-02,80.21,entertainment,transfer,USD,pending
TXN-00001698,CUST-000282,2026-03-06,54.12,utilities,credit,USD,completed
TXN-00001699,CUST-000500,2025-12-08,33.99,travel,debit,EUR,failed
TXN-00001700,CUST-000312,2025-07-03,16.6,entertainment,debit,USD,completed
TXN-00001701,CUST-000782,2026-03-26,19.47,electronics,credit,GBP,pending
TXN-00001702,CUST-000106,2026-06-20,9.86,electronics,debit,USD,pending
TXN-00001703,CUST-000805,2026-03-27,19.4,utilities,debit,EUR,failed
TXN-00001704,CUST-000486,2026-01-16,89.76,entertainment,transfer,EUR,completed
TXN-00001705,CUST-000956,2025-05-16,68.68,electronics,credit,GBP,pending
TXN-00001706,CUST-000850,2026-04-29,61.04,dining,transfer,EUR,pending
TXN-00001707,CUST-000006,2025-07-25,60.58,dining,credit,GBP,completed
TXN-00001708,CUST-000999,2025-05-23,30.52,entertainment,transfer,USD,completed
TXN-00001709,CUST-000678,2025-09-22,50.48,electronics,debit,EUR,pending
TXN-00001710,CUST-000810,2024-11-07,22.98,utilities,debit,USD,failed
TXN-00001711,CUST-000516,2025-08-08,29.57,grocery,debit,USD,pending
TXN-00001712,CUST-000741,2026-01-29,29.96,dining,debit,GBP,pending
TXN-00001713,CUST-000705,2025-04-15,37.55,grocery,transfer,EUR,pending
TXN-00001714,CUST-000551,2025-11-19,3.17,grocery,credit,USD,failed
TXN-00001715,CUST-000076,2025-10-10,11.34,dining,debit,USD,failed
TXN-00001716,CUST-000307,2025-03-23,41.77,dining,debit,EUR,failed
TXN-00001717,CUST-000560,2026-05-13,53.94,healthcare,credit,GBP,completed
TXN-00001718,CUST-000144,2026-06-16,49.44,entertainment,transfer,GBP,failed
TXN-00001719,CUST-000322,2024-09-28,88.44,entertainment,credit,GBP,completed
TXN-00001720,CUST-000189,2025-04-30,24.1,electronics,credit,USD,failed
TXN-00001721,CUST-000995,2025-03-06,48.24,utilities,debit,USD,completed
TXN-00001722,CUST-000658,2025-11-06,27.04,dining,debit,GBP,completed
TXN-00001723,CUST-000935,2025-08-22,96.79,healthcare,credit,USD,failed
TXN-00001724,CUST-000895,2025-08-29,232.9,dining,credit,GBP,pending
TXN-00001725,CUST-000650,2025-10-15,9.33,grocery,transfer,USD,failed
TXN-00001726,CUST-000867,2025-08-09,102.74,dining,transfer,GBP,completed
TXN-00001727,CUST-000770,2026-08-06,74.91,utilities,debit,GBP,pending
TXN-00001728,CUST-000075,2025-07-16,11.84,dining,transfer,GBP,failed
TXN-00001729,CUST-000840,2025-03-14,27.34,healthcare,credit,USD,completed
TXN-00001730,CUST-000231,2025-02-25,24.85,entertainment,debit,GBP,failed
TXN-00001731,CUST-000787,2024-12-07,21.35,utilities,debit,GBP,pending
TXN-00001732,CUST-000915,2025-06-19,20.23,grocery,transfer,GBP,completed
TXN-00001733,CUST-000799,2025-12-23,15.1,grocery,credit,EUR,completed
TXN-00001734,CUST-000674,2025-09-16,18.67,dining,credit,USD,completed
TXN-00001735,CUST-000791,2025-12-27,26.31,dining,debit,EUR,completed
TXN-00001736,CUST-000455,2025-06-06,29.81,entertainment,credit,GBP,completed
TXN-00001737,CUST-000096,2025-10-25,122.18,healthcare,transfer,GBP,completed
TXN-00001738,CUST-000167,2025-10-16,49.42,dining,transfer,GBP,pending
TXN-00001739,CUST-000768,2025-09-03,105.89,travel,debit,GBP,pending
TXN-00001740,CUST-000490,2026-03-03,22.69,dining,debit,USD,pending
TXN-00001741,CUST-000823,2025-01-24,1.9,grocery,credit,EUR,pending
TXN-00001742,CUST-000857,2025-08-27,43.41,utilities,debit,GBP,failed
TXN-00001743,CUST-000830,2026-03-04,24.87,electronics,transfer,GBP,pending
TXN-00001744,CUST-000047,2025-02-25,17.18,healthcare,debit,USD,failed
TXN-00001745,CUST-000160,2024-09-22,13.05,grocery,debit,GBP,completed
TXN-00001746,CUST-000888,2026-03-16,52.75,healthcare,credit,USD,pending
TXN-00001747,CUST-000177,2024-11-18,13.1,travel,transfer,GBP,completed
TXN-00001748,CUST-000374,2025-06-07,13.17,electronics,credit,GBP,pending
TXN-00001749,CUST-000931,2026-07-10,114.36,grocery,debit,EUR,completed
TXN-00001750,CUST-000911,2025-01-02,28.42,travel,credit,USD,failed
TXN-00001751,CUST-000387,2024-09-04,121.31,travel,debit,USD,completed
TXN-00001752,CUST-000358,2024-12-04,4.45,entertainment,transfer,EUR,completed
TXN-00001753,CUST-000878,2026-05-03,48.93,electronics,credit,EUR,pending
TXN-00001754,CUST-000132,2025-02-11,19.52,healthcare,transfer,GBP,completed
TXN-00001755,CUST-000490,2024-09-17,31.23,healthcare,debit,USD,completed
TXN-00001756,CUST-000528,2024-10-12,21.97,grocery,transfer,EUR,pending
TXN-00001757,CUST-000909,2025-12-29,40.87,electronics,debit,GBP,failed
TXN-00001758,CUST-000309,2026-08-08,53.59,healthcare,credit,USD,pending
TXN-00001759,CUST-000433,2026-03-30,27.08,utilities,debit,GBP,pending
TXN-00001760,CUST-000648,2025-01-29,19.91,grocery,debit,USD,pending
TXN-00001761,CUST-000331,2026-03-31,9.11,entertainment,credit,USD,failed
TXN-00001762,CUST-000891,2026-05-25,92.66,dining,debit,EUR,failed
TXN-00001763,CUST-000270,2024-10-26,35.57,electronics,transfer,GBP,pending
TXN-00001764,CUST-000346,2024-10-28,6.02,entertainment,transfer,EUR,failed
TXN-00001765,CUST-000099,2026-05-05,47.02,healthcare,credit,USD,pending
TXN-00001766,CUST-000437,2025-02-16,17.05,dining,debit,USD,failed
TXN-00001767,CUST-000730,2024-08-23,3.62,electronics,credit,EUR,failed
TXN-00001768,CUST-000963,2025-04-23,33.47,healthcare,debit,USD,failed
TXN-00001769,CUST-000228,2025-08-09,53.12,utilities,credit,GBP,failed
TXN-00001770,CUST-000799,2025-04-01,39.33,electronics,transfer,USD,failed
TXN-00001771,CUST-000970,2025-08-25,7.65,utilities,transfer,GBP,completed
TXN-00001772,CUST-000864,2025-03-29,115.42,dining,debit,EUR,completed
TXN-00001773,CUST-000983,2024-11-13,97.0,dining,transfer,EUR,pending
TXN-00001774,CUST-000480,2025-03-07,13.77,electronics,debit,USD,pending
TXN-00001775,CUST-000726,2024-11-28,37.01,utilities,transfer,GBP,completed
TXN-00001776,CUST-000061,2025-05-22,49.77,dining,debit,USD,pending
TXN-00001777,CUST-000806,2025-04-16,14.81,healthcare,debit,USD,pending
TXN-00001778,CUST-000073,2025-02-26,14.52,utilities,transfer,GBP,failed
TXN-00001779,CUST-000156,2025-06-05,20.68,electronics,credit,USD,failed
TXN-00001780,CUST-000121,2025-07-08,35.15,entertainment,transfer,GBP,pending
TXN-00001781,CUST-000238,2025-02-08,45.33,grocery,transfer,GBP,failed
TXN-00001782,CUST-000466,2025-07-06,115.15,electronics,debit,EUR,pending
TXN-00001783,CUST-000116,2026-07-06,44.85,travel,transfer,GBP,pending
TXN-00001784,CUST-000777,2025-01-09,18.16,grocery,transfer,GBP,failed
TXN-00001785,CUST-000886,2024-09-30,7.81,utilities,credit,GBP,pending
TXN-00001786,CUST-000432,2025-07-05,44.12,utilities,credit,EUR,completed
TXN-00001787,CUST-000014,2025-09-30,16.46,healthcare,credit,GBP,pending
TXN-00001788,CUST-000107,2025-09-11,31.74,healthcare,credit,GBP,failed
TXN-00001789,CUST-000892,2025-11-26,85.22,healthcare,debit,GBP,failed
TXN-00001790,CUST-000977,2025-07-07,48.34,healthcare,credit,EUR,failed
TXN-00001791,CUST-000763,2026-06-15,28.44,entertainment,transfer,USD,pending
TXN-00001792,CUST-000833,2025-12-01,170.51,dining,transfer,USD,completed
TXN-00001793,CUST-000581,2025-04-04,10.12,electronics,debit,EUR,pending
TXN-00001794,CUST-000822,2026-07-17,10.06,electronics,credit,GBP,pending
TXN-00001795,CUST-000361,2026-07-07,30.64,dining,transfer,GBP,pending
TXN-00001796,CUST-000788,2026-06-07,55.13,entertainment,transfer,GBP,pending
TXN-00001797,CUST-000759,2025-06-19,26.9,entertainment,debit,EUR,completed
TXN-00001798,CUST-000342,2026-05-10,21.32,entertainment,debit,EUR,pending
TXN-00001799,CUST-000104,2025-12-01,23.55,utilities,debit,EUR,completed
TXN-00001800,CUST-000272,2025-01-03,85.58,electronics,credit,EUR,completed
TXN-00001801,CUST-000983,2026-04-14,17.86,healthcare,transfer,GBP,failed
TXN-00001802,CUST-000304,2026-01-10,71.04,dining,transfer,GBP,completed
TXN-00001803,CUST-000204,2025-10-02,58.32,electronics,transfer,EUR,pending
TXN-00001804,CUST-000137,2026-01-09,70.32,healthcare,debit,EUR,completed
TXN-00001805,CUST-000454,2026-02-03,59.95,travel,transfer,EUR,completed
TXN-00001806,CUST-000507,2025-06-23,9.58,travel,debit,USD,pending
TXN-00001807,CUST-000664,2025-02-06,54.61,electronics,debit,USD,failed
TXN-00001808,CUST-000495,2025-07-13,73.12,healthcare,transfer,USD,pending
TXN-00001809,CUST-000191,2025-09-02,103.47,utilities,transfer,EUR,failed
TXN-00001810,CUST-000268,2024-11-18,58.29,electronics,credit,USD,pending
TXN-00001811,CUST-000554,2026-06-29,35.17,entertainment,transfer,GBP,pending
TXN-00001812,CUST-000549,2025-05-17,8.78,healthcare,debit,GBP,pending
TXN-00001813,CUST-000735,2024-09-10,58.43,electronics,transfer,USD,pending
TXN-00001814,CUST-000634,2024-11-05,26.88,grocery,debit,USD,failed
TXN-00001815,CUST-000460,2025-10-31,36.09,electronics,credit,GBP,completed
TXN-00001816,CUST-000066,2025-10-08,43.26,utilities,credit,GBP,pending
TXN-00001817,CUST-000971,2024-10-28,41.92,entertainment,debit,EUR,completed
TXN-00001818,CUST-000678,2026-04-01,28.72,utilities,credit,EUR,completed
TXN-00001819,CUST-000584,2026-01-27,76.12,dining,debit,GBP,failed
TXN-00001820,CUST-000601,2024-11-10,55.84,electronics,transfer,USD,completed
TXN-00001821,CUST-000629,2026-04-29,11.92,travel,transfer,USD,completed
TXN-00001822,CUST-000616,2026-06-21,25.67,dining,transfer,GBP,failed
TXN-00001823,CUST-000397,2025-03-20,65.13,dining,debit,EUR,completed
TXN-00001824,CUST-000099,2025-07-17,24.17,dining,credit,EUR,completed
TXN-00001825,CUST-000189,2026-01-04,21.95,electronics,transfer,GBP,completed
TXN-00001826,CUST-000348,2024-12-08,30.78,electronics,debit,GBP,completed
TXN-00001827,CUST-000571,2024-12-29,12.61,travel,debit,GBP,completed
TXN-00001828,CUST-000005,2026-03-17,23.51,entertainment,transfer,GBP,pending
TXN-00001829,CUST-000880,2025-12-21,48.1,healthcare,debit,EUR,completed
TXN-00001830,CUST-000894,2025-09-04,44.59,electronics,transfer,USD,pending
TXN-00001831,CUST-000724,2024-11-16,34.96,dining,debit,GBP,completed
TXN-00001832,CUST-000958,2025-08-26,113.21,grocery,credit,EUR,completed
TXN-00001833,CUST-000358,2025-04-29,61.12,travel,debit,EUR,completed
TXN-00001834,CUST-000618,2024-11-01,9.75,electronics,credit,GBP,failed
TXN-00001835,CUST-000852,2026-07-15,25.12,grocery,transfer,GBP,completed
TXN-00001836,CUST-000347,2025-07-08,22.07,entertainment,credit,USD,pending
TXN-00001837,CUST-000043,2025-06-21,3.22,dining,transfer,GBP,failed
TXN-00001838,CUST-000102,2025-09-24,368.94,healthcare,transfer,GBP,failed
TXN-00001839,CUST-000535,2026-04-12,24.04,travel,credit,EUR,completed
TXN-00001840,CUST-000459,2026-05-17,55.23,utilities,credit,EUR,pending
TXN-00001841,CUST-000387,2024-09-12,9.61,healthcare,credit,EUR,pending
TXN-00001842,CUST-000806,2026-03-25,167.58,utilities,debit,GBP,completed
TXN-00001843,CUST-000193,2024-08-10,80.23,healthcare,transfer,GBP,failed
TXN-00001844,CUST-000178,2025-11-29,69.53,healthcare,debit,USD,pending
TXN-00001845,CUST-000395,2026-06-19,34.47,electronics,transfer,GBP,completed
TXN-00001846,CUST-000933,2026-04-20,16.09,travel,debit,GBP,pending
TXN-00001847,CUST-000075,2026-03-25,59.26,healthcare,transfer,GBP,completed
TXN-00001848,CUST-000047,2025-10-25,68.69,utilities,debit,EUR,completed
TXN-00001849,CUST-000927,2024-09-19,4.89,entertainment,credit,USD,pending
TXN-00001850,CUST-000847,2026-03-06,28.24,healthcare,debit,GBP,failed
TXN-00001851,CUST-000265,2025-11-04,82.12,healthcare,transfer,GBP,pending
TXN-00001852,CUST-000210,2026-04-25,86.58,grocery,credit,EUR,pending
TXN-00001853,CUST-000285,2026-01-31,59.16,entertainment,credit,EUR,failed
TXN-00001854,CUST-000011,2026-05-01,44.14,utilities,credit,USD,failed
TXN-00001855,CUST-000707,2026-04-11,11.6,grocery,debit,EUR,completed
TXN-00001856,CUST-000188,2024-12-23,35.19,utilities,credit,GBP,failed
TXN-00001857,CUST-000953,2026-07-07,48.15,electronics,credit,GBP,pending
TXN-00001858,CUST-000112,2025-07-06,59.86,travel,debit,GBP,pending
TXN-00001859,CUST-000206,2024-10-20,31.57,travel,debit,EUR,completed
TXN-00001860,CUST-000086,2024-11-10,212.99,travel,credit,GBP,pending
TXN-00001861,CUST-000449,2026-02-26,59.52,entertainment,debit,GBP,failed
TXN-00001862,CUST-000786,2026-03-17,45.73,grocery,debit,EUR,pending
TXN-00001863,CUST-000944,2025-11-16,14.47,utilities,debit,EUR,pending
TXN-00001864,CUST-000157,2025-09-30,114.47,travel,debit,GBP,completed
TXN-00001865,CUST-000344,2025-11-14,48.74,entertainment,credit,USD,completed
TXN-00001866,CUST-000617,2026-05-27,36.18,travel,transfer,EUR,completed
TXN-00001867,CUST-000115,2026-01-24,50.89,healthcare,debit,GBP,failed
TXN-00001868,CUST-000174,2025-05-14,52.11,grocery,debit,USD,failed
TXN-00001869,CUST-000240,2026-04-03,12.31,healthcare,debit,USD,failed
TXN-00001870,CUST-000037,2026-03-27,36.39,utilities,credit,GBP,failed
TXN-00001871,CUST-000396,2026-01-18,15.22,dining,transfer,USD,failed
TXN-00001872,CUST-000503,2025-06-08,41.93,utilities,credit,EUR,completed
TXN-00001873,CUST-000466,2024-12-19,35.81,travel,credit,GBP,failed
TXN-00001874,CUST-000179,2024-09-03,93.61,electronics,debit,EUR,failed
TXN-00001875,CUST-000022,2025-05-20,28.97,grocery,credit,EUR,failed
TXN-00001876,CUST-000901,2025-06-14,35.65,dining,debit,GBP,pending
TXN-00001877,CUST-000214,2025-01-13,94.41,dining,credit,GBP,pending
TXN-00001878,CUST-000455,2026-03-09,105.35,electronics,credit,GBP,pending
TXN-00001879,CUST-000137,2025-10-21,48.71,travel,transfer,USD,failed
TXN-00001880,CUST-000200,2026-07-29,61.1,dining,transfer,EUR,pending
TXN-00001881,CUST-000660,2025-04-22,21.4,dining,debit,GBP,failed
TXN-00001882,CUST-000464,2025-08-24,6.42,entertainment,transfer,EUR,completed
TXN-00001883,CUST-000205,2025-03-06,13.93,travel,transfer,EUR,failed
TXN-00001884,CUST-000443,2026-01-24,15.06,utilities,debit,EUR,failed
TXN-00001885,CUST-000684,2025-05-15,96.96,utilities,credit,GBP,completed
TXN-00001886,CUST-000155,2025-04-01,26.34,entertainment,transfer,USD,pending
TXN-00001887,CUST-000324,2025-12-13,62.81,healthcare,transfer,GBP,completed
TXN-00001888,CUST-000693,2024-10-13,70.7,grocery,credit,EUR,completed
TXN-00001889,CUST-000762,2025-02-26,18.01,entertainment,debit,EUR,failed
TXN-00001890,CUST-000932,2025-01-26,29.64,travel,credit,EUR,completed
TXN-00001891,CUST-000822,2025-11-21,77.97,travel,debit,EUR,completed
TXN-00001892,CUST-000546,2025-03-25,85.95,healthcare,transfer,GBP,pending
TXN-00001893,CUST-000717,2026-06-29,43.1,dining,debit,USD,completed
TXN-00001894,CUST-000902,2025-10-17,25.45,travel,debit,GBP,failed
TXN-00001895,CUST-000838,2025-08-28,23.62,healthcare,debit,EUR,completed
TXN-00001896,CUST-000994,2025-03-03,31.99,electronics,credit,USD,pending
TXN-00001897,CUST-000071,2025-12-12,10.19,utilities,credit,USD,completed
TXN-00001898,CUST-000958,2026-05-23,110.62,utilities,credit,EUR,failed
TXN-00001899,CUST-000812,2024-09-21,66.89,grocery,transfer,GBP,pending
TXN-00001900,CUST-000174,2026-05-16,25.85,healthcare,credit,GBP,completed
TXN-00001901,CUST-000502,2025-08-29,24.56,utilities,debit,GBP,pending
TXN-00001902,CUST-000270,2024-12-24,29.27,grocery,credit,GBP,failed
TXN-00001903,CUST-000470,2026-07-02,45.97,grocery,debit,GBP,completed
TXN-00001904,CUST-000753,2024-09-13,38.28,travel,credit,EUR,pending
TXN-00001905,CUST-000037,2025-02-28,47.81,dining,credit,EUR,failed
TXN-00001906,CUST-000875,2024-08-18,107.48,utilities,credit,USD,pending
TXN-00001907,CUST-000737,2026-07-06,22.08,electronics,credit,USD,pending
TXN-00001908,CUST-000941,2025-10-20,111.29,electronics,transfer,USD,completed
TXN-00001909,CUST-000831,2026-01-29,21.57,grocery,debit,GBP,completed
TXN-00001910,CUST-000798,2025-02-04,105.85,electronics,transfer,USD,completed
TXN-00001911,CUST-000597,2024-12-20,127.17,dining,transfer,EUR,failed
TXN-00001912,CUST-000109,2024-09-16,39.0,travel,debit,GBP,completed
TXN-00001913,CUST-000191,2025-10-09,14.16,healthcare,debit,EUR,completed
TXN-00001914,CUST-000726,2026-06-26,18.08,utilities,transfer,USD,pending
TXN-00001915,CUST-000190,2025-09-25,33.49,travel,credit,USD,failed
TXN-00001916,CUST-000590,2026-03-09,44.76,travel,credit,USD,completed
TXN-00001917,CUST-000405,2024-08-25,52.22,healthcare,credit,GBP,failed
TXN-00001918,CUST-000293,2025-02-17,19.76,electronics,transfer,USD,failed
TXN-00001919,CUST-000008,2024-08-10,8.27,grocery,debit,USD,pending
TXN-00001920,CUST-000353,2026-06-17,61.29,utilities,transfer,EUR,completed
TXN-00001921,CUST-000763,2025-01-02,47.06,entertainment,credit,GBP,failed
TXN-00001922,CUST-000621,2024-08-25,43.03,electronics,transfer,EUR,pending
TXN-00001923,CUST-000367,2025-11-04,62.79,dining,credit,EUR,pending
TXN-00001924,CUST-000560,2025-07-16,37.53,electronics,credit,EUR,pending
TXN-00001925,CUST-000333,2024-10-17,110.88,dining,credit,USD,completed
TXN-00001926,CUST-000756,2025-09-19,59.89,grocery,debit,EUR,pending
TXN-00001927,CUST-000892,2025-01-27,44.79,grocery,credit,GBP,completed
TXN-00001928,CUST-000155,2025-04-05,38.72,grocery,debit,EUR,pending
TXN-00001929,CUST-000154,2025-12-24,22.38,dining,credit,USD,pending
TXN-00001930,CUST-000850,2026-06-25,132.45,travel,debit,EUR,failed
TXN-00001931,CUST-000742,2024-11-10,33.05,entertainment,debit,EUR,failed
TXN-00001932,CUST-000062,2026-05-05,26.44,electronics,transfer,EUR,failed
TXN-00001933,CUST-000297,2025-07-21,11.91,dining,debit,EUR,pending
TXN-00001934,CUST-000014,2025-11-21,24.01,healthcare,credit,GBP,completed
TXN-00001935,CUST-000614,2025-07-31,16.31,utilities,credit,GBP,completed
TXN-00001936,CUST-000379,2025-04-24,39.26,grocery,credit,EUR,pending
TXN-00001937,CUST-000253,2025-02-12,18.32,travel,credit,GBP,pending
TXN-00001938,CUST-000806,2025-05-25,20.97,entertainment,credit,GBP,completed
TXN-00001939,CUST-000924,2025-06-23,15.57,utilities,transfer,USD,failed
TXN-00001940,CUST-000608,2025-06-28,74.01,travel,credit,GBP,pending
TXN-00001941,CUST-000912,2025-07-21,8.6,grocery,credit,USD,failed
TXN-00001942,CUST-000330,2025-01-19,10.71,healthcare,transfer,EUR,completed
TXN-00001943,CUST-000461,2025-03-30,27.44,entertainment,credit,GBP,completed
TXN-00001944,CUST-000373,2025-09-19,12.83,electronics,credit,GBP,pending
TXN-00001945,CUST-000576,2024-10-25,16.98,electronics,credit,EUR,failed
TXN-00001946,CUST-000905,2025-07-16,43.96,utilities,debit,GBP,failed
TXN-00001947,CUST-000124,2024-10-18,24.57,travel,transfer,GBP,pending
TXN-00001948,CUST-000255,2026-06-03,66.12,entertainment,debit,EUR,pending
TXN-00001949,CUST-000210,2025-05-31,79.5,grocery,credit,EUR,completed
TXN-00001950,CUST-000458,2024-10-24,48.84,healthcare,credit,EUR,completed
TXN-00001951,CUST-000960,2026-05-21,21.56,utilities,transfer,EUR,pending
TXN-00001952,CUST-000167,2025-02-04,39.46,grocery,debit,USD,pending
TXN-00001953,CUST-000566,2025-01-13,31.92,entertainment,transfer,EUR,failed
TXN-00001954,CUST-000027,2026-02-23,54.61,dining,debit,EUR,failed
TXN-00001955,CUST-000857,2026-02-03,90.32,electronics,transfer,GBP,completed
TXN-00001956,CUST-000905,2024-11-09,35.09,utilities,debit,EUR,completed
TXN-00001957,CUST-000950,2025-02-18,55.82,travel,debit,EUR,pending
TXN-00001958,CUST-000347,2025-07-12,13.8,grocery,credit,EUR,failed
TXN-00001959,CUST-000064,2024-09-14,36.4,dining,transfer,USD,failed
TXN-00001960,CUST-000843,2024-11-17,16.27,travel,debit,EUR,completed
TXN-00001961,CUST-000246,2024-09-27,55.67,grocery,debit,USD,completed
TXN-00001962,CUST-000978,2024-09-20,91.66,electronics,credit,GBP,failed
TXN-00001963,CUST-000406,2025-11-20,32.06,utilities,credit,GBP,completed
TXN-00001964,CUST-000042,2025-01-06,15.96,electronics,transfer,USD,failed
TXN-00001965,CUST-000903,2025-02-10,5.56,travel,credit,USD,completed
TXN-00001966,CUST-000550,2026-04-24,41.66,electronics,transfer,EUR,completed
TXN-00001967,CUST-000855,2025-11-16,11.66,electronics,debit,EUR,pending
TXN-00001968,CUST-000403,2025-09-28,15.94,grocery,credit,GBP,failed
TXN-00001969,CUST-000688,2025-06-23,34.03,travel,debit,USD,pending
TXN-00001970,CUST-000824,2025-07-19,6.16,utilities,transfer,EUR,failed
TXN-00001971,CUST-000691,2026-04-24,12.63,electronics,credit,EUR,completed
TXN-00001972,CUST-000664,2025-09-06,49.38,entertainment,credit,USD,failed
TXN-00001973,CUST-000025,2025-10-30,23.74,travel,credit,USD,pending
TXN-00001974,CUST-000970,2026-05-17,97.31,dining,credit,GBP,completed
TXN-00001975,CUST-000943,2025-08-11,32.27,electronics,transfer,USD,completed
TXN-00001976,CUST-000632,2026-05-21,13.81,utilities,debit,EUR,failed
TXN-00001977,CUST-000898,2026-03-24,25.99,utilities,debit,EUR,completed
TXN-00001978,CUST-000921,2025-07-19,18.04,dining,debit,USD,failed
TXN-00001979,CUST-000763,2025-01-12,20.02,utilities,debit,EUR,failed
TXN-00001980,CUST-000712,2026-05-16,36.89,utilities,transfer,EUR,completed
TXN-00001981,CUST-000749,2025-09-24,46.32,dining,transfer,EUR,completed
TXN-00001982,CUST-000039,2026-04-07,32.43,dining,debit,USD,failed
TXN-00001983,CUST-000919,2025-10-22,55.39,electronics,transfer,EUR,completed
TXN-00001984,CUST-000822,2025-10-23,12.53,entertainment,debit,USD,failed
TXN-00001985,CUST-000459,2024-09-08,7.91,entertainment,credit,GBP,failed
TXN-00001986,CUST-000501,2025-07-02,135.47,utilities,debit,EUR,pending
TXN-00001987,CUST-000091,2024-10-28,42.41,dining,transfer,USD,pending
TXN-00001988,CUST-000675,2025-10-20,35.96,utilities,credit,EUR,completed
TXN-00001989,CUST-000595,2024-11-24,25.71,electronics,credit,USD,failed
TXN-00001990,CUST-000770,2025-06-26,172.1,dining,credit,EUR,completed
TXN-00001991,CUST-000617,2025-10-20,22.36,electronics,transfer,EUR,pending
TXN-00001992,CUST-000772,2025-09-26,39.19,grocery,credit,GBP,failed
TXN-00001993,CUST-000149,2026-03-06,44.47,entertainment,transfer,USD,failed
TXN-00001994,CUST-000143,2025-03-26,69.28,entertainment,credit,USD,failed
TXN-00001995,CUST-000558,2025-12-09,43.4,travel,transfer,GBP,pending
TXN-00001996,CUST-000501,2024-10-10,81.65,dining,transfer,GBP,pending
TXN-00001997,CUST-000225,2025-03-06,50.53,utilities,debit,USD,failed
TXN-00001998,CUST-000660,2024-12-18,22.56,entertainment,debit,GBP,completed
TXN-00001999,CUST-000915,2026-03-08,74.68,grocery,credit,USD,completed
TXN-00002000,CUST-000712,2024-10-12,74.8,dining,credit,USD,failed
TXN-00002001,CUST-000654,2026-06-26,17.49,entertainment,transfer,USD,completed
TXN-00002002,CUST-000260,2024-12-22,30.76,electronics,transfer,EUR,completed
TXN-00002003,CUST-000715,2024-12-15,40.6,electronics,debit,EUR,pending
TXN-00002004,CUST-000635,2026-04-09,41.93,healthcare,transfer,USD,failed
TXN-00002005,CUST-000504,2026-01-06,122.65,electronics,debit,EUR,failed
TXN-00002006,CUST-000485,2026-04-26,74.02,healthcare,debit,EUR,failed
TXN-00002007,CUST-000602,2026-01-17,42.7,utilities,credit,USD,pending
TXN-00002008,CUST-000040,2025-04-02,15.51,grocery,debit,USD,failed
TXN-00002009,CUST-000851,2024-10-11,25.85,travel,transfer,EUR,completed
TXN-00002010,CUST-000331,2024-08-10,10.26,entertainment,credit,USD,failed
TXN-00002011,CUST-000421,2025-02-25,49.15,grocery,transfer,EUR,completed
TXN-00002012,CUST-000515,2025-02-07,18.12,healthcare,credit,GBP,failed
TXN-00002013,CUST-000742,2025-05-22,7.43,utilities,transfer,EUR,completed
TXN-00002014,CUST-000924,2026-05-10,21.06,grocery,credit,GBP,pending
TXN-00002015,CUST-000437,2025-05-21,17.57,entertainment,debit,USD,pending
TXN-00002016,CUST-000498,2025-03-08,18.88,utilities,transfer,USD,pending
TXN-00002017,CUST-000045,2025-01-08,23.35,entertainment,transfer,GBP,pending
TXN-00002018,CUST-000235,2024-12-03,153.21,grocery,debit,USD,completed
TXN-00002019,CUST-000136,2026-02-27,38.6,electronics,transfer,EUR,completed
TXN-00002020,CUST-000726,2026-03-21,37.07,utilities,transfer,USD,pending
TXN-00002021,CUST-000486,2025-06-09,10.64,utilities,credit,USD,completed
TXN-00002022,CUST-000090,2024-10-14,23.89,travel,debit,USD,completed
TXN-00002023,CUST-000166,2024-11-23,16.48,travel,credit,GBP,failed
TXN-00002024,CUST-000383,2025-12-25,38.51,entertainment,transfer,USD,failed
TXN-00002025,CUST-000424,2026-07-25,18.47,utilities,transfer,EUR,completed
TXN-00002026,CUST-000381,2026-01-07,6.75,healthcare,transfer,USD,pending
TXN-00002027,CUST-000902,2025-11-12,62.06,travel,credit,USD,completed
TXN-00002028,CUST-000680,2025-07-12,30.99,grocery,debit,EUR,failed
TXN-00002029,CUST-000649,2024-11-25,113.72,grocery,debit,GBP,completed
TXN-00002030,CUST-000879,2026-06-11,36.51,grocery,credit,GBP,completed
TXN-00002031,CUST-000580,2026-07-09,9.65,dining,transfer,EUR,completed
TXN-00002032,CUST-000848,2025-05-25,23.41,dining,debit,EUR,pending
TXN-00002033,CUST-000029,2025-08-08,7.08,electronics,credit,EUR,failed
TXN-00002034,CUST-000857,2025-03-29,8.77,entertainment,transfer,EUR,failed
TXN-00002035,CUST-000893,2025-07-11,50.2,healthcare,transfer,EUR,pending
TXN-00002036,CUST-000792,2024-09-11,7.71,dining,debit,GBP,completed
TXN-00002037,CUST-000722,2025-11-09,62.12,utilities,debit,EUR,pending
TXN-00002038,CUST-000403,2026-05-29,14.02,electronics,credit,GBP,failed
TXN-00002039,CUST-000335,2026-06-11,30.55,entertainment,transfer,GBP,failed
TXN-00002040,CUST-000574,2026-06-12,144.32,utilities,transfer,USD,pending
TXN-00002041,CUST-000346,2025-03-29,11.02,electronics,transfer,GBP,failed
TXN-00002042,CUST-000647,2025-07-26,39.17,electronics,debit,GBP,completed
TXN-00002043,CUST-000357,2024-09-18,16.46,electronics,credit,GBP,pending
TXN-00002044,CUST-000686,2026-06-08,84.99,entertainment,debit,GBP,pending
TXN-00002045,CUST-000195,2024-12-23,49.51,healthcare,transfer,EUR,completed
TXN-00002046,CUST-000818,2026-02-07,29.76,grocery,transfer,GBP,pending
TXN-00002047,CUST-000654,2025-01-14,13.96,utilities,credit,USD,failed
TXN-00002048,CUST-000830,2024-08-18,32.93,dining,transfer,EUR,failed
TXN-00002049,CUST-000471,2025-10-11,35.17,healthcare,debit,EUR,completed
TXN-00002050,CUST-000990,2026-05-27,22.71,dining,debit,USD,completed
TXN-00002051,CUST-000832,2025-12-07,38.81,healthcare,credit,USD,pending
TXN-00002052,CUST-000053,2025-01-09,32.59,dining,credit,EUR,completed
TXN-00002053,CUST-000144,2026-07-22,16.69,entertainment,debit,USD,completed
TXN-00002054,CUST-000285,2025-04-15,10.39,travel,debit,GBP,failed
TXN-00002055,CUST-000434,2026-01-24,36.32,electronics,transfer,GBP,pending
TXN-00002056,CUST-000292,2025-06-14,29.22,healthcare,transfer,GBP,pending
TXN-00002057,CUST-000951,2026-07-08,52.12,travel,debit,GBP,failed
TXN-00002058,CUST-000325,2026-06-20,51.15,entertainment,credit,USD,failed
TXN-00002059,CUST-000632,2026-05-16,42.67,electronics,credit,USD,completed
TXN-00002060,CUST-000253,2025-03-03,60.85,dining,transfer,USD,completed
TXN-00002061,CUST-000940,2025-05-05,21.54,travel,transfer,EUR,pending
TXN-00002062,CUST-000594,2025-06-06,30.08,entertainment,debit,EUR,failed
TXN-00002063,CUST-000455,2025-07-24,24.47,dining,transfer,EUR,completed
TXN-00002064,CUST-000555,2025-09-16,52.33,utilities,credit,EUR,failed
TXN-00002065,CUST-000351,2025-03-21,20.34,healthcare,credit,EUR,failed
TXN-00002066,CUST-000211,2025-07-12,18.39,healthcare,transfer,GBP,pending
TXN-00002067,CUST-000173,2024-08-28,54.52,electronics,credit,EUR,pending
TXN-00002068,CUST-000255,2025-03-07,8.56,grocery,transfer,GBP,completed
TXN-00002069,CUST-000661,2026-03-18,54.33,entertainment,debit,EUR,failed
TXN-00002070,CUST-000354,2025-11-17,27.2,dining,transfer,EUR,pending
TXN-00002071,CUST-000092,2025-01-15,29.02,electronics,credit,EUR,pending
TXN-00002072,CUST-000162,2026-01-10,54.4,entertainment,debit,USD,pending
TXN-00002073,CUST-000374,2026-03-30,14.82,utilities,debit,USD,failed
TXN-00002074,CUST-000713,2025-04-23,36.48,healthcare,credit,EUR,completed
TXN-00002075,CUST-000301,2026-03-07,13.85,entertainment,debit,USD,pending
TXN-00002076,CUST-000320,2026-02-15,127.25,healthcare,transfer,GBP,completed
TXN-00002077,CUST-000296,2025-06-05,102.99,travel,debit,USD,completed
TXN-00002078,CUST-000618,2026-05-01,45.27,grocery,credit,USD,failed
TXN-00002079,CUST-000128,2025-03-04,78.07,electronics,transfer,USD,completed
TXN-00002080,CUST-000547,2026-04-01,72.69,grocery,credit,USD,pending
TXN-00002081,CUST-000526,2024-09-24,78.38,grocery,credit,USD,completed
TXN-00002082,CUST-000050,2025-03-12,25.11,travel,transfer,EUR,failed
TXN-00002083,CUST-000802,2025-06-04,22.16,travel,transfer,USD,failed
TXN-00002084,CUST-000255,2025-01-01,10.21,grocery,debit,EUR,completed
TXN-00002085,CUST-000001,2024-11-04,17.82,dining,transfer,EUR,failed
TXN-00002086,CUST-000555,2025-03-24,29.08,healthcare,credit,GBP,failed
TXN-00002087,CUST-000736,2025-01-04,72.17,electronics,transfer,EUR,completed
TXN-00002088,CUST-000516,2026-07-20,58.1,grocery,debit,USD,failed
TXN-00002089,CUST-000377,2026-02-11,56.29,dining,credit,EUR,pending
TXN-00002090,CUST-000383,2026-03-28,9.26,entertainment,debit,USD,pending
TXN-00002091,CUST-000794,2025-08-19,41.38,entertainment,transfer,GBP,completed
TXN-00002092,CUST-000665,2024-10-26,64.58,travel,debit,USD,pending
TXN-00002093,CUST-000259,2026-01-22,32.01,dining,credit,USD,pending
TXN-00002094,CUST-000134,2026-08-03,29.32,travel,transfer,USD,pending
TXN-00002095,CUST-000384,2025-05-24,10.52,dining,transfer,EUR,completed
TXN-00002096,CUST-000613,2025-12-14,6.82,healthcare,credit,USD,pending
TXN-00002097,CUST-000070,2025-04-27,25.76,healthcare,debit,USD,completed
TXN-00002098,CUST-000150,2026-03-28,71.16,grocery,debit,GBP,completed
TXN-00002099,CUST-000646,2025-04-28,34.11,dining,credit,GBP,pending
TXN-00002100,CUST-000356,2025-10-05,41.83,grocery,transfer,GBP,completed
TXN-00002101,CUST-000905,2025-04-04,28.08,entertainment,transfer,USD,failed
TXN-00002102,CUST-000799,2025-06-05,43.05,healthcare,debit,USD,pending
TXN-00002103,CUST-000339,2024-09-07,49.08,utilities,transfer,EUR,completed
TXN-00002104,CUST-000146,2026-06-17,51.81,healthcare,credit,EUR,pending
TXN-00002105,CUST-000226,2026-06-12,13.44,travel,debit,EUR,failed
TXN-00002106,CUST-000199,2026-06-10,17.29,travel,credit,GBP,failed
TXN-00002107,CUST-000262,2025-01-22,54.84,travel,transfer,EUR,completed
TXN-00002108,CUST-000082,2025-01-15,113.83,electronics,transfer,GBP,pending
TXN-00002109,CUST-000872,2026-02-02,12.42,healthcare,transfer,GBP,failed
TXN-00002110,CUST-000339,2024-11-28,43.29,travel,transfer,GBP,failed
TXN-00002111,CUST-000604,2025-09-28,34.4,healthcare,debit,USD,completed
TXN-00002112,CUST-000445,2025-05-23,32.01,healthcare,credit,EUR,failed
TXN-00002113,CUST-000415,2025-02-22,7.33,entertainment,credit,USD,completed
TXN-00002114,CUST-000569,2025-02-11,5.74,travel,credit,USD,completed
TXN-00002115,CUST-000715,2024-11-18,36.27,utilities,credit,EUR,failed
TXN-00002116,CUST-000340,2024-08-14,23.01,healthcare,credit,GBP,completed
TXN-00002117,CUST-000794,2024-12-02,3.3,dining,credit,EUR,completed
TXN-00002118,CUST-000425,2026-07-18,31.88,electronics,debit,EUR,completed
TXN-00002119,CUST-000499,2024-11-09,92.2,dining,transfer,USD,pending
TXN-00002120,CUST-000441,2024-10-14,64.85,healthcare,debit,EUR,completed
TXN-00002121,CUST-000613,2025-02-18,22.63,grocery,debit,USD,completed
TXN-00002122,CUST-000816,2025-04-23,48.59,dining,credit,USD,failed
TXN-00002123,CUST-000664,2026-06-09,31.79,electronics,credit,GBP,failed
TXN-00002124,CUST-000941,2025-11-14,66.53,healthcare,debit,USD,completed
TXN-00002125,CUST-000915,2026-04-13,24.78,healthcare,debit,USD,failed
TXN-00002126,CUST-000001,2024-12-30,57.18,travel,credit,EUR,completed
TXN-00002127,CUST-000274,2025-11-19,46.21,healthcare,debit,GBP,pending
TXN-00002128,CUST-000142,2025-01-23,7.27,electronics,debit,GBP,failed
TXN-00002129,CUST-000528,2025-05-24,8.1,utilities,credit,USD,pending
TXN-00002130,CUST-000873,2024-09-09,25.42,dining,credit,EUR,failed
TXN-00002131,CUST-000314,2024-09-28,12.65,dining,credit,USD,pending
TXN-00002132,CUST-000683,2024-11-21,24.21,travel,transfer,USD,completed
TXN-00002133,CUST-000082,2025-06-18,21.17,electronics,transfer,USD,failed
TXN-00002134,CUST-000494,2025-01-11,29.93,utilities,transfer,GBP,failed
TXN-00002135,CUST-000747,2024-12-21,226.6,travel,credit,GBP,completed
TXN-00002136,CUST-000373,2026-04-18,18.49,grocery,debit,USD,pending
TXN-00002137,CUST-000399,2024-09-10,14.07,utilities,credit,GBP,pending
TXN-00002138,CUST-000461,2024-10-03,15.67,utilities,credit,GBP,pending
TXN-00002139,CUST-000982,2026-03-08,123.42,utilities,debit,USD,completed
TXN-00002140,CUST-000978,2024-11-29,22.7,electronics,debit,USD,completed
TXN-00002141,CUST-000246,2025-10-13,34.29,electronics,debit,GBP,completed
TXN-00002142,CUST-000428,2024-11-20,24.76,healthcare,credit,EUR,completed
TXN-00002143,CUST-000108,2024-08-19,28.95,healthcare,debit,USD,completed
TXN-00002144,CUST-000341,2026-02-28,188.74,utilities,transfer,EUR,failed
TXN-00002145,CUST-000401,2025-04-29,49.31,dining,transfer,USD,pending
TXN-00002146,CUST-000988,2026-02-12,64.33,healthcare,credit,USD,pending
TXN-00002147,CUST-000341,2025-03-23,71.96,dining,transfer,GBP,completed
TXN-00002148,CUST-000946,2026-07-24,17.81,dining,credit,EUR,failed
TXN-00002149,CUST-000873,2024-12-25,69.69,electronics,debit,GBP,completed
TXN-00002150,CUST-000042,2024-11-27,81.1,healthcare,credit,USD,failed
TXN-00002151,CUST-000890,2025-10-25,43.68,healthcare,transfer,USD,pending
TXN-00002152,CUST-000595,2025-05-04,10.37,electronics,debit,USD,pending
TXN-00002153,CUST-000575,2024-10-10,48.26,utilities,debit,USD,failed
TXN-00002154,CUST-000440,2026-08-01,12.57,utilities,credit,EUR,completed
TXN-00002155,CUST-000928,2025-12-08,22.81,electronics,debit,EUR,pending
TXN-00002156,CUST-000556,2026-06-22,68.6,grocery,debit,USD,completed
TXN-00002157,CUST-000977,2025-09-27,6.59,entertainment,credit,USD,completed
TXN-00002158,CUST-000784,2026-05-26,30.69,entertainment,transfer,EUR,failed
TXN-00002159,CUST-000126,2025-09-19,30.98,entertainment,debit,EUR,completed
TXN-00002160,CUST-000362,2024-08-26,35.98,grocery,transfer,USD,completed
TXN-00002161,CUST-000167,2026-03-19,18.56,entertainment,transfer,GBP,completed
TXN-00002162,CUST-000491,2025-12-15,24.31,dining,credit,USD,failed
TXN-00002163,CUST-000795,2025-12-09,57.01,travel,transfer,GBP,pending
TXN-00002164,CUST-000793,2026-03-23,48.99,utilities,debit,GBP,pending
TXN-00002165,CUST-000571,2024-12-30,60.74,utilities,credit,USD,completed
TXN-00002166,CUST-000038,2024-09-16,31.04,electronics,debit,GBP,pending
TXN-00002167,CUST-000665,2025-09-10,13.68,grocery,credit,EUR,completed
TXN-00002168,CUST-000138,2025-09-05,105.78,healthcare,debit,GBP,completed
TXN-00002169,CUST-000485,2025-01-10,4.44,utilities,credit,USD,failed
TXN-00002170,CUST-000831,2026-08-08,22.99,entertainment,credit,EUR,completed
TXN-00002171,CUST-000880,2025-03-10,142.42,travel,credit,EUR,pending
TXN-00002172,CUST-000077,2025-08-07,92.29,dining,credit,GBP,pending
TXN-00002173,CUST-000417,2025-07-08,14.58,entertainment,debit,GBP,failed
TXN-00002174,CUST-000614,2025-11-06,70.59,grocery,credit,EUR,pending
TXN-00002175,CUST-000910,2024-09-13,9.79,healthcare,debit,USD,completed
TXN-00002176,CUST-000284,2026-07-23,11.24,entertainment,transfer,USD,failed
TXN-00002177,CUST-000563,2025-08-12,65.03,utilities,credit,USD,pending
TXN-00002178,CUST-000771,2025-03-23,78.19,dining,debit,GBP,pending
TXN-00002179,CUST-000276,2025-05-26,48.59,grocery,transfer,USD,completed
TXN-00002180,CUST-000913,2026-07-25,31.2,electronics,credit,GBP,completed
TXN-00002181,CUST-000271,2025-05-10,68.07,electronics,debit,USD,failed
TXN-00002182,CUST-000941,2025-03-21,67.39,utilities,debit,EUR,completed
TXN-00002183,CUST-000747,2025-09-22,46.71,entertainment,transfer,GBP,completed
TXN-00002184,CUST-000418,2025-06-19,7.28,entertainment,debit,EUR,failed
TXN-00002185,CUST-000244,2025-12-21,15.39,utilities,credit,USD,failed
TXN-00002186,CUST-000300,2024-08-11,23.13,healthcare,credit,GBP,pending
TXN-00002187,CUST-000276,2026-07-16,13.62,utilities,transfer,EUR,completed
TXN-00002188,CUST-000118,2025-11-14,28.21,electronics,transfer,USD,failed
TXN-00002189,CUST-000189,2025-01-08,92.57,utilities,debit,USD,failed
TXN-00002190,CUST-000042,2025-06-02,20.24,grocery,transfer,USD,failed
TXN-00002191,CUST-000405,2024-12-02,17.39,grocery,transfer,USD,failed
TXN-00002192,CUST-000216,2025-12-19,191.23,grocery,credit,USD,pending
TXN-00002193,CUST-000212,2025-04-25,30.41,utilities,debit,EUR,pending
TXN-00002194,CUST-000421,2026-01-22,23.43,electronics,credit,GBP,completed
TXN-00002195,CUST-000879,2025-08-29,41.83,electronics,debit,GBP,failed
TXN-00002196,CUST-000249,2025-04-10,25.22,dining,debit,EUR,completed
TXN-00002197,CUST-000444,2024-12-18,31.4,entertainment,debit,GBP,pending
TXN-00002198,CUST-000537,2026-03-06,20.22,electronics,debit,EUR,pending
TXN-00002199,CUST-000182,2025-06-16,29.88,entertainment,transfer,USD,failed
TXN-00002200,CUST-000466,2025-09-29,18.41,dining,debit,GBP,pending
TXN-00002201,CUST-000860,2026-03-10,31.43,travel,credit,USD,pending
TXN-00002202,CUST-000927,2025-05-10,45.78,healthcare,transfer,GBP,completed
TXN-00002203,CUST-000113,2025-09-25,19.95,electronics,transfer,USD,pending
TXN-00002204,CUST-000883,2026-04-21,97.84,utilities,credit,USD,completed
TXN-00002205,CUST-000581,2025-01-09,68.84,travel,transfer,GBP,failed
TXN-00002206,CUST-000589,2026-06-06,79.28,travel,transfer,EUR,failed
TXN-00002207,CUST-000004,2024-11-20,164.01,dining,transfer,EUR,completed
TXN-00002208,CUST-000493,2025-07-01,20.66,electronics,transfer,EUR,pending
TXN-00002209,CUST-000713,2026-03-26,90.94,utilities,credit,GBP,failed
TXN-00002210,CUST-000579,2025-07-30,36.5,dining,transfer,USD,completed
TXN-00002211,CUST-000333,2025-11-12,12.95,dining,debit,GBP,pending
TXN-00002212,CUST-000505,2025-03-18,36.73,dining,debit,USD,pending
TXN-00002213,CUST-000423,2026-04-05,39.79,grocery,transfer,GBP,pending
TXN-00002214,CUST-000736,2025-06-05,21.59,electronics,debit,GBP,pending
TXN-00002215,CUST-000124,2025-09-06,39.22,electronics,transfer,GBP,failed
TXN-00002216,CUST-000645,2026-01-14,73.16,dining,transfer,EUR,failed
TXN-00002217,CUST-000172,2026-01-10,67.34,grocery,credit,USD,pending
TXN-00002218,CUST-000909,2025-07-20,25.66,healthcare,debit,GBP,pending
TXN-00002219,CUST-000001,2024-09-17,28.4,electronics,credit,GBP,failed
TXN-00002220,CUST-000169,2025-12-19,39.58,electronics,debit,USD,completed
TXN-00002221,CUST-000240,2025-07-15,111.96,travel,debit,USD,completed
TXN-00002222,CUST-000303,2024-12-26,28.25,travel,transfer,USD,completed
TXN-00002223,CUST-000121,2025-12-12,101.78,electronics,transfer,EUR,failed
TXN-00002224,CUST-000443,2025-01-31,94.27,grocery,debit,EUR,completed
TXN-00002225,CUST-000546,2025-11-17,29.39,travel,debit,USD,completed
TXN-00002226,CUST-000426,2026-05-09,16.49,entertainment,debit,EUR,failed
TXN-00002227,CUST-000533,2026-07-24,50.78,healthcare,transfer,EUR,pending
TXN-00002228,CUST-000162,2025-06-08,100.7,utilities,transfer,USD,pending
TXN-00002229,CUST-000436,2024-10-24,29.66,healthcare,debit,GBP,completed
TXN-00002230,CUST-000201,2025-04-23,26.92,healthcare,credit,USD,failed
TXN-00002231,CUST-000119,2026-06-24,52.78,grocery,debit,GBP,failed
TXN-00002232,CUST-000547,2025-03-14,24.22,healthcare,transfer,GBP,completed
TXN-00002233,CUST-000055,2026-01-22,34.93,travel,debit,USD,completed
TXN-00002234,CUST-000521,2025-05-17,97.28,grocery,debit,GBP,failed
TXN-00002235,CUST-000086,2025-09-11,20.54,electronics,credit,EUR,failed
TXN-00002236,CUST-000140,2026-07-25,30.56,travel,debit,GBP,failed
TXN-00002237,CUST-000092,2026-05-06,35.36,grocery,credit,GBP,failed
TXN-00002238,CUST-000560,2025-05-24,27.98,entertainment,credit,USD,completed
TXN-00002239,CUST-000784,2025-08-10,41.76,entertainment,transfer,USD,completed
TXN-00002240,CUST-000331,2025-09-13,5.56,utilities,transfer,USD,completed
TXN-00002241,CUST-000705,2026-02-12,36.06,entertainment,transfer,GBP,failed
TXN-00002242,CUST-000027,2026-02-04,15.13,entertainment,transfer,GBP,pending
TXN-00002243,CUST-000771,2025-12-29,23.59,healthcare,debit,GBP,failed
TXN-00002244,CUST-000591,2026-07-07,35.77,healthcare,debit,USD,completed
TXN-00002245,CUST-000845,2026-06-28,68.35,entertainment,debit,EUR,pending
TXN-00002246,CUST-000481,2025-11-01,10.85,grocery,debit,GBP,completed
TXN-00002247,CUST-000003,2024-12-09,232.11,dining,credit,GBP,pending
TXN-00002248,CUST-000091,2026-07-19,22.36,healthcare,debit,EUR,pending
TXN-00002249,CUST-000577,2025-10-23,13.71,entertainment,credit,GBP,completed
TXN-00002250,CUST-000330,2026-07-29,27.43,electronics,debit,GBP,pending
TXN-00002251,CUST-000748,2026-05-20,39.69,travel,debit,EUR,failed
TXN-00002252,CUST-000877,2026-02-10,44.27,electronics,debit,GBP,failed
TXN-00002253,CUST-000976,2025-12-18,23.7,grocery,credit,EUR,failed
TXN-00002254,CUST-000128,2026-03-13,51.59,utilities,credit,GBP,completed
TXN-00002255,CUST-000561,2025-11-26,112.97,travel,transfer,USD,pending
TXN-00002256,CUST-000736,2026-06-03,71.36,grocery,credit,EUR,completed
TXN-00002257,CUST-000159,2025-04-28,43.67,dining,transfer,GBP,pending
TXN-00002258,CUST-000744,2025-08-23,11.54,utilities,transfer,GBP,pending
TXN-00002259,CUST-000418,2025-06-16,76.1,grocery,credit,EUR,completed
TXN-00002260,CUST-000474,2026-01-07,26.2,entertainment,credit,EUR,completed
TXN-00002261,CUST-000192,2025-06-08,27.88,utilities,credit,EUR,failed
TXN-00002262,CUST-000700,2024-10-10,19.46,entertainment,transfer,USD,failed
TXN-00002263,CUST-000087,2025-12-08,31.19,entertainment,credit,EUR,failed
TXN-00002264,CUST-000590,2025-02-23,127.0,grocery,debit,GBP,completed
TXN-00002265,CUST-000378,2026-04-21,10.25,healthcare,debit,EUR,pending
TXN-00002266,CUST-000743,2026-07-21,111.45,entertainment,transfer,USD,failed
TXN-00002267,CUST-000705,2025-01-21,24.31,utilities,debit,EUR,completed
TXN-00002268,CUST-000210,2025-11-30,68.21,entertainment,credit,USD,failed
TXN-00002269,CUST-000264,2026-05-05,92.4,grocery,credit,GBP,completed
TXN-00002270,CUST-000827,2025-09-10,8.24,healthcare,credit,GBP,completed
TXN-00002271,CUST-000558,2025-09-09,22.4,utilities,debit,EUR,completed
TXN-00002272,CUST-000138,2024-11-04,27.31,travel,debit,EUR,completed
TXN-00002273,CUST-000741,2025-10-05,139.49,dining,credit,EUR,completed
TXN-00002274,CUST-000473,2024-12-25,130.12,healthcare,debit,USD,completed
TXN-00002275,CUST-000214,2025-07-16,50.94,travel,transfer,GBP,completed
TXN-00002276,CUST-000251,2025-10-10,48.82,utilities,transfer,EUR,pending
TXN-00002277,CUST-000747,2026-03-19,40.91,electronics,transfer,EUR,completed
TXN-00002278,CUST-000908,2025-11-22,13.72,grocery,debit,GBP,failed
TXN-00002279,CUST-000791,2026-03-08,37.17,electronics,debit,USD,pending
TXN-00002280,CUST-000543,2025-01-03,27.33,healthcare,debit,EUR,completed
TXN-00002281,CUST-000175,2026-07-14,55.32,travel,transfer,GBP,failed
TXN-00002282,CUST-000152,2025-10-22,11.4,electronics,credit,EUR,completed
TXN-00002283,CUST-000095,2026-03-04,116.03,travel,transfer,GBP,pending
TXN-00002284,CUST-000964,2025-11-12,242.34,utilities,debit,EUR,completed
TXN-00002285,CUST-000505,2025-10-27,94.29,entertainment,transfer,USD,failed
TXN-00002286,CUST-000711,2026-03-20,17.16,grocery,debit,USD,failed
TXN-00002287,CUST-000907,2024-10-13,16.97,healthcare,debit,USD,pending
TXN-00002288,CUST-000158,2025-12-13,43.54,utilities,debit,USD,completed
TXN-00002289,CUST-000787,2024-12-01,11.2,healthcare,transfer,USD,pending
TXN-00002290,CUST-000586,2026-06-19,7.87,dining,credit,GBP,failed
TXN-00002291,CUST-000925,2024-08-28,17.79,healthcare,credit,EUR,failed
TXN-00002292,CUST-000987,2025-05-16,14.41,healthcare,debit,GBP,pending
TXN-00002293,CUST-000799,2024-10-17,18.2,dining,transfer,GBP,failed
TXN-00002294,CUST-000916,2026-02-17,35.38,travel,debit,GBP,pending
TXN-00002295,CUST-000630,2024-12-17,45.81,utilities,credit,EUR,failed
TXN-00002296,CUST-000711,2024-08-12,147.13,healthcare,transfer,USD,pending
TXN-00002297,CUST-000293,2024-11-28,158.12,utilities,credit,EUR,failed
TXN-00002298,CUST-000827,2025-10-05,5.04,utilities,transfer,GBP,failed
TXN-00002299,CUST-000431,2025-04-30,77.98,dining,transfer,EUR,failed
TXN-00002300,CUST-000658,2025-01-13,47.44,utilities,transfer,GBP,pending
TXN-00002301,CUST-000092,2026-06-17,70.68,healthcare,credit,GBP,pending
TXN-00002302,CUST-000653,2025-02-01,75.57,electronics,transfer,USD,pending
TXN-00002303,CUST-000022,2026-04-03,52.41,entertainment,debit,USD,completed
TXN-00002304,CUST-000111,2025-11-16,4.63,entertainment,debit,EUR,completed
TXN-00002305,CUST-000795,2025-12-22,97.57,healthcare,debit,EUR,failed
TXN-00002306,CUST-000717,2025-12-17,8.88,dining,credit,USD,failed
TXN-00002307,CUST-000453,2025-03-08,18.71,healthcare,transfer,USD,failed
TXN-00002308,CUST-000622,2024-08-11,10.35,healthcare,credit,GBP,completed
TXN-00002309,CUST-000921,2025-09-16,17.96,utilities,transfer,GBP,pending
TXN-00002310,CUST-000350,2024-10-05,63.85,entertainment,credit,GBP,failed
TXN-00002311,CUST-000151,2025-07-28,29.28,entertainment,transfer,EUR,failed
TXN-00002312,CUST-000388,2024-12-20,18.61,entertainment,debit,USD,failed
TXN-00002313,CUST-000494,2024-11-05,52.98,entertainment,transfer,USD,completed
TXN-00002314,CUST-000827,2025-10-16,36.28,entertainment,debit,EUR,completed
TXN-00002315,CUST-000796,2025-06-15,16.49,travel,transfer,EUR,failed
TXN-00002316,CUST-000279,2024-12-22,39.66,grocery,debit,EUR,completed
TXN-00002317,CUST-000002,2026-04-09,28.56,dining,debit,USD,completed
TXN-00002318,CUST-000854,2024-12-19,96.95,travel,debit,USD,failed
TXN-00002319,CUST-000198,2025-04-19,63.34,entertainment,debit,USD,completed
TXN-00002320,CUST-000385,2024-08-21,36.54,electronics,debit,EUR,failed
TXN-00002321,CUST-000622,2026-04-20,11.79,travel,transfer,GBP,completed
TXN-00002322,CUST-000893,2025-02-03,40.58,dining,transfer,USD,completed
TXN-00002323,CUST-000748,2025-12-05,20.12,electronics,debit,EUR,pending
TXN-00002324,CUST-000454,2025-07-07,41.37,grocery,transfer,EUR,completed
TXN-00002325,CUST-000744,2025-11-15,12.56,utilities,debit,GBP,completed
TXN-00002326,CUST-000353,2025-05-26,64.35,utilities,credit,EUR,completed
TXN-00002327,CUST-000165,2025-10-02,125.19,grocery,credit,USD,pending
TXN-00002328,CUST-000960,2025-12-24,35.54,grocery,debit,USD,completed
TXN-00002329,CUST-000465,2024-08-13,82.18,utilities,debit,USD,pending
TXN-00002330,CUST-000938,2024-08-12,35.4,grocery,debit,USD,failed
TXN-00002331,CUST-000105,2024-10-23,26.81,dining,debit,GBP,failed
TXN-00002332,CUST-000326,2025-10-07,12.17,healthcare,credit,EUR,completed
TXN-00002333,CUST-000195,2026-08-07,21.81,utilities,transfer,EUR,pending
TXN-00002334,CUST-000271,2026-02-06,52.64,travel,transfer,EUR,completed
TXN-00002335,CUST-000145,2026-07-04,67.21,grocery,debit,EUR,pending
TXN-00002336,CUST-000292,2025-05-10,19.3,grocery,credit,EUR,failed
TXN-00002337,CUST-000111,2025-04-15,64.12,healthcare,debit,USD,completed
TXN-00002338,CUST-000015,2026-07-10,117.9,dining,transfer,GBP,completed
TXN-00002339,CUST-000105,2025-01-10,42.02,dining,debit,GBP,failed
TXN-00002340,CUST-000349,2026-02-12,62.35,utilities,transfer,GBP,pending
TXN-00002341,CUST-000240,2026-06-25,4.16,travel,debit,GBP,completed
TXN-00002342,CUST-000557,2026-04-21,47.73,grocery,credit,USD,failed
TXN-00002343,CUST-000769,2025-08-30,25.42,dining,transfer,GBP,failed
TXN-00002344,CUST-000737,2025-02-11,45.33,grocery,credit,EUR,failed
TXN-00002345,CUST-000063,2025-01-14,3.81,travel,credit,GBP,completed
TXN-00002346,CUST-000881,2026-05-01,62.31,grocery,credit,GBP,completed
TXN-00002347,CUST-000087,2026-06-03,43.08,travel,transfer,EUR,pending
TXN-00002348,CUST-000691,2025-07-25,68.07,grocery,credit,GBP,pending
TXN-00002349,CUST-000960,2025-05-07,15.84,healthcare,debit,GBP,completed
TXN-00002350,CUST-000536,2024-09-30,8.45,electronics,transfer,EUR,pending
TXN-00002351,CUST-000774,2025-03-04,37.88,healthcare,transfer,GBP,pending
TXN-00002352,CUST-000241,2025-08-03,25.9,electronics,transfer,USD,completed
TXN-00002353,CUST-000130,2025-06-22,26.04,healthcare,transfer,GBP,completed
TXN-00002354,CUST-000679,2024-10-31,75.75,utilities,transfer,GBP,failed
TXN-00002355,CUST-000257,2025-07-14,33.59,travel,credit,GBP,pending
TXN-00002356,CUST-000867,2025-11-08,64.22,utilities,debit,GBP,completed
TXN-00002357,CUST-000291,2026-05-26,18.87,healthcare,credit,USD,failed
TXN-00002358,CUST-000671,2025-12-25,29.22,travel,debit,GBP,pending
TXN-00002359,CUST-000459,2025-07-04,27.47,entertainment,transfer,USD,completed
TXN-00002360,CUST-000957,2024-11-13,41.21,entertainment,debit,GBP,completed
TXN-00002361,CUST-000737,2024-11-18,32.62,dining,transfer,USD,failed
TXN-00002362,CUST-000589,2026-07-16,104.94,utilities,debit,USD,pending
TXN-00002363,CUST-000529,2026-06-01,40.78,utilities,debit,GBP,failed
TXN-00002364,CUST-000326,2026-04-16,61.57,entertainment,debit,EUR,completed
TXN-00002365,CUST-000713,2024-09-15,77.24,dining,credit,GBP,failed
TXN-00002366,CUST-000340,2025-11-06,59.82,grocery,transfer,USD,completed
TXN-00002367,CUST-000287,2025-12-01,64.44,utilities,credit,EUR,pending
TXN-00002368,CUST-000258,2026-01-25,13.27,dining,transfer,EUR,completed
TXN-00002369,CUST-000144,2025-08-22,11.11,electronics,debit,GBP,completed
TXN-00002370,CUST-000650,2026-04-29,282.45,entertainment,credit,USD,completed
TXN-00002371,CUST-000560,2025-09-10,81.76,travel,credit,USD,failed
TXN-00002372,CUST-000697,2026-01-21,66.81,entertainment,credit,GBP,pending
TXN-00002373,CUST-000183,2025-03-02,78.66,travel,transfer,USD,pending
TXN-00002374,CUST-000969,2026-01-11,83.85,travel,credit,GBP,failed
TXN-00002375,CUST-000801,2025-11-19,44.04,entertainment,transfer,USD,failed
TXN-00002376,CUST-000728,2024-12-16,26.17,utilities,credit,GBP,pending
TXN-00002377,CUST-000980,2025-01-04,11.69,electronics,debit,GBP,pending
TXN-00002378,CUST-000775,2024-10-29,31.42,entertainment,credit,USD,completed
TXN-00002379,CUST-000199,2025-12-07,16.37,utilities,transfer,GBP,completed
TXN-00002380,CUST-000949,2024-08-17,38.97,travel,transfer,GBP,pending
TXN-00002381,CUST-000596,2025-05-08,5.73,grocery,credit,USD,pending
TXN-00002382,CUST-000315,2025-10-20,14.88,grocery,credit,EUR,completed
TXN-00002383,CUST-000110,2026-01-09,20.68,healthcare,debit,EUR,pending
TXN-00002384,CUST-000746,2024-12-16,89.87,travel,credit,EUR,pending
TXN-00002385,CUST-000047,2025-12-31,9.11,grocery,debit,EUR,completed
TXN-00002386,CUST-000468,2025-09-11,23.54,grocery,transfer,GBP,failed
TXN-00002387,CUST-000485,2024-11-17,41.0,entertainment,debit,EUR,completed
TXN-00002388,CUST-000279,2026-01-28,25.81,healthcare,transfer,GBP,pending
TXN-00002389,CUST-000412,2025-04-21,19.37,electronics,transfer,EUR,pending
TXN-00002390,CUST-000060,2026-01-10,40.29,entertainment,credit,GBP,pending
TXN-00002391,CUST-000287,2025-05-15,23.76,dining,transfer,EUR,failed
TXN-00002392,CUST-000346,2025-04-28,14.55,utilities,transfer,EUR,pending
TXN-00002393,CUST-000816,2025-11-30,63.97,healthcare,debit,EUR,failed
TXN-00002394,CUST-000933,2024-09-08,16.76,utilities,debit,GBP,failed
TXN-00002395,CUST-000900,2024-12-05,26.38,travel,transfer,GBP,pending
TXN-00002396,CUST-000569,2025-01-15,92.56,electronics,credit,EUR,failed
TXN-00002397,CUST-000538,2024-10-19,43.0,healthcare,transfer,EUR,completed
TXN-00002398,CUST-000512,2025-07-15,93.57,utilities,credit,GBP,pending
TXN-00002399,CUST-000659,2025-04-18,20.69,travel,credit,GBP,failed
TXN-00002400,CUST-000721,2025-03-08,16.08,travel,debit,GBP,completed
TXN-00002401,CUST-000825,2025-08-29,144.26,entertainment,debit,GBP,completed
TXN-00002402,CUST-000195,2026-05-31,56.17,healthcare,debit,GBP,completed
TXN-00002403,CUST-000642,2025-01-12,24.65,dining,transfer,USD,completed
TXN-00002404,CUST-000533,2026-05-20,20.6,travel,debit,GBP,failed
TXN-00002405,CUST-000475,2025-08-04,21.01,entertainment,credit,EUR,failed
TXN-00002406,CUST-000724,2024-08-27,11.68,entertainment,debit,EUR,pending
TXN-00002407,CUST-000476,2026-02-06,12.54,electronics,transfer,GBP,pending
TXN-00002408,CUST-000496,2024-10-07,18.33,healthcare,debit,EUR,completed
TXN-00002409,CUST-000634,2025-06-29,20.67,travel,transfer,USD,pending
TXN-00002410,CUST-000055,2024-10-28,35.97,dining,debit,GBP,pending
TXN-00002411,CUST-000180,2026-03-18,4.73,utilities,debit,GBP,failed
TXN-00002412,CUST-000597,2026-07-30,78.84,travel,debit,GBP,failed
TXN-00002413,CUST-000932,2025-07-16,60.85,travel,debit,GBP,pending
TXN-00002414,CUST-000819,2026-04-06,6.52,grocery,transfer,EUR,completed
TXN-00002415,CUST-000567,2025-09-04,36.27,travel,credit,GBP,pending
TXN-00002416,CUST-000720,2026-01-28,95.74,electronics,transfer,EUR,pending
TXN-00002417,CUST-000428,2026-07-05,27.17,dining,debit,USD,pending
TXN-00002418,CUST-000297,2024-08-13,6.01,healthcare,credit,GBP,failed
TXN-00002419,CUST-000743,2025-03-29,84.36,healthcare,credit,USD,completed
TXN-00002420,CUST-000585,2025-04-08,14.74,healthcare,credit,GBP,pending
TXN-00002421,CUST-000737,2025-08-13,11.67,entertainment,credit,USD,failed
TXN-00002422,CUST-000975,2026-05-09,84.89,travel,debit,USD,completed
TXN-00002423,CUST-000832,2026-02-10,15.05,utilities,transfer,USD,failed
TXN-00002424,CUST-000193,2025-06-20,16.08,healthcare,transfer,EUR,failed
TXN-00002425,CUST-000516,2025-01-25,33.75,electronics,transfer,USD,failed
TXN-00002426,CUST-000758,2024-08-19,47.34,travel,transfer,GBP,pending
TXN-00002427,CUST-000947,2024-12-11,52.56,electronics,credit,USD,pending
TXN-00002428,CUST-000661,2025-10-31,8.65,entertainment,transfer,EUR,completed
TXN-00002429,CUST-000472,2025-03-14,18.44,utilities,transfer,USD,completed
TXN-00002430,CUST-000798,2025-07-27,10.61,entertainment,transfer,GBP,failed
TXN-00002431,CUST-000357,2026-03-20,42.44,travel,credit,EUR,failed
TXN-00002432,CUST-000889,2026-06-28,49.38,healthcare,debit,USD,failed
TXN-00002433,CUST-000426,2025-01-07,55.29,healthcare,debit,USD,pending
TXN-00002434,CUST-000050,2026-04-26,65.49,grocery,debit,USD,completed
TXN-00002435,CUST-000888,2025-03-02,77.92,dining,credit,EUR,failed
TXN-00002436,CUST-000143,2025-12-13,47.98,grocery,credit,EUR,completed
TXN-00002437,CUST-000133,2025-04-28,39.12,travel,transfer,EUR,failed
TXN-00002438,CUST-000761,2024-12-30,69.4,healthcare,transfer,GBP,completed
TXN-00002439,CUST-000038,2025-10-26,23.32,dining,credit,USD,failed
TXN-00002440,CUST-000014,2025-03-01,49.6,utilities,credit,GBP,completed
TXN-00002441,CUST-000154,2024-10-01,54.89,grocery,debit,EUR,completed
TXN-00002442,CUST-000809,2025-12-06,37.8,healthcare,debit,EUR,completed
TXN-00002443,CUST-000591,2024-08-28,16.89,travel,debit,GBP,completed
TXN-00002444,CUST-000718,2025-03-31,23.75,entertainment,debit,GBP,failed
TXN-00002445,CUST-000671,2025-03-29,65.8,electronics,debit,GBP,failed
TXN-00002446,CUST-000509,2025-08-28,16.76,travel,credit,USD,pending
TXN-00002447,CUST-000958,2025-08-09,24.84,electronics,credit,EUR,completed
TXN-00002448,CUST-000218,2024-12-05,62.91,grocery,transfer,USD,completed
TXN-00002449,CUST-000145,2025-03-08,28.03,travel,credit,USD,failed
TXN-00002450,CUST-000507,2026-06-18,22.98,healthcare,debit,EUR,failed
TXN-00002451,CUST-000739,2025-06-30,101.45,entertainment,transfer,USD,pending
TXN-00002452,CUST-000234,2025-01-25,72.02,grocery,credit,EUR,pending
TXN-00002453,CUST-000976,2025-08-05,67.17,travel,transfer,GBP,pending
TXN-00002454,CUST-000034,2025-02-07,22.37,healthcare,credit,EUR,pending
TXN-00002455,CUST-000578,2025-07-04,160.51,electronics,credit,EUR,failed
TXN-00002456,CUST-000067,2025-08-02,21.49,entertainment,credit,EUR,pending
TXN-00002457,CUST-000436,2026-01-26,3.84,travel,credit,EUR,pending
TXN-00002458,CUST-000003,2025-09-20,9.97,entertainment,debit,GBP,completed
TXN-00002459,CUST-000040,2026-01-20,57.57,travel,debit,EUR,pending
TXN-00002460,CUST-000283,2026-08-06,49.27,travel,credit,GBP,completed
TXN-00002461,CUST-000558,2025-11-26,54.11,grocery,debit,GBP,completed
TXN-00002462,CUST-000890,2025-05-22,55.85,travel,transfer,USD,pending
TXN-00002463,CUST-000464,2025-12-03,51.26,grocery,credit,EUR,failed
TXN-00002464,CUST-000977,2026-04-07,21.32,entertainment,credit,USD,completed
TXN-00002465,CUST-000721,2025-04-13,28.88,entertainment,transfer,GBP,pending
TXN-00002466,CUST-000458,2025-08-15,27.71,electronics,credit,USD,completed
TXN-00002467,CUST-000124,2025-03-31,37.57,utilities,debit,GBP,pending
TXN-00002468,CUST-000161,2026-01-14,29.63,dining,credit,EUR,completed
TXN-00002469,CUST-000081,2024-08-13,26.7,travel,debit,GBP,pending
TXN-00002470,CUST-000020,2025-08-06,26.26,electronics,credit,GBP,failed
TXN-00002471,CUST-000026,2024-12-05,182.85,grocery,credit,GBP,pending
TXN-00002472,CUST-000683,2024-12-08,19.68,grocery,debit,GBP,failed
TXN-00002473,CUST-000269,2025-11-19,42.84,healthcare,debit,GBP,failed
TXN-00002474,CUST-000776,2026-07-26,84.62,utilities,credit,GBP,completed
TXN-00002475,CUST-000323,2025-02-01,33.55,electronics,transfer,GBP,pending
TXN-00002476,CUST-000952,2026-01-20,35.84,travel,transfer,USD,completed
TXN-00002477,CUST-000475,2025-09-12,49.09,entertainment,credit,EUR,failed
TXN-00002478,CUST-000570,2025-09-24,48.52,dining,debit,USD,completed
TXN-00002479,CUST-000497,2024-11-02,24.34,dining,transfer,EUR,completed
TXN-00002480,CUST-000239,2025-12-25,223.58,dining,debit,USD,failed
TXN-00002481,CUST-000706,2026-06-02,45.28,grocery,transfer,EUR,completed
TXN-00002482,CUST-000069,2024-11-11,14.77,utilities,debit,USD,completed
TXN-00002483,CUST-000479,2025-04-28,10.56,healthcare,debit,USD,completed
TXN-00002484,CUST-000421,2024-10-12,41.82,entertainment,transfer,GBP,pending
TXN-00002485,CUST-000098,2024-12-01,345.91,grocery,debit,EUR,failed
TXN-00002486,CUST-000719,2026-04-04,73.98,healthcare,transfer,GBP,pending
TXN-00002487,CUST-000923,2025-02-10,19.18,dining,debit,GBP,failed
TXN-00002488,CUST-000516,2025-06-16,109.28,entertainment,debit,GBP,pending
TXN-00002489,CUST-000916,2024-12-28,16.31,travel,debit,EUR,pending
TXN-00002490,CUST-000535,2025-05-15,42.41,healthcare,credit,GBP,pending
TXN-00002491,CUST-000449,2024-08-30,120.05,grocery,debit,EUR,failed
TXN-00002492,CUST-000048,2026-05-17,28.11,utilities,debit,USD,completed
TXN-00002493,CUST-000390,2025-10-18,37.5,dining,debit,GBP,failed
TXN-00002494,CUST-000087,2025-04-30,111.97,dining,transfer,GBP,pending
TXN-00002495,CUST-000811,2024-12-16,8.22,healthcare,transfer,USD,pending
TXN-00002496,CUST-000744,2024-09-07,75.28,utilities,credit,GBP,failed
TXN-00002497,CUST-000052,2025-03-26,15.22,travel,transfer,USD,pending
TXN-00002498,CUST-000927,2024-09-25,221.27,dining,debit,EUR,pending
TXN-00002499,CUST-000046,2025-07-16,32.55,travel,debit,EUR,pending
TXN-00002500,CUST-000691,2026-01-11,37.33,dining,credit,USD,pending
TXN-00002501,CUST-000595,2025-02-23,48.8,electronics,transfer,USD,failed
TXN-00002502,CUST-000949,2026-07-04,24.57,entertainment,transfer,EUR,pending
TXN-00002503,CUST-000560,2026-03-17,20.71,healthcare,credit,USD,pending
TXN-00002504,CUST-000464,2026-01-15,33.75,dining,debit,USD,failed
TXN-00002505,CUST-000347,2025-07-10,92.28,entertainment,debit,GBP,pending
TXN-00002506,CUST-000282,2025-12-09,35.4,healthcare,transfer,USD,pending
TXN-00002507,CUST-000548,2025-02-22,21.08,travel,transfer,USD,pending
TXN-00002508,CUST-000141,2025-04-22,99.54,travel,transfer,EUR,failed
TXN-00002509,CUST-000590,2026-03-24,41.67,entertainment,debit,GBP,pending
TXN-00002510,CUST-000111,2025-06-25,16.46,dining,debit,EUR,completed
TXN-00002511,CUST-000255,2025-06-22,14.3,healthcare,transfer,USD,pending
TXN-00002512,CUST-000341,2025-08-15,119.25,travel,credit,EUR,pending
TXN-00002513,CUST-000508,2025-05-31,18.97,grocery,credit,EUR,failed
TXN-00002514,CUST-000033,2024-12-28,179.42,electronics,debit,GBP,pending
TXN-00002515,CUST-000412,2025-12-01,80.95,utilities,credit,GBP,completed
TXN-00002516,CUST-000791,2024-12-05,35.6,healthcare,transfer,GBP,failed
TXN-00002517,CUST-000646,2026-07-07,8.41,utilities,debit,EUR,pending
TXN-00002518,CUST-000854,2026-03-10,35.79,grocery,credit,EUR,pending
TXN-00002519,CUST-000530,2026-04-06,18.97,travel,credit,GBP,pending
TXN-00002520,CUST-000970,2025-07-01,18.95,utilities,transfer,GBP,completed
TXN-00002521,CUST-000716,2025-12-03,97.47,healthcare,transfer,EUR,pending
TXN-00002522,CUST-000953,2024-08-26,33.83,utilities,debit,EUR,pending
TXN-00002523,CUST-000603,2025-11-14,20.54,utilities,debit,USD,completed
TXN-00002524,CUST-000629,2025-09-08,9.48,travel,debit,GBP,pending
TXN-00002525,CUST-000370,2024-10-05,12.07,dining,transfer,GBP,completed
TXN-00002526,CUST-000233,2025-02-04,88.89,entertainment,transfer,EUR,completed
TXN-00002527,CUST-000432,2026-07-27,21.49,utilities,transfer,USD,completed
TXN-00002528,CUST-000528,2025-08-24,38.93,healthcare,debit,EUR,pending
TXN-00002529,CUST-000008,2025-10-04,44.58,travel,credit,GBP,failed
TXN-00002530,CUST-000257,2026-06-07,17.75,dining,credit,GBP,pending
TXN-00002531,CUST-000805,2024-10-19,43.54,dining,debit,EUR,pending
TXN-00002532,CUST-000269,2026-02-09,78.57,entertainment,credit,EUR,pending
TXN-00002533,CUST-000349,2026-04-17,34.92,dining,credit,EUR,completed
TXN-00002534,CUST-000197,2026-03-31,240.38,grocery,credit,USD,completed
TXN-00002535,CUST-000878,2025-04-10,55.82,dining,credit,USD,failed
TXN-00002536,CUST-000189,2025-06-01,57.94,electronics,debit,USD,pending
TXN-00002537,CUST-000648,2026-03-12,18.51,travel,debit,USD,failed
TXN-00002538,CUST-000955,2025-05-28,44.1,travel,debit,USD,completed
TXN-00002539,CUST-000302,2025-06-24,5.26,dining,credit,EUR,failed
TXN-00002540,CUST-000673,2026-05-29,31.2,entertainment,credit,GBP,completed
TXN-00002541,CUST-000400,2025-10-09,6.17,utilities,credit,USD,completed
TXN-00002542,CUST-000779,2025-04-12,109.78,grocery,credit,GBP,failed
TXN-00002543,CUST-000406,2025-02-19,31.47,healthcare,debit,USD,completed
TXN-00002544,CUST-000178,2025-05-26,82.19,electronics,credit,USD,pending
TXN-00002545,CUST-000457,2024-08-29,5.59,entertainment,credit,USD,failed
TXN-00002546,CUST-000832,2025-07-27,29.35,grocery,debit,USD,completed
TXN-00002547,CUST-000542,2025-09-27,9.11,dining,credit,USD,pending
TXN-00002548,CUST-000355,2026-03-08,89.71,entertainment,transfer,USD,pending
TXN-00002549,CUST-000568,2025-07-02,10.65,travel,credit,EUR,failed
TXN-00002550,CUST-000180,2025-03-19,24.59,healthcare,transfer,USD,failed
TXN-00002551,CUST-000333,2024-10-01,74.78,entertainment,credit,USD,completed
TXN-00002552,CUST-000693,2026-05-27,75.07,utilities,credit,EUR,failed
TXN-00002553,CUST-000479,2026-05-05,25.55,travel,debit,USD,completed
TXN-00002554,CUST-000968,2025-07-15,41.18,utilities,credit,GBP,failed
TXN-00002555,CUST-000752,2026-03-14,53.16,dining,credit,USD,completed
TXN-00002556,CUST-000681,2024-11-10,15.02,utilities,debit,EUR,completed
TXN-00002557,CUST-000032,2024-11-27,39.23,entertainment,debit,EUR,pending
TXN-00002558,CUST-000732,2025-01-05,60.45,utilities,transfer,USD,completed
TXN-00002559,CUST-000396,2024-08-11,68.12,travel,credit,GBP,failed
TXN-00002560,CUST-000516,2026-01-04,61.39,travel,credit,USD,pending
TXN-00002561,CUST-000013,2025-04-20,70.16,grocery,transfer,USD,failed
TXN-00002562,CUST-000894,2025-01-23,25.27,electronics,transfer,USD,pending
TXN-00002563,CUST-000354,2025-07-04,11.92,electronics,credit,EUR,pending
TXN-00002564,CUST-000055,2026-05-08,58.34,healthcare,credit,GBP,completed
TXN-00002565,CUST-000487,2025-06-25,39.66,utilities,transfer,USD,completed
TXN-00002566,CUST-000658,2025-12-01,94.26,entertainment,transfer,GBP,pending
TXN-00002567,CUST-000247,2025-03-31,41.47,healthcare,credit,GBP,failed
TXN-00002568,CUST-000677,2024-12-24,15.99,dining,transfer,GBP,failed
TXN-00002569,CUST-000436,2024-11-24,81.81,electronics,credit,EUR,failed
TXN-00002570,CUST-000720,2025-11-02,12.58,electronics,credit,GBP,completed
TXN-00002571,CUST-000260,2025-04-23,27.79,grocery,transfer,GBP,failed
TXN-00002572,CUST-000766,2025-10-11,19.81,travel,transfer,GBP,completed
TXN-00002573,CUST-000607,2025-12-25,28.65,travel,transfer,USD,completed
TXN-00002574,CUST-001000,2025-08-31,7.38,healthcare,credit,USD,pending
TXN-00002575,CUST-000943,2025-08-26,34.75,grocery,transfer,GBP,failed
TXN-00002576,CUST-000947,2025-09-18,20.85,grocery,debit,USD,completed
TXN-00002577,CUST-000236,2026-03-03,9.44,dining,credit,EUR,completed
TXN-00002578,CUST-000047,2025-04-28,103.92,utilities,transfer,GBP,failed
TXN-00002579,CUST-000942,2025-08-09,73.59,dining,debit,USD,failed
TXN-00002580,CUST-000086,2024-12-13,56.72,dining,debit,EUR,completed
TXN-00002581,CUST-000940,2025-07-09,21.66,travel,transfer,USD,failed
TXN-00002582,CUST-000523,2024-12-11,170.27,electronics,credit,GBP,failed
TXN-00002583,CUST-000142,2025-10-26,18.06,entertainment,transfer,EUR,failed
TXN-00002584,CUST-000810,2026-07-03,26.12,travel,debit,EUR,pending
TXN-00002585,CUST-000967,2025-01-12,13.36,dining,credit,USD,pending
TXN-00002586,CUST-000021,2026-01-19,13.55,dining,credit,EUR,completed
TXN-00002587,CUST-000076,2026-01-02,74.8,grocery,transfer,USD,failed
TXN-00002588,CUST-000861,2026-05-21,29.74,dining,transfer,GBP,pending
TXN-00002589,CUST-000791,2025-11-09,39.25,healthcare,debit,EUR,failed
TXN-00002590,CUST-000779,2024-12-05,16.08,travel,credit,GBP,completed
TXN-00002591,CUST-000387,2026-05-28,36.92,healthcare,credit,USD,pending
TXN-00002592,CUST-000622,2024-08-29,31.28,travel,transfer,EUR,failed
TXN-00002593,CUST-000569,2026-03-27,35.71,grocery,credit,GBP,failed
TXN-00002594,CUST-000677,2025-02-01,80.24,grocery,credit,USD,pending
TXN-00002595,CUST-000823,2025-08-10,38.59,dining,debit,GBP,pending
TXN-00002596,CUST-000919,2025-12-07,19.11,travel,debit,USD,completed
TXN-00002597,CUST-000136,2024-12-28,24.18,electronics,credit,GBP,failed
TXN-00002598,CUST-000592,2025-10-25,62.6,dining,debit,EUR,completed
TXN-00002599,CUST-000567,2025-08-29,60.95,healthcare,credit,USD,pending
TXN-00002600,CUST-000499,2026-02-18,27.08,utilities,transfer,USD,pending
TXN-00002601,CUST-000304,2025-03-05,27.29,grocery,debit,GBP,failed
TXN-00002602,CUST-000817,2025-03-05,92.23,electronics,debit,GBP,failed
TXN-00002603,CUST-000607,2024-11-14,28.37,electronics,debit,USD,completed
TXN-00002604,CUST-000618,2025-07-06,82.54,healthcare,debit,EUR,completed
TXN-00002605,CUST-000831,2025-10-10,3.71,grocery,transfer,EUR,failed
TXN-00002606,CUST-000301,2025-01-24,11.62,grocery,credit,EUR,failed
TXN-00002607,CUST-000130,2026-01-18,32.98,healthcare,debit,GBP,completed
TXN-00002608,CUST-000065,2025-05-22,41.78,utilities,credit,EUR,pending
TXN-00002609,CUST-000974,2025-12-15,61.71,entertainment,credit,USD,failed
TXN-00002610,CUST-000167,2024-11-11,145.51,utilities,credit,USD,completed
TXN-00002611,CUST-000092,2025-01-30,31.27,entertainment,transfer,USD,completed
TXN-00002612,CUST-000706,2024-10-03,18.23,grocery,debit,EUR,completed
TXN-00002613,CUST-000399,2026-01-25,124.46,entertainment,credit,USD,pending
TXN-00002614,CUST-000068,2025-06-08,13.02,healthcare,transfer,GBP,completed
TXN-00002615,CUST-000094,2025-07-05,14.32,grocery,transfer,USD,pending
TXN-00002616,CUST-000908,2024-12-07,45.35,dining,debit,GBP,completed
TXN-00002617,CUST-000762,2026-07-18,80.53,entertainment,transfer,USD,completed
TXN-00002618,CUST-000045,2025-07-19,28.8,grocery,debit,EUR,pending
TXN-00002619,CUST-000928,2025-04-08,10.55,entertainment,credit,GBP,failed
TXN-00002620,CUST-000336,2026-07-25,47.16,utilities,debit,GBP,failed
TXN-00002621,CUST-000480,2025-01-20,25.33,travel,credit,EUR,completed
TXN-00002622,CUST-000610,2025-01-26,61.7,utilities,debit,GBP,failed
TXN-00002623,CUST-000528,2025-03-23,18.3,healthcare,debit,USD,failed
TXN-00002624,CUST-000793,2024-08-10,14.97,grocery,debit,EUR,failed
TXN-00002625,CUST-000680,2025-05-20,40.26,travel,debit,EUR,pending
TXN-00002626,CUST-000219,2024-12-01,57.83,healthcare,debit,EUR,completed
TXN-00002627,CUST-000431,2026-04-22,35.49,electronics,transfer,EUR,completed
TXN-00002628,CUST-000764,2025-06-04,29.36,healthcare,debit,GBP,pending
TXN-00002629,CUST-000913,2024-12-28,18.16,travel,transfer,EUR,completed
TXN-00002630,CUST-000326,2025-02-21,64.54,entertainment,transfer,EUR,pending
TXN-00002631,CUST-000937,2024-09-20,21.96,dining,credit,GBP,completed
TXN-00002632,CUST-000403,2025-02-15,19.98,electronics,debit,EUR,pending
TXN-00002633,CUST-000164,2026-05-11,20.21,entertainment,debit,GBP,completed
TXN-00002634,CUST-000554,2024-10-14,25.75,utilities,transfer,EUR,failed
TXN-00002635,CUST-000029,2025-05-26,58.55,travel,debit,USD,completed
TXN-00002636,CUST-000474,2024-12-29,12.39,electronics,transfer,EUR,failed
TXN-00002637,CUST-000399,2026-05-14,53.18,travel,credit,EUR,failed
TXN-00002638,CUST-000964,2026-07-28,16.52,grocery,debit,GBP,completed
TXN-00002639,CUST-000187,2024-12-15,29.24,entertainment,transfer,EUR,completed
TXN-00002640,CUST-000011,2026-05-08,14.79,entertainment,transfer,USD,completed
TXN-00002641,CUST-000328,2025-01-09,16.78,utilities,debit,EUR,failed
TXN-00002642,CUST-000703,2024-12-11,46.78,utilities,transfer,EUR,completed
TXN-00002643,CUST-000449,2026-05-05,31.66,utilities,debit,USD,pending
TXN-00002644,CUST-000610,2025-09-18,90.53,utilities,transfer,GBP,failed
TXN-00002645,CUST-000375,2024-12-19,324.46,utilities,debit,USD,completed
TXN-00002646,CUST-000403,2025-01-13,13.42,travel,credit,GBP,completed
TXN-00002647,CUST-000209,2025-05-01,61.53,grocery,credit,EUR,completed
TXN-00002648,CUST-000961,2024-08-31,81.91,grocery,transfer,EUR,failed
TXN-00002649,CUST-000629,2025-02-25,91.38,healthcare,transfer,USD,failed
TXN-00002650,CUST-000368,2025-04-30,14.23,electronics,transfer,GBP,pending
TXN-00002651,CUST-000151,2026-03-15,11.96,grocery,debit,EUR,pending
TXN-00002652,CUST-000584,2024-11-01,35.53,dining,transfer,EUR,pending
TXN-00002653,CUST-000270,2026-06-02,16.77,electronics,transfer,GBP,completed
TXN-00002654,CUST-000734,2025-11-27,65.62,travel,transfer,EUR,pending
TXN-00002655,CUST-000595,2025-03-20,25.23,entertainment,debit,EUR,pending
TXN-00002656,CUST-000009,2025-02-22,11.54,entertainment,debit,USD,pending
TXN-00002657,CUST-000218,2025-03-08,87.34,travel,credit,USD,pending
TXN-00002658,CUST-000109,2024-11-23,30.73,healthcare,debit,GBP,completed
TXN-00002659,CUST-000678,2024-10-03,5.3,grocery,debit,GBP,completed
TXN-00002660,CUST-000586,2025-07-15,23.75,electronics,debit,USD,failed
TXN-00002661,CUST-000783,2025-02-17,136.77,dining,transfer,EUR,completed
TXN-00002662,CUST-000015,2025-10-02,13.07,travel,debit,GBP,completed
TXN-00002663,CUST-000289,2025-03-10,75.0,dining,credit,GBP,failed
TXN-00002664,CUST-000809,2025-09-26,110.53,entertainment,transfer,USD,completed
TXN-00002665,CUST-000176,2025-07-23,45.4,dining,credit,USD,pending
TXN-00002666,CUST-000048,2025-03-07,18.79,travel,debit,GBP,completed
TXN-00002667,CUST-000469,2026-02-18,22.83,grocery,credit,EUR,pending
TXN-00002668,CUST-000912,2024-10-06,14.06,travel,debit,GBP,failed
TXN-00002669,CUST-000007,2025-09-17,15.33,travel,debit,GBP,failed
TXN-00002670,CUST-000743,2026-01-15,41.92,healthcare,debit,GBP,failed
TXN-00002671,CUST-000932,2024-12-17,32.61,electronics,transfer,USD,pending
TXN-00002672,CUST-000109,2025-11-08,70.35,travel,transfer,EUR,pending
TXN-00002673,CUST-000564,2025-03-15,42.84,electronics,transfer,GBP,pending
TXN-00002674,CUST-000707,2025-01-28,50.57,healthcare,debit,GBP,completed
TXN-00002675,CUST-000769,2024-10-27,92.15,travel,credit,GBP,failed
TXN-00002676,CUST-000619,2025-05-03,32.01,healthcare,credit,EUR,pending
TXN-00002677,CUST-000888,2024-12-03,33.88,entertainment,credit,USD,completed
TXN-00002678,CUST-000056,2024-10-28,18.86,electronics,transfer,USD,failed
TXN-00002679,CUST-000949,2026-07-24,60.5,utilities,debit,USD,pending
TXN-00002680,CUST-000091,2025-06-02,18.25,electronics,transfer,USD,failed
TXN-00002681,CUST-000135,2026-02-09,47.66,electronics,transfer,GBP,failed
TXN-00002682,CUST-000201,2025-11-20,77.04,utilities,transfer,GBP,completed
TXN-00002683,CUST-000131,2024-12-12,46.72,travel,debit,GBP,pending
TXN-00002684,CUST-000510,2025-02-07,44.66,electronics,transfer,USD,completed
TXN-00002685,CUST-000921,2025-05-18,51.27,grocery,credit,EUR,completed
TXN-00002686,CUST-000417,2024-12-16,21.73,utilities,debit,EUR,failed
TXN-00002687,CUST-000813,2025-10-17,244.72,dining,credit,EUR,pending
TXN-00002688,CUST-000408,2025-08-09,35.13,grocery,transfer,USD,failed
TXN-00002689,CUST-000166,2025-06-27,126.48,utilities,debit,EUR,pending
TXN-00002690,CUST-000388,2025-02-09,142.72,healthcare,debit,USD,completed
TXN-00002691,CUST-000270,2026-01-22,35.81,healthcare,credit,EUR,completed
TXN-00002692,CUST-000155,2025-04-01,52.8,travel,debit,EUR,pending
TXN-00002693,CUST-000015,2025-11-27,33.19,healthcare,credit,EUR,pending
TXN-00002694,CUST-000472,2025-11-05,14.54,dining,debit,USD,failed
TXN-00002695,CUST-000525,2025-08-29,63.71,grocery,credit,GBP,pending
TXN-00002696,CUST-000798,2025-08-05,53.76,utilities,debit,EUR,pending
TXN-00002697,CUST-000401,2026-02-17,39.53,travel,transfer,EUR,pending
TXN-00002698,CUST-000009,2025-09-28,16.68,travel,credit,USD,completed
TXN-00002699,CUST-000867,2024-11-02,19.59,entertainment,debit,USD,pending
TXN-00002700,CUST-000992,2025-01-30,17.84,dining,transfer,USD,failed
TXN-00002701,CUST-000352,2024-08-09,128.89,electronics,credit,GBP,completed
TXN-00002702,CUST-000104,2025-07-13,170.89,utilities,debit,GBP,failed
TXN-00002703,CUST-000505,2026-03-22,151.22,utilities,transfer,USD,failed
TXN-00002704,CUST-000638,2025-02-14,19.73,entertainment,transfer,USD,failed
TXN-00002705,CUST-000616,2026-07-26,38.74,travel,debit,GBP,pending
TXN-00002706,CUST-000825,2025-11-26,21.91,electronics,credit,USD,pending
TXN-00002707,CUST-000683,2026-03-13,9.06,travel,debit,EUR,completed
TXN-00002708,CUST-000973,2025-01-15,22.51,entertainment,credit,GBP,failed
TXN-00002709,CUST-000512,2025-02-27,26.93,utilities,credit,EUR,pending
TXN-00002710,CUST-000798,2026-05-15,37.32,electronics,credit,EUR,failed
TXN-00002711,CUST-000730,2024-12-15,8.2,utilities,credit,USD,pending
TXN-00002712,CUST-000991,2025-12-23,18.78,dining,credit,EUR,pending
TXN-00002713,CUST-000954,2025-01-26,134.76,dining,debit,EUR,completed
TXN-00002714,CUST-000928,2025-04-13,23.87,electronics,credit,EUR,completed
TXN-00002715,CUST-000549,2025-07-14,7.93,healthcare,credit,GBP,completed
TXN-00002716,CUST-000835,2026-05-19,13.37,healthcare,debit,EUR,pending
TXN-00002717,CUST-000590,2024-12-11,26.22,dining,debit,USD,completed
TXN-00002718,CUST-000014,2025-04-02,15.05,utilities,transfer,USD,pending
TXN-00002719,CUST-000186,2024-12-29,3.11,electronics,debit,GBP,pending
TXN-00002720,CUST-000667,2024-10-02,35.72,entertainment,debit,EUR,completed
TXN-00002721,CUST-000309,2026-01-19,29.66,utilities,credit,USD,completed
TXN-00002722,CUST-000985,2024-10-14,62.07,healthcare,credit,USD,completed
TXN-00002723,CUST-000955,2025-02-07,14.51,healthcare,credit,USD,failed
TXN-00002724,CUST-000288,2026-07-25,24.16,entertainment,transfer,EUR,failed
TXN-00002725,CUST-000918,2026-05-30,33.58,electronics,transfer,GBP,failed
TXN-00002726,CUST-000511,2025-01-29,9.66,utilities,debit,GBP,failed
TXN-00002727,CUST-000026,2025-07-23,51.74,electronics,transfer,USD,completed
TXN-00002728,CUST-000927,2025-11-18,28.83,healthcare,credit,EUR,failed
TXN-00002729,CUST-000332,2026-04-03,28.25,grocery,debit,EUR,completed
TXN-00002730,CUST-000662,2025-05-15,43.64,travel,credit,GBP,completed
TXN-00002731,CUST-000026,2024-12-08,83.74,utilities,transfer,GBP,completed
TXN-00002732,CUST-000038,2025-01-05,60.04,travel,debit,EUR,completed
TXN-00002733,CUST-000328,2024-09-11,23.8,travel,debit,EUR,completed
TXN-00002734,CUST-000619,2026-03-28,44.75,travel,credit,GBP,failed
TXN-00002735,CUST-000711,2024-09-28,66.64,travel,credit,GBP,pending
TXN-00002736,CUST-000360,2025-02-20,60.08,dining,debit,GBP,completed
TXN-00002737,CUST-000616,2025-06-07,52.91,utilities,credit,USD,pending
TXN-00002738,CUST-000131,2025-06-15,4.96,utilities,transfer,USD,completed
TXN-00002739,CUST-000152,2026-01-28,9.38,entertainment,credit,USD,failed
TXN-00002740,CUST-000631,2025-10-13,13.6,healthcare,debit,USD,pending
TXN-00002741,CUST-000373,2024-10-30,158.89,entertainment,debit,EUR,completed
TXN-00002742,CUST-000133,2024-08-27,17.21,healthcare,credit,USD,pending
TXN-00002743,CUST-000407,2026-03-22,11.11,entertainment,debit,GBP,completed
TXN-00002744,CUST-000850,2025-10-16,72.53,grocery,debit,EUR,completed
TXN-00002745,CUST-000160,2025-06-06,26.57,entertainment,transfer,USD,failed
TXN-00002746,CUST-000695,2026-02-07,289.96,utilities,debit,EUR,failed
TXN-00002747,CUST-000813,2026-06-06,75.94,utilities,credit,GBP,pending
TXN-00002748,CUST-000799,2025-10-25,28.01,dining,credit,USD,completed
TXN-00002749,CUST-000215,2026-05-13,18.42,utilities,transfer,USD,failed
TXN-00002750,CUST-000109,2024-11-23,54.22,travel,credit,GBP,failed
TXN-00002751,CUST-000879,2026-04-27,48.93,entertainment,transfer,GBP,failed
TXN-00002752,CUST-000881,2024-09-23,6.48,electronics,credit,USD,pending
TXN-00002753,CUST-000188,2026-06-06,104.93,electronics,debit,EUR,failed
TXN-00002754,CUST-000051,2025-10-18,68.36,utilities,transfer,EUR,completed
TXN-00002755,CUST-000069,2026-01-01,57.43,grocery,credit,EUR,failed
TXN-00002756,CUST-000813,2024-09-04,32.7,travel,debit,EUR,failed
TXN-00002757,CUST-000323,2025-04-12,14.26,electronics,debit,GBP,failed
TXN-00002758,CUST-000332,2025-06-14,8.86,healthcare,credit,GBP,pending
TXN-00002759,CUST-000235,2026-04-20,46.88,utilities,credit,EUR,completed
TXN-00002760,CUST-000322,2025-02-18,150.18,grocery,credit,EUR,pending
TXN-00002761,CUST-000583,2024-10-08,39.87,grocery,credit,GBP,pending
TXN-00002762,CUST-000074,2025-10-06,47.22,electronics,debit,GBP,failed
TXN-00002763,CUST-000094,2024-10-21,39.16,travel,transfer,EUR,pending
TXN-00002764,CUST-000561,2026-05-28,32.34,grocery,credit,USD,completed
TXN-00002765,CUST-000019,2025-03-28,18.21,travel,transfer,USD,completed
TXN-00002766,CUST-000638,2024-11-17,89.95,travel,transfer,GBP,completed
TXN-00002767,CUST-000154,2026-08-02,49.2,dining,transfer,EUR,pending
TXN-00002768,CUST-000545,2024-10-06,39.14,grocery,transfer,GBP,pending
TXN-00002769,CUST-000221,2024-09-09,11.96,dining,debit,USD,failed
TXN-00002770,CUST-000789,2026-06-04,15.36,dining,transfer,USD,pending
TXN-00002771,CUST-000983,2026-02-15,19.65,healthcare,transfer,GBP,pending
TXN-00002772,CUST-000665,2024-12-22,36.41,entertainment,transfer,USD,failed
TXN-00002773,CUST-000702,2026-07-27,106.56,utilities,credit,USD,completed
TXN-00002774,CUST-000618,2024-12-06,24.79,healthcare,transfer,GBP,failed
TXN-00002775,CUST-000653,2026-06-17,24.64,travel,debit,USD,completed
TXN-00002776,CUST-000601,2025-11-04,68.97,dining,credit,EUR,failed
TXN-00002777,CUST-000656,2025-06-07,15.35,dining,debit,GBP,completed
TXN-00002778,CUST-000002,2026-08-05,30.86,healthcare,transfer,EUR,pending
TXN-00002779,CUST-000411,2026-04-28,20.03,dining,credit,USD,pending
TXN-00002780,CUST-000836,2026-07-12,20.12,grocery,credit,USD,pending
TXN-00002781,CUST-000323,2025-11-18,55.46,grocery,transfer,GBP,pending
TXN-00002782,CUST-000999,2024-10-29,19.21,travel,credit,EUR,completed
TXN-00002783,CUST-000113,2024-12-12,110.91,electronics,debit,GBP,failed
TXN-00002784,CUST-000390,2025-09-17,20.51,utilities,credit,GBP,pending
TXN-00002785,CUST-000737,2026-05-19,11.38,grocery,debit,GBP,completed
TXN-00002786,CUST-000474,2025-02-17,28.52,electronics,debit,USD,pending
TXN-00002787,CUST-000629,2026-01-03,18.06,entertainment,transfer,GBP,pending
TXN-00002788,CUST-000627,2025-09-12,5.01,dining,transfer,EUR,completed
TXN-00002789,CUST-000306,2024-11-19,22.96,utilities,credit,USD,pending
TXN-00002790,CUST-000627,2024-09-03,9.91,healthcare,transfer,USD,failed
TXN-00002791,CUST-000249,2025-07-11,15.09,electronics,debit,GBP,pending
TXN-00002792,CUST-000899,2025-05-23,29.2,entertainment,transfer,GBP,failed
TXN-00002793,CUST-000575,2025-05-13,18.51,healthcare,credit,GBP,pending
TXN-00002794,CUST-000132,2025-10-23,43.67,travel,transfer,GBP,failed
TXN-00002795,CUST-000658,2025-11-16,72.05,entertainment,credit,USD,completed
TXN-00002796,CUST-000162,2026-07-14,116.88,travel,debit,GBP,completed
TXN-00002797,CUST-000118,2025-08-12,31.77,entertainment,transfer,EUR,completed
TXN-00002798,CUST-000294,2025-02-14,75.89,electronics,credit,EUR,failed
TXN-00002799,CUST-000136,2024-08-31,58.19,travel,debit,USD,pending
TXN-00002800,CUST-000285,2024-09-22,60.53,dining,debit,USD,failed
TXN-00002801,CUST-000626,2024-09-26,53.55,entertainment,credit,EUR,pending
TXN-00002802,CUST-000886,2024-10-08,16.89,dining,debit,EUR,failed
TXN-00002803,CUST-000346,2026-04-12,99.0,grocery,transfer,EUR,completed
TXN-00002804,CUST-000945,2024-11-15,37.69,grocery,credit,GBP,pending
TXN-00002805,CUST-000566,2025-05-21,22.79,electronics,credit,EUR,completed
TXN-00002806,CUST-000087,2025-11-20,35.63,travel,credit,USD,completed
TXN-00002807,CUST-000849,2025-01-17,5.0,utilities,debit,USD,completed
TXN-00002808,CUST-000200,2025-07-30,22.9,electronics,credit,USD,failed
TXN-00002809,CUST-000111,2025-02-04,28.2,healthcare,transfer,GBP,failed
TXN-00002810,CUST-000821,2026-04-16,89.33,healthcare,debit,USD,failed
TXN-00002811,CUST-000811,2026-06-09,13.81,travel,transfer,EUR,pending
TXN-00002812,CUST-000772,2024-09-26,37.31,entertainment,transfer,USD,failed
TXN-00002813,CUST-000679,2026-07-25,104.97,electronics,debit,EUR,pending
TXN-00002814,CUST-000193,2025-10-05,5.42,entertainment,credit,USD,completed
TXN-00002815,CUST-000166,2024-12-10,100.21,electronics,credit,EUR,pending
TXN-00002816,CUST-000186,2026-01-05,29.77,entertainment,debit,USD,completed
TXN-00002817,CUST-000137,2026-04-16,34.22,entertainment,debit,USD,completed
TXN-00002818,CUST-000017,2026-01-30,14.33,grocery,debit,USD,completed
TXN-00002819,CUST-000236,2026-01-08,26.44,utilities,transfer,USD,failed
TXN-00002820,CUST-000923,2025-10-20,27.6,entertainment,debit,EUR,pending
TXN-00002821,CUST-000146,2025-07-08,87.37,electronics,credit,USD,failed
TXN-00002822,CUST-000059,2025-04-01,9.48,travel,debit,USD,completed
TXN-00002823,CUST-000933,2025-07-17,13.69,entertainment,credit,EUR,completed
TXN-00002824,CUST-000241,2025-06-23,13.65,entertainment,debit,USD,completed
TXN-00002825,CUST-000554,2026-05-24,24.52,entertainment,transfer,GBP,completed
TXN-00002826,CUST-000094,2026-05-26,30.72,travel,transfer,USD,pending
TXN-00002827,CUST-000054,2026-01-03,156.48,entertainment,credit,GBP,failed
TXN-00002828,CUST-000474,2025-10-27,78.98,utilities,transfer,EUR,pending
TXN-00002829,CUST-000845,2024-12-10,22.93,entertainment,transfer,USD,pending
TXN-00002830,CUST-000052,2025-01-22,21.47,travel,transfer,EUR,completed
TXN-00002831,CUST-000808,2025-04-13,63.88,electronics,transfer,USD,completed
TXN-00002832,CUST-000160,2025-08-07,25.48,healthcare,transfer,EUR,pending
TXN-00002833,CUST-000404,2025-10-02,54.24,electronics,transfer,GBP,failed
TXN-00002834,CUST-000151,2025-12-03,109.15,utilities,debit,EUR,failed
TXN-00002835,CUST-000788,2025-10-21,29.41,travel,transfer,EUR,failed
TXN-00002836,CUST-000567,2025-09-02,8.08,healthcare,debit,GBP,completed
TXN-00002837,CUST-000466,2026-04-08,30.93,entertainment,transfer,USD,failed
TXN-00002838,CUST-000155,2025-05-20,20.27,healthcare,transfer,EUR,failed
TXN-00002839,CUST-000364,2025-06-21,17.32,entertainment,debit,EUR,completed
TXN-00002840,CUST-000177,2025-07-16,15.24,travel,debit,USD,pending
TXN-00002841,CUST-000878,2026-01-16,23.62,dining,debit,EUR,failed
TXN-00002842,CUST-000329,2024-10-19,46.69,utilities,credit,USD,completed
TXN-00002843,CUST-000758,2025-05-04,94.87,entertainment,debit,USD,pending
TXN-00002844,CUST-000302,2025-01-14,3.62,entertainment,debit,EUR,failed
TXN-00002845,CUST-000861,2025-02-23,34.88,healthcare,credit,USD,pending
TXN-00002846,CUST-000476,2025-12-12,119.12,dining,transfer,GBP,pending
TXN-00002847,CUST-000074,2024-10-22,113.31,travel,transfer,EUR,pending
TXN-00002848,CUST-000264,2024-08-11,193.9,dining,credit,GBP,failed
TXN-00002849,CUST-000215,2025-03-01,58.25,electronics,debit,EUR,pending
TXN-00002850,CUST-000486,2026-04-19,24.54,electronics,transfer,USD,completed
TXN-00002851,CUST-000429,2025-09-28,12.7,healthcare,debit,USD,failed
TXN-00002852,CUST-000138,2026-07-21,11.86,utilities,debit,USD,failed
TXN-00002853,CUST-000293,2025-04-14,15.24,entertainment,credit,USD,completed
TXN-00002854,CUST-000156,2026-03-22,39.78,utilities,transfer,GBP,pending
TXN-00002855,CUST-000239,2026-02-01,28.11,utilities,debit,GBP,pending
TXN-00002856,CUST-000177,2026-05-09,166.81,utilities,debit,USD,pending
TXN-00002857,CUST-000387,2025-08-30,39.42,utilities,transfer,EUR,completed
TXN-00002858,CUST-000200,2026-02-20,21.04,utilities,transfer,USD,completed
TXN-00002859,CUST-000280,2025-11-13,65.61,travel,transfer,USD,completed
TXN-00002860,CUST-000839,2025-11-03,41.99,travel,debit,USD,completed
TXN-00002861,CUST-000382,2026-07-13,66.68,grocery,transfer,EUR,failed
TXN-00002862,CUST-000158,2025-06-15,100.63,healthcare,credit,EUR,pending
TXN-00002863,CUST-000916,2024-08-19,14.95,healthcare,transfer,USD,pending
TXN-00002864,CUST-000317,2025-11-02,136.76,grocery,credit,USD,failed
TXN-00002865,CUST-000951,2025-01-09,34.82,dining,transfer,GBP,pending
TXN-00002866,CUST-000251,2025-03-20,85.67,entertainment,transfer,EUR,failed
TXN-00002867,CUST-000412,2025-07-16,151.24,grocery,transfer,EUR,failed
TXN-00002868,CUST-000133,2026-06-09,10.65,grocery,transfer,USD,failed
TXN-00002869,CUST-000953,2024-08-20,29.89,grocery,debit,USD,completed
TXN-00002870,CUST-000313,2025-07-29,43.53,travel,transfer,EUR,failed
TXN-00002871,CUST-000223,2026-04-17,52.33,utilities,credit,GBP,failed
TXN-00002872,CUST-000792,2026-03-13,21.75,dining,transfer,GBP,failed
TXN-00002873,CUST-000628,2024-10-10,12.35,grocery,transfer,USD,failed
TXN-00002874,CUST-000716,2024-10-11,6.96,grocery,debit,USD,pending
TXN-00002875,CUST-000433,2025-03-08,20.67,utilities,debit,GBP,completed
TXN-00002876,CUST-000064,2025-05-19,69.32,travel,transfer,EUR,completed
TXN-00002877,CUST-000894,2025-12-05,14.63,grocery,credit,USD,pending
TXN-00002878,CUST-000251,2025-05-12,35.46,electronics,transfer,GBP,completed
TXN-00002879,CUST-000948,2026-04-12,18.29,travel,transfer,GBP,failed
TXN-00002880,CUST-000064,2025-03-04,12.13,utilities,credit,USD,pending
TXN-00002881,CUST-000775,2024-10-22,29.49,travel,debit,GBP,completed
TXN-00002882,CUST-000904,2024-08-25,122.41,dining,transfer,USD,completed
TXN-00002883,CUST-000835,2026-03-04,26.45,grocery,transfer,EUR,failed
TXN-00002884,CUST-000117,2026-04-24,51.77,dining,debit,USD,pending
TXN-00002885,CUST-000566,2025-04-17,9.96,grocery,debit,USD,completed
TXN-00002886,CUST-000680,2025-03-10,33.43,travel,transfer,GBP,completed
TXN-00002887,CUST-000102,2025-08-09,159.84,utilities,debit,EUR,completed
TXN-00002888,CUST-000473,2026-07-27,109.74,grocery,transfer,EUR,pending
TXN-00002889,CUST-000726,2025-10-25,52.61,dining,credit,EUR,completed
TXN-00002890,CUST-000667,2025-01-26,191.88,travel,debit,GBP,failed
TXN-00002891,CUST-000536,2025-05-31,6.78,electronics,debit,USD,failed
TXN-00002892,CUST-000131,2025-01-30,30.53,dining,debit,EUR,failed
TXN-00002893,CUST-000712,2024-12-01,15.53,utilities,debit,GBP,failed
TXN-00002894,CUST-000307,2025-02-26,21.98,utilities,transfer,USD,failed
TXN-00002895,CUST-000842,2025-02-02,96.17,dining,credit,GBP,pending
TXN-00002896,CUST-000547,2026-02-23,27.35,entertainment,credit,GBP,completed
TXN-00002897,CUST-000142,2026-02-17,24.43,healthcare,transfer,GBP,failed
TXN-00002898,CUST-000913,2026-06-29,85.26,travel,transfer,EUR,failed
TXN-00002899,CUST-000446,2025-04-06,29.7,travel,transfer,GBP,completed
TXN-00002900,CUST-000456,2026-04-01,18.06,entertainment,transfer,EUR,pending
TXN-00002901,CUST-000605,2026-01-18,86.83,entertainment,credit,GBP,failed
TXN-00002902,CUST-000406,2025-06-09,31.54,healthcare,transfer,EUR,pending
TXN-00002903,CUST-000703,2025-12-19,46.11,electronics,transfer,GBP,failed
TXN-00002904,CUST-000292,2025-04-30,28.79,healthcare,debit,GBP,failed
TXN-00002905,CUST-000868,2026-02-24,20.89,travel,credit,EUR,failed
TXN-00002906,CUST-000967,2025-07-09,41.46,utilities,transfer,GBP,failed
TXN-00002907,CUST-000110,2025-01-18,37.3,electronics,credit,USD,failed
TXN-00002908,CUST-000171,2026-05-09,52.49,dining,debit,EUR,completed
TXN-00002909,CUST-000122,2025-02-08,19.38,dining,debit,EUR,pending
TXN-00002910,CUST-000297,2026-03-24,69.3,grocery,transfer,USD,pending
TXN-00002911,CUST-000548,2026-03-14,67.61,grocery,debit,USD,failed
TXN-00002912,CUST-000899,2025-04-22,37.43,entertainment,transfer,USD,pending
TXN-00002913,CUST-000495,2026-06-11,7.81,healthcare,debit,GBP,failed
TXN-00002914,CUST-000755,2024-11-29,26.67,utilities,debit,GBP,pending
TXN-00002915,CUST-000426,2024-10-02,79.94,entertainment,transfer,EUR,completed
TXN-00002916,CUST-000607,2024-12-10,25.84,electronics,credit,EUR,completed
TXN-00002917,CUST-000572,2025-04-06,15.57,entertainment,credit,GBP,failed
TXN-00002918,CUST-000865,2026-03-28,71.69,dining,transfer,USD,failed
TXN-00002919,CUST-000780,2025-09-14,29.99,grocery,transfer,USD,failed
TXN-00002920,CUST-000484,2025-03-08,41.51,electronics,transfer,USD,completed
TXN-00002921,CUST-000237,2025-07-08,21.21,electronics,debit,GBP,failed
TXN-00002922,CUST-000961,2025-10-15,9.83,utilities,credit,EUR,failed
TXN-00002923,CUST-000925,2025-11-19,25.87,grocery,credit,USD,completed
TXN-00002924,CUST-000120,2024-10-07,22.89,healthcare,credit,EUR,completed
TXN-00002925,CUST-000323,2025-08-02,44.13,entertainment,debit,EUR,pending
TXN-00002926,CUST-000315,2025-04-02,31.69,healthcare,credit,GBP,pending
TXN-00002927,CUST-000382,2024-12-10,46.27,electronics,debit,USD,completed
TXN-00002928,CUST-000548,2024-12-01,11.3,travel,debit,USD,failed
TXN-00002929,CUST-000849,2025-07-25,113.19,grocery,transfer,USD,pending
TXN-00002930,CUST-000131,2026-02-08,58.25,entertainment,transfer,USD,failed
TXN-00002931,CUST-000994,2026-06-02,31.2,entertainment,credit,GBP,failed
TXN-00002932,CUST-000559,2025-11-05,75.99,healthcare,credit,GBP,failed
TXN-00002933,CUST-000329,2025-09-23,36.22,healthcare,transfer,EUR,completed
TXN-00002934,CUST-000698,2026-02-15,57.13,entertainment,credit,USD,pending
TXN-00002935,CUST-000119,2026-08-03,87.77,electronics,transfer,USD,pending
TXN-00002936,CUST-000069,2025-04-04,36.96,electronics,credit,GBP,completed
TXN-00002937,CUST-000265,2024-12-04,29.89,dining,debit,EUR,failed
TXN-00002938,CUST-000220,2026-03-05,26.33,dining,transfer,GBP,failed
TXN-00002939,CUST-000874,2025-05-25,47.42,entertainment,credit,USD,pending
TXN-00002940,CUST-000595,2025-02-10,8.07,healthcare,credit,USD,pending
TXN-00002941,CUST-000297,2026-05-08,110.07,grocery,credit,USD,pending
TXN-00002942,CUST-000523,2026-07-03,35.18,grocery,transfer,USD,pending
TXN-00002943,CUST-000086,2025-09-24,35.62,travel,credit,USD,failed
TXN-00002944,CUST-000486,2024-09-15,35.69,entertainment,transfer,USD,pending
TXN-00002945,CUST-000814,2024-09-21,12.44,travel,debit,EUR,failed
TXN-00002946,CUST-000446,2025-01-18,8.38,electronics,debit,USD,pending
TXN-00002947,CUST-000709,2025-08-20,22.29,utilities,debit,EUR,failed
TXN-00002948,CUST-000232,2025-02-20,29.29,healthcare,debit,USD,failed
TXN-00002949,CUST-000579,2025-06-23,71.87,utilities,credit,USD,pending
TXN-00002950,CUST-000286,2024-09-20,90.64,utilities,credit,EUR,failed
TXN-00002951,CUST-000388,2025-02-15,142.59,dining,transfer,USD,pending
TXN-00002952,CUST-000230,2024-10-12,17.13,healthcare,transfer,GBP,pending
TXN-00002953,CUST-000910,2025-09-28,14.51,electronics,credit,USD,failed
TXN-00002954,CUST-000602,2024-10-07,54.14,utilities,debit,USD,completed
TXN-00002955,CUST-000546,2024-11-10,40.4,travel,transfer,USD,failed
TXN-00002956,CUST-000928,2024-11-20,46.66,utilities,debit,GBP,failed
TXN-00002957,CUST-000420,2025-09-24,45.44,electronics,debit,GBP,pending
TXN-00002958,CUST-000400,2025-03-29,56.84,entertainment,transfer,GBP,failed
TXN-00002959,CUST-000469,2026-05-19,40.54,healthcare,credit,EUR,pending
TXN-00002960,CUST-000651,2025-01-16,51.54,healthcare,debit,GBP,failed
TXN-00002961,CUST-000114,2025-12-28,13.8,healthcare,credit,GBP,failed
TXN-00002962,CUST-000624,2025-04-14,63.57,utilities,debit,USD,pending
TXN-00002963,CUST-000542,2026-01-06,38.62,entertainment,credit,USD,pending
TXN-00002964,CUST-000015,2025-01-02,53.26,electronics,credit,USD,pending
TXN-00002965,CUST-000814,2026-06-27,91.61,entertainment,debit,GBP,pending
TXN-00002966,CUST-000536,2026-05-06,17.06,travel,transfer,USD,completed
TXN-00002967,CUST-000541,2025-05-09,33.63,entertainment,transfer,USD,completed
TXN-00002968,CUST-000592,2025-02-05,32.31,electronics,credit,GBP,completed
TXN-00002969,CUST-000909,2024-12-03,177.88,healthcare,transfer,GBP,failed
TXN-00002970,CUST-000646,2025-03-03,27.73,electronics,credit,USD,failed
TXN-00002971,CUST-000883,2024-09-28,27.72,travel,debit,EUR,completed
TXN-00002972,CUST-000644,2024-11-11,63.91,healthcare,transfer,USD,failed
TXN-00002973,CUST-000476,2025-06-21,65.16,travel,transfer,EUR,completed
TXN-00002974,CUST-000765,2024-12-08,48.52,travel,transfer,USD,completed
TXN-00002975,CUST-000255,2025-02-22,127.29,entertainment,transfer,EUR,pending
TXN-00002976,CUST-000138,2025-08-16,44.4,grocery,debit,GBP,pending
TXN-00002977,CUST-000044,2024-11-18,45.95,electronics,transfer,USD,failed
TXN-00002978,CUST-000735,2025-05-25,16.09,grocery,debit,EUR,completed
TXN-00002979,CUST-000732,2025-02-03,30.29,electronics,transfer,GBP,pending
TXN-00002980,CUST-000211,2025-02-16,25.09,dining,debit,USD,failed
TXN-00002981,CUST-000358,2025-06-01,34.23,healthcare,debit,USD,pending
TXN-00002982,CUST-000248,2024-09-27,12.0,electronics,credit,USD,pending
TXN-00002983,CUST-000649,2025-10-19,103.3,travel,debit,GBP,pending
TXN-00002984,CUST-000882,2025-08-27,25.77,healthcare,credit,GBP,completed
TXN-00002985,CUST-000366,2024-12-24,5.97,grocery,credit,EUR,completed
TXN-00002986,CUST-000403,2024-11-21,128.81,travel,credit,EUR,completed
TXN-00002987,CUST-000468,2024-12-17,46.96,electronics,debit,EUR,completed
TXN-00002988,CUST-000534,2025-05-14,5.33,utilities,credit,USD,completed
TXN-00002989,CUST-000915,2025-04-20,11.91,utilities,debit,EUR,failed
TXN-00002990,CUST-000894,2025-10-22,27.97,electronics,debit,USD,completed
TXN-00002991,CUST-000686,2026-04-06,32.57,electronics,debit,EUR,pending
TXN-00002992,CUST-000214,2025-12-02,6.63,healthcare,debit,EUR,failed
TXN-00002993,CUST-000266,2025-12-26,51.57,healthcare,transfer,USD,failed
TXN-00002994,CUST-000325,2024-09-07,42.24,grocery,credit,EUR,pending
TXN-00002995,CUST-000267,2024-10-21,226.11,utilities,transfer,GBP,failed
TXN-00002996,CUST-000942,2026-07-06,34.22,electronics,transfer,GBP,pending
TXN-00002997,CUST-000784,2024-09-25,20.8,electronics,debit,GBP,completed
TXN-00002998,CUST-000852,2024-10-09,65.21,utilities,credit,USD,pending
TXN-00002999,CUST-000127,2026-05-16,18.71,grocery,transfer,EUR,failed
TXN-00003000,CUST-000983,2025-05-16,36.36,grocery,credit,EUR,failed
